{
  "calligraphers": [
    "智永",
    "柳公權",
    "歐陽詢",
    "沈尹默",
    "虞世南",
    "趙孟頫",
    "顏真卿"
  ],
  "labels": [
    "結構穩定度",
    "筆畫變化度",
    "細節豐富度",
    "細節vs結構",
    "字形完整度",
    "細節保留度",
    "收筆乾淨度"
  ],
  "feature_keys": [
    "low_freq",
    "mid_freq",
    "high_freq",
    "centroid",
    "dc_ratio",
    "slope",
    "hf_decay"
  ],
  "data": {
    "智永": [
      0.2228,
      0.7694,
      0.9019,
      0.7453,
      1.0,
      0.0663,
      0.8033
    ],
    "柳公權": [
      0.5874,
      0.3893,
      0.907,
      0.4531,
      0.4997,
      0.6689,
      0.4491
    ],
    "歐陽詢": [
      0.6451,
      0.3483,
      0.479,
      0.3692,
      0.3633,
      0.1421,
      0.0
    ],
    "沈尹默": [
      0.259,
      0.7273,
      1.0,
      0.8292,
      0.8047,
      0.7812,
      1.0
    ],
    "虞世南": [
      1.0,
      0.0,
      0.0,
      0.0,
      0.0,
      0.0,
      0.062
    ],
    "趙孟頫": [
      0.2901,
      0.7006,
      0.8737,
      0.7963,
      0.7152,
      0.3353,
      0.2822
    ],
    "顏真卿": [
      0.0,
      1.0,
      0.9356,
      1.0,
      0.2893,
      1.0,
      0.3151
    ]
  },
  "raw_data": {
    "智永": [
      0.98046,
      0.01854,
      0.001001,
      0.051989,
      6.19188,
      0.033812,
      0.011021
    ],
    "柳公權": [
      0.983376,
      0.015622,
      0.001003,
      0.048696,
      4.363325,
      0.035271,
      0.009372
    ],
    "歐陽詢": [
      0.983837,
      0.015307,
      0.000856,
      0.04775,
      3.864685,
      0.033996,
      0.00728
    ],
    "沈尹默": [
      0.980749,
      0.018217,
      0.001035,
      0.052936,
      5.4779,
      0.035543,
      0.011938
    ],
    "虞世南": [
      0.986676,
      0.012633,
      0.000691,
      0.043588,
      2.536925,
      0.033652,
      0.007569
    ],
    "趙孟頫": [
      0.980997,
      0.018011,
      0.000991,
      0.052565,
      5.151031,
      0.034463,
      0.008595
    ],
    "顏真卿": [
      0.978677,
      0.02031,
      0.001012,
      0.054861,
      3.594432,
      0.036073,
      0.008748
    ]
  },
  "std_data": {
    "智永": [
      0.0095,
      0.009171,
      0.000438,
      0.01516,
      6.539027,
      0.004328,
      0.005435
    ],
    "柳公權": [
      0.009703,
      0.009194,
      0.000696,
      0.017974,
      5.455139,
      0.003787,
      0.006392
    ],
    "歐陽詢": [
      0.009671,
      0.00929,
      0.000478,
      0.016601,
      5.92664,
      0.004191,
      0.005497
    ],
    "沈尹默": [
      0.010063,
      0.00966,
      0.00053,
      0.016851,
      8.50424,
      0.003811,
      0.014079
    ],
    "虞世南": [
      0.007404,
      0.007137,
      0.000295,
      0.013542,
      1.319518,
      0.003296,
      0.002987
    ],
    "趙孟頫": [
      0.0102,
      0.009817,
      0.000526,
      0.016717,
      6.282069,
      0.004284,
      0.003951
    ],
    "顏真卿": [
      0.01406,
      0.013617,
      0.000519,
      0.01916,
      7.072829,
      0.003811,
      0.006262
    ]
  },
  "anova_p": [
    0.0,
    0.0,
    2.3e-05,
    2e-06,
    0.003089,
    0.0,
    1e-06
  ],
  "eta_squared": [
    0.0419,
    0.0424,
    0.029,
    0.0341,
    0.0184,
    0.0425,
    0.0359
  ],
  "sample_sizes": {
    "柳公權": 185,
    "歐陽詢": 160,
    "沈尹默": 281,
    "顏真卿": 243,
    "虞世南": 68,
    "趙孟頫": 99,
    "智永": 30
  },
  "common_char_count": 30
}