{
  "calligraphers": [
    "智永",
    "歐陽詢",
    "沈尹默",
    "虞世南",
    "趙孟頫",
    "顏真卿"
  ],
  "labels": [
    "結構穩定度",
    "筆畫變化度",
    "細節豐富度",
    "細節vs結構",
    "字形完整度",
    "細節保留度",
    "收筆乾淨度"
  ],
  "feature_keys": [
    "low_freq",
    "mid_freq",
    "high_freq",
    "centroid",
    "dc_ratio",
    "slope",
    "hf_decay"
  ],
  "data": {
    "智永": [
      0.269,
      0.705,
      1.0,
      0.6057,
      0.9997,
      0.0,
      0.9646
    ],
    "歐陽詢": [
      0.6278,
      0.3745,
      0.291,
      0.3087,
      0.2882,
      0.5582,
      0.0
    ],
    "沈尹默": [
      0.1078,
      0.897,
      0.7071,
      0.9231,
      0.629,
      0.7209,
      1.0
    ],
    "虞世南": [
      1.0,
      0.0,
      0.0,
      0.0,
      0.0,
      0.1157,
      0.1783
    ],
    "趙孟頫": [
      0.0382,
      0.9617,
      0.8362,
      0.838,
      1.0,
      0.2381,
      0.4629
    ],
    "顏真卿": [
      0.0,
      1.0,
      0.8672,
      1.0,
      0.5107,
      1.0,
      0.5576
    ]
  },
  "raw_data": {
    "智永": [
      0.983673,
      0.01528,
      0.001047,
      0.045293,
      8.516363,
      0.033628,
      0.013545
    ],
    "歐陽詢": [
      0.985888,
      0.013358,
      0.000754,
      0.042582,
      4.989272,
      0.03483,
      0.008635
    ],
    "沈尹默": [
      0.982678,
      0.016396,
      0.000926,
      0.048191,
      6.678739,
      0.03518,
      0.013725
    ],
    "虞世南": [
      0.988187,
      0.01118,
      0.000633,
      0.039765,
      3.560286,
      0.033877,
      0.009542
    ],
    "趙孟頫": [
      0.982248,
      0.016773,
      0.000979,
      0.047414,
      8.517922,
      0.034141,
      0.010991
    ],
    "顏真卿": [
      0.982012,
      0.016996,
      0.000992,
      0.048893,
      6.09208,
      0.035781,
      0.011473
    ]
  }
}