{
  "calligraphers": [
    "智永",
    "柳公權",
    "歐陽詢",
    "沈尹默",
    "虞世南",
    "趙孟頫",
    "顏真卿"
  ],
  "labels": [
    "結構穩定度",
    "筆畫變化度",
    "細節豐富度",
    "細節vs結構",
    "字形完整度",
    "細節保留度",
    "收筆乾淨度"
  ],
  "feature_keys": [
    "low_freq",
    "mid_freq",
    "high_freq",
    "centroid",
    "dc_ratio",
    "slope",
    "hf_decay"
  ],
  "data": {
    "智永": [
      0.269,
      0.705,
      1.0,
      0.605,
      0.9998,
      0.0,
      1.0
    ],
    "柳公權": [
      0.3432,
      0.6531,
      0.6225,
      0.6528,
      0.2309,
      1.0,
      0.1724
    ],
    "歐陽詢": [
      0.6277,
      0.3746,
      0.2897,
      0.3076,
      0.2889,
      0.4638,
      0.0
    ],
    "沈尹默": [
      0.0128,
      0.9905,
      0.8087,
      0.9702,
      0.3758,
      0.7935,
      0.6072
    ],
    "虞世南": [
      1.0,
      0.0,
      0.0,
      0.0,
      0.0,
      0.0893,
      0.183
    ],
    "趙孟頫": [
      0.0357,
      0.9642,
      0.8371,
      0.8421,
      1.0,
      0.1983,
      0.4812
    ],
    "顏真卿": [
      0.0,
      1.0,
      0.867,
      1.0,
      0.5111,
      0.8309,
      0.5781
    ]
  },
  "raw_data": {
    "智永": [
      0.983673,
      0.01528,
      0.001047,
      0.045293,
      8.516363,
      0.033628,
      0.013545
    ],
    "柳公權": [
      0.984131,
      0.014978,
      0.000891,
      0.045729,
      4.701411,
      0.036219,
      0.009481
    ],
    "歐陽詢": [
      0.985888,
      0.013358,
      0.000754,
      0.042582,
      4.989272,
      0.03483,
      0.008635
    ],
    "沈尹默": [
      0.982091,
      0.01694,
      0.000968,
      0.048622,
      5.420437,
      0.035684,
      0.011616
    ],
    "虞世南": [
      0.988187,
      0.011179,
      0.000634,
      0.03978,
      3.556007,
      0.03386,
      0.009533
    ],
    "趙孟頫": [
      0.982233,
      0.016787,
      0.00098,
      0.047454,
      8.517593,
      0.034142,
      0.010998
    ],
    "顏真卿": [
      0.982012,
      0.016996,
      0.000992,
      0.048893,
      6.09208,
      0.035781,
      0.011473
    ]
  }
}