{
  "calligraphers": [
    "智永",
    "歐陽詢",
    "沈尹默",
    "虞世南",
    "趙孟頫",
    "顏真卿"
  ],
  "labels": [
    "結構穩定度",
    "筆畫變化度",
    "細節豐富度",
    "細節vs結構",
    "字形完整度",
    "細節保留度",
    "收筆乾淨度"
  ],
  "feature_keys": [
    "low_freq",
    "mid_freq",
    "high_freq",
    "centroid",
    "dc_ratio",
    "slope",
    "hf_decay"
  ],
  "data": {
    "智永": [
      0.558,
      0.4357,
      0.5486,
      0.4431,
      0.8025,
      0.187,
      0.6018
    ],
    "歐陽詢": [
      0.8612,
      0.14,
      0.1193,
      0.11,
      0.6912,
      0.2855,
      0.1721
    ],
    "沈尹默": [
      0.0,
      1.0,
      1.0,
      1.0,
      0.3991,
      1.0,
      1.0
    ],
    "虞世南": [
      1.0,
      0.0,
      0.0,
      0.0,
      0.0,
      0.0,
      0.0
    ],
    "趙孟頫": [
      0.4069,
      0.5932,
      0.5912,
      0.6692,
      0.7536,
      0.4288,
      0.4871
    ],
    "顏真卿": [
      0.4363,
      0.5686,
      0.479,
      0.5143,
      1.0,
      0.6878,
      0.8773
    ]
  },
  "raw_data": {
    "智永": [
      0.983109,
      0.015877,
      0.001014,
      0.047007,
      6.283032,
      0.033995,
      0.011237
    ],
    "歐陽詢": [
      0.987474,
      0.011855,
      0.000671,
      0.03939,
      5.874217,
      0.034405,
      0.008765
    ],
    "沈尹默": [
      0.975074,
      0.023551,
      0.001375,
      0.05974,
      4.801338,
      0.037378,
      0.013528
    ],
    "虞世南": [
      0.989473,
      0.009952,
      0.000575,
      0.036876,
      3.334897,
      0.033217,
      0.007775
    ],
    "趙孟頫": [
      0.980933,
      0.018019,
      0.001048,
      0.052176,
      6.1036,
      0.035001,
      0.010577
    ],
    "顏真卿": [
      0.981357,
      0.017685,
      0.000958,
      0.048636,
      7.008809,
      0.036079,
      0.012822
    ]
  }
}