cal,hex,gen,gt,content,style
zhiyong_00,05BD4,/home/intern_2603055/projects/tuijian/Digital-Calligraphy-FFT-Analysis/experiments/generated/zhiyong_00__05BD4.png,/home/intern_2603055/projects/tuijian/Digital-Calligraphy-FFT-Analysis/data/paired/target/zhiyong_00/05BD4_char_0567.png,/home/intern_2603055/projects/tuijian/Digital-Calligraphy-FFT-Analysis/data/paired/source/05BD4.png,/home/intern_2603055/projects/tuijian/Digital-Calligraphy-FFT-Analysis/data/paired/target/zhiyong_00/080FD_char_0174.png
zhiyong_00,0532A,/home/intern_2603055/projects/tuijian/Digital-Calligraphy-FFT-Analysis/experiments/generated/zhiyong_00__0532A.png,/home/intern_2603055/projects/tuijian/Digital-Calligraphy-FFT-Analysis/data/paired/target/zhiyong_00/0532A_char_0383.png,/home/intern_2603055/projects/tuijian/Digital-Calligraphy-FFT-Analysis/data/paired/source/0532A.png,/home/intern_2603055/projects/tuijian/Digital-Calligraphy-FFT-Analysis/data/paired/target/zhiyong_00/076E1_char_0255.png
zhiyong_00,07530,/home/intern_2603055/projects/tuijian/Digital-Calligraphy-FFT-Analysis/experiments/generated/zhiyong_00__07530.png,/home/intern_2603055/projects/tuijian/Digital-Calligraphy-FFT-Analysis/data/paired/target/zhiyong_00/07530_char_0630.png,/home/intern_2603055/projects/tuijian/Digital-Calligraphy-FFT-Analysis/data/paired/source/07530.png,/home/intern_2603055/projects/tuijian/Digital-Calligraphy-FFT-Analysis/data/paired/target/zhiyong_00/06F54_char_0836.png
zhiyong_00,0528D,/home/intern_2603055/projects/tuijian/Digital-Calligraphy-FFT-Analysis/experiments/generated/zhiyong_00__0528D.png,/home/intern_2603055/projects/tuijian/Digital-Calligraphy-FFT-Analysis/data/paired/target/zhiyong_00/0528D_char_0049.png,/home/intern_2603055/projects/tuijian/Digital-Calligraphy-FFT-Analysis/data/paired/source/0528D.png,/home/intern_2603055/projects/tuijian/Digital-Calligraphy-FFT-Analysis/data/paired/target/zhiyong_00/07D19_char_0924.png
zhiyong_00,06D77,/home/intern_2603055/projects/tuijian/Digital-Calligraphy-FFT-Analysis/experiments/generated/zhiyong_00__06D77.png,/home/intern_2603055/projects/tuijian/Digital-Calligraphy-FFT-Analysis/data/paired/target/zhiyong_00/06D77_char_0065.png,/home/intern_2603055/projects/tuijian/Digital-Calligraphy-FFT-Analysis/data/paired/source/06D77.png,/home/intern_2603055/projects/tuijian/Digital-Calligraphy-FFT-Analysis/data/paired/target/zhiyong_00/05BEB_char_0434.png
zhiyong_00,052FF,/home/intern_2603055/projects/tuijian/Digital-Calligraphy-FFT-Analysis/experiments/generated/zhiyong_00__052FF.png,/home/intern_2603055/projects/tuijian/Digital-Calligraphy-FFT-Analysis/data/paired/target/zhiyong_00/052FF_char_0564.png,/home/intern_2603055/projects/tuijian/Digital-Calligraphy-FFT-Analysis/data/paired/source/052FF.png,/home/intern_2603055/projects/tuijian/Digital-Calligraphy-FFT-Analysis/data/paired/target/zhiyong_00/07279_char_0900.png
zhiyong_00,0610F,/home/intern_2603055/projects/tuijian/Digital-Calligraphy-FFT-Analysis/experiments/generated/zhiyong_00__0610F.png,/home/intern_2603055/projects/tuijian/Digital-Calligraphy-FFT-Analysis/data/paired/target/zhiyong_00/0610F_char_0399.png,/home/intern_2603055/projects/tuijian/Digital-Calligraphy-FFT-Analysis/data/paired/source/0610F.png,/home/intern_2603055/projects/tuijian/Digital-Calligraphy-FFT-Analysis/data/paired/target/zhiyong_00/080FD_char_0174.png
zhiyong_00,05178,/home/intern_2603055/projects/tuijian/Digital-Calligraphy-FFT-Analysis/experiments/generated/zhiyong_00__05178.png,/home/intern_2603055/projects/tuijian/Digital-Calligraphy-FFT-Analysis/data/paired/target/zhiyong_00/05178_char_0476.png,/home/intern_2603055/projects/tuijian/Digital-Calligraphy-FFT-Analysis/data/paired/source/05178.png,/home/intern_2603055/projects/tuijian/Digital-Calligraphy-FFT-Analysis/data/paired/target/zhiyong_00/07AEF_char_0214.png
zhiyong_00,08AD6,/home/intern_2603055/projects/tuijian/Digital-Calligraphy-FFT-Analysis/experiments/generated/zhiyong_00__08AD6.png,/home/intern_2603055/projects/tuijian/Digital-Calligraphy-FFT-Analysis/data/paired/target/zhiyong_00/08AD6_char_0740.png,/home/intern_2603055/projects/tuijian/Digital-Calligraphy-FFT-Analysis/data/paired/source/08AD6.png,/home/intern_2603055/projects/tuijian/Digital-Calligraphy-FFT-Analysis/data/paired/target/zhiyong_00/05229_char_0931.png
zhiyong_00,04ED5,/home/intern_2603055/projects/tuijian/Digital-Calligraphy-FFT-Analysis/experiments/generated/zhiyong_00__04ED5.png,/home/intern_2603055/projects/tuijian/Digital-Calligraphy-FFT-Analysis/data/paired/target/zhiyong_00/04ED5_char_0308.png,/home/intern_2603055/projects/tuijian/Digital-Calligraphy-FFT-Analysis/data/paired/source/04ED5.png,/home/intern_2603055/projects/tuijian/Digital-Calligraphy-FFT-Analysis/data/paired/target/zhiyong_00/0921E_char_0925.png
zhiyong_00,0592B,/home/intern_2603055/projects/tuijian/Digital-Calligraphy-FFT-Analysis/experiments/generated/zhiyong_00__0592B.png,/home/intern_2603055/projects/tuijian/Digital-Calligraphy-FFT-Analysis/data/paired/target/zhiyong_00/0592B_char_0333.png,/home/intern_2603055/projects/tuijian/Digital-Calligraphy-FFT-Analysis/data/paired/source/0592B.png,/home/intern_2603055/projects/tuijian/Digital-Calligraphy-FFT-Analysis/data/paired/target/zhiyong_00/06B65_char_0970.png
zhiyong_00,04EAD,/home/intern_2603055/projects/tuijian/Digital-Calligraphy-FFT-Analysis/experiments/generated/zhiyong_00__04EAD.png,/home/intern_2603055/projects/tuijian/Digital-Calligraphy-FFT-Analysis/data/paired/target/zhiyong_00/04EAD_char_0624.png,/home/intern_2603055/projects/tuijian/Digital-Calligraphy-FFT-Analysis/data/paired/source/04EAD.png,/home/intern_2603055/projects/tuijian/Digital-Calligraphy-FFT-Analysis/data/paired/target/zhiyong_00/053EF_char_0187.png
zhiyong_00,06A02,/home/intern_2603055/projects/tuijian/Digital-Calligraphy-FFT-Analysis/experiments/generated/zhiyong_00__06A02.png,/home/intern_2603055/projects/tuijian/Digital-Calligraphy-FFT-Analysis/data/paired/target/zhiyong_00/06A02_char_0321.png,/home/intern_2603055/projects/tuijian/Digital-Calligraphy-FFT-Analysis/data/paired/source/06A02.png,/home/intern_2603055/projects/tuijian/Digital-Calligraphy-FFT-Analysis/data/paired/target/zhiyong_00/05510_char_0096.png
zhiyong_00,0653F,/home/intern_2603055/projects/tuijian/Digital-Calligraphy-FFT-Analysis/experiments/generated/zhiyong_00__0653F.png,/home/intern_2603055/projects/tuijian/Digital-Calligraphy-FFT-Analysis/data/paired/target/zhiyong_00/0653F_char_0312.png,/home/intern_2603055/projects/tuijian/Digital-Calligraphy-FFT-Analysis/data/paired/source/0653F.png,/home/intern_2603055/projects/tuijian/Digital-Calligraphy-FFT-Analysis/data/paired/target/zhiyong_00/04F55_char_0585.png
zhiyong_00,0820D,/home/intern_2603055/projects/tuijian/Digital-Calligraphy-FFT-Analysis/experiments/generated/zhiyong_00__0820D.png,/home/intern_2603055/projects/tuijian/Digital-Calligraphy-FFT-Analysis/data/paired/target/zhiyong_00/0820D_char_0442.png,/home/intern_2603055/projects/tuijian/Digital-Calligraphy-FFT-Analysis/data/paired/source/0820D.png,/home/intern_2603055/projects/tuijian/Digital-Calligraphy-FFT-Analysis/data/paired/target/zhiyong_00/05E78_char_0719.png
zhiyong_00,0797F,/home/intern_2603055/projects/tuijian/Digital-Calligraphy-FFT-Analysis/experiments/generated/zhiyong_00__0797F.png,/home/intern_2603055/projects/tuijian/Digital-Calligraphy-FFT-Analysis/data/paired/target/zhiyong_00/0797F_char_0514.png,/home/intern_2603055/projects/tuijian/Digital-Calligraphy-FFT-Analysis/data/paired/source/0797F.png,/home/intern_2603055/projects/tuijian/Digital-Calligraphy-FFT-Analysis/data/paired/target/zhiyong_00/05BB6_char_0501.png
zhiyong_00,0512A,/home/intern_2603055/projects/tuijian/Digital-Calligraphy-FFT-Analysis/experiments/generated/zhiyong_00__0512A.png,/home/intern_2603055/projects/tuijian/Digital-Calligraphy-FFT-Analysis/data/paired/target/zhiyong_00/0512A_char_0306.png,/home/intern_2603055/projects/tuijian/Digital-Calligraphy-FFT-Analysis/data/paired/source/0512A.png,/home/intern_2603055/projects/tuijian/Digital-Calligraphy-FFT-Analysis/data/paired/target/zhiyong_00/09020_char_0373.png
zhiyong_00,05C65,/home/intern_2603055/projects/tuijian/Digital-Calligraphy-FFT-Analysis/experiments/generated/zhiyong_00__05C65.png,/home/intern_2603055/projects/tuijian/Digital-Calligraphy-FFT-Analysis/data/paired/target/zhiyong_00/05C65_char_0259.png,/home/intern_2603055/projects/tuijian/Digital-Calligraphy-FFT-Analysis/data/paired/source/05C65.png,/home/intern_2603055/projects/tuijian/Digital-Calligraphy-FFT-Analysis/data/paired/target/zhiyong_00/06EAB_char_0263.png
zhiyong_00,082F1,/home/intern_2603055/projects/tuijian/Digital-Calligraphy-FFT-Analysis/experiments/generated/zhiyong_00__082F1.png,/home/intern_2603055/projects/tuijian/Digital-Calligraphy-FFT-Analysis/data/paired/target/zhiyong_00/082F1_char_0480.png,/home/intern_2603055/projects/tuijian/Digital-Calligraphy-FFT-Analysis/data/paired/source/082F1.png,/home/intern_2603055/projects/tuijian/Digital-Calligraphy-FFT-Analysis/data/paired/target/zhiyong_00/096B8_char_0484.png
zhiyong_00,0529F,/home/intern_2603055/projects/tuijian/Digital-Calligraphy-FFT-Analysis/experiments/generated/zhiyong_00__0529F.png,/home/intern_2603055/projects/tuijian/Digital-Calligraphy-FFT-Analysis/data/paired/target/zhiyong_00/0529F_char_0522.png,/home/intern_2603055/projects/tuijian/Digital-Calligraphy-FFT-Analysis/data/paired/source/0529F.png,/home/intern_2603055/projects/tuijian/Digital-Calligraphy-FFT-Analysis/data/paired/target/zhiyong_00/06A5F_char_0724.png
zhiyong_00,09918,/home/intern_2603055/projects/tuijian/Digital-Calligraphy-FFT-Analysis/experiments/generated/zhiyong_00__09918.png,/home/intern_2603055/projects/tuijian/Digital-Calligraphy-FFT-Analysis/data/paired/target/zhiyong_00/09918_char_0026.png,/home/intern_2603055/projects/tuijian/Digital-Calligraphy-FFT-Analysis/data/paired/source/09918.png,/home/intern_2603055/projects/tuijian/Digital-Calligraphy-FFT-Analysis/data/paired/target/zhiyong_00/05BF6_char_0236.png
zhiyong_00,079AA,/home/intern_2603055/projects/tuijian/Digital-Calligraphy-FFT-Analysis/experiments/generated/zhiyong_00__079AA.png,/home/intern_2603055/projects/tuijian/Digital-Calligraphy-FFT-Analysis/data/paired/target/zhiyong_00/079AA_char_0621.png,/home/intern_2603055/projects/tuijian/Digital-Calligraphy-FFT-Analysis/data/paired/source/079AA.png,/home/intern_2603055/projects/tuijian/Digital-Calligraphy-FFT-Analysis/data/paired/target/zhiyong_00/0554F_char_0107.png
zhiyong_00,06F54,/home/intern_2603055/projects/tuijian/Digital-Calligraphy-FFT-Analysis/experiments/generated/zhiyong_00__06F54.png,/home/intern_2603055/projects/tuijian/Digital-Calligraphy-FFT-Analysis/data/paired/target/zhiyong_00/06F54_char_0836.png,/home/intern_2603055/projects/tuijian/Digital-Calligraphy-FFT-Analysis/data/paired/source/06F54.png,/home/intern_2603055/projects/tuijian/Digital-Calligraphy-FFT-Analysis/data/paired/target/zhiyong_00/05BB6_char_0501.png
zhiyong_00,09817,/home/intern_2603055/projects/tuijian/Digital-Calligraphy-FFT-Analysis/experiments/generated/zhiyong_00__09817.png,/home/intern_2603055/projects/tuijian/Digital-Calligraphy-FFT-Analysis/data/paired/target/zhiyong_00/09817_char_0595.png,/home/intern_2603055/projects/tuijian/Digital-Calligraphy-FFT-Analysis/data/paired/source/09817.png,/home/intern_2603055/projects/tuijian/Digital-Calligraphy-FFT-Analysis/data/paired/target/zhiyong_00/091D1_char_0041.png
zhiyong_00,0964B,/home/intern_2603055/projects/tuijian/Digital-Calligraphy-FFT-Analysis/experiments/generated/zhiyong_00__0964B.png,/home/intern_2603055/projects/tuijian/Digital-Calligraphy-FFT-Analysis/data/paired/target/zhiyong_00/0964B_char_0986.png,/home/intern_2603055/projects/tuijian/Digital-Calligraphy-FFT-Analysis/data/paired/source/0964B.png,/home/intern_2603055/projects/tuijian/Digital-Calligraphy-FFT-Analysis/data/paired/target/zhiyong_00/05373_char_0720.png
zhiyong_00,05B89,/home/intern_2603055/projects/tuijian/Digital-Calligraphy-FFT-Analysis/experiments/generated/zhiyong_00__05B89.png,/home/intern_2603055/projects/tuijian/Digital-Calligraphy-FFT-Analysis/data/paired/target/zhiyong_00/05B89_char_0287.png,/home/intern_2603055/projects/tuijian/Digital-Calligraphy-FFT-Analysis/data/paired/source/05B89.png,/home/intern_2603055/projects/tuijian/Digital-Calligraphy-FFT-Analysis/data/paired/target/zhiyong_00/08C48_char_0157.png
zhiyong_00,06240,/home/intern_2603055/projects/tuijian/Digital-Calligraphy-FFT-Analysis/experiments/generated/zhiyong_00__06240.png,/home/intern_2603055/projects/tuijian/Digital-Calligraphy-FFT-Analysis/data/paired/target/zhiyong_00/06240_char_0299.png,/home/intern_2603055/projects/tuijian/Digital-Calligraphy-FFT-Analysis/data/paired/source/06240.png,/home/intern_2603055/projects/tuijian/Digital-Calligraphy-FFT-Analysis/data/paired/target/zhiyong_00/09748_char_0440.png
zhiyong_00,04E0A,/home/intern_2603055/projects/tuijian/Digital-Calligraphy-FFT-Analysis/experiments/generated/zhiyong_00__04E0A.png,/home/intern_2603055/projects/tuijian/Digital-Calligraphy-FFT-Analysis/data/paired/target/zhiyong_00/04E0A_char_0329.png,/home/intern_2603055/projects/tuijian/Digital-Calligraphy-FFT-Analysis/data/paired/source/04E0A.png,/home/intern_2603055/projects/tuijian/Digital-Calligraphy-FFT-Analysis/data/paired/target/zhiyong_00/08AD6_char_0740.png
zhiyong_00,05B57,/home/intern_2603055/projects/tuijian/Digital-Calligraphy-FFT-Analysis/experiments/generated/zhiyong_00__05B57.png,/home/intern_2603055/projects/tuijian/Digital-Calligraphy-FFT-Analysis/data/paired/target/zhiyong_00/05B57_char_0084.png,/home/intern_2603055/projects/tuijian/Digital-Calligraphy-FFT-Analysis/data/paired/source/05B57.png,/home/intern_2603055/projects/tuijian/Digital-Calligraphy-FFT-Analysis/data/paired/target/zhiyong_00/09EDC_char_0671.png
zhiyong_00,07AE0,/home/intern_2603055/projects/tuijian/Digital-Calligraphy-FFT-Analysis/experiments/generated/zhiyong_00__07AE0.png,/home/intern_2603055/projects/tuijian/Digital-Calligraphy-FFT-Analysis/data/paired/target/zhiyong_00/07AE0_char_0112.png,/home/intern_2603055/projects/tuijian/Digital-Calligraphy-FFT-Analysis/data/paired/source/07AE0.png,/home/intern_2603055/projects/tuijian/Digital-Calligraphy-FFT-Analysis/data/paired/target/zhiyong_00/05BB0_char_0812.png
ouyang_xun_03,07687,/home/intern_2603055/projects/tuijian/Digital-Calligraphy-FFT-Analysis/experiments/generated/ouyang_xun_03__07687.png,/home/intern_2603055/projects/tuijian/Digital-Calligraphy-FFT-Analysis/data/paired/target/ouyang_xun_03/07687_char_0170.png,/home/intern_2603055/projects/tuijian/Digital-Calligraphy-FFT-Analysis/data/paired/source/07687.png,/home/intern_2603055/projects/tuijian/Digital-Calligraphy-FFT-Analysis/data/paired/target/ouyang_xun_03/08C48_char_0797.png
ouyang_xun_03,0842C,/home/intern_2603055/projects/tuijian/Digital-Calligraphy-FFT-Analysis/experiments/generated/ouyang_xun_03__0842C.png,/home/intern_2603055/projects/tuijian/Digital-Calligraphy-FFT-Analysis/data/paired/target/ouyang_xun_03/0842C_char_0604.png,/home/intern_2603055/projects/tuijian/Digital-Calligraphy-FFT-Analysis/data/paired/source/0842C.png,/home/intern_2603055/projects/tuijian/Digital-Calligraphy-FFT-Analysis/data/paired/target/ouyang_xun_03/0798F_char_0960.png
ouyang_xun_03,06587,/home/intern_2603055/projects/tuijian/Digital-Calligraphy-FFT-Analysis/experiments/generated/ouyang_xun_03__06587.png,/home/intern_2603055/projects/tuijian/Digital-Calligraphy-FFT-Analysis/data/paired/target/ouyang_xun_03/06587_char_0881.png,/home/intern_2603055/projects/tuijian/Digital-Calligraphy-FFT-Analysis/data/paired/source/06587.png,/home/intern_2603055/projects/tuijian/Digital-Calligraphy-FFT-Analysis/data/paired/target/ouyang_xun_03/05584_char_0990.png
ouyang_xun_03,06B64,/home/intern_2603055/projects/tuijian/Digital-Calligraphy-FFT-Analysis/experiments/generated/ouyang_xun_03__06B64.png,/home/intern_2603055/projects/tuijian/Digital-Calligraphy-FFT-Analysis/data/paired/target/ouyang_xun_03/06B64_char_0430.png,/home/intern_2603055/projects/tuijian/Digital-Calligraphy-FFT-Analysis/data/paired/source/06B64.png,/home/intern_2603055/projects/tuijian/Digital-Calligraphy-FFT-Analysis/data/paired/target/ouyang_xun_03/05FC5_char_0365.png
ouyang_xun_03,06F5B,/home/intern_2603055/projects/tuijian/Digital-Calligraphy-FFT-Analysis/experiments/generated/ouyang_xun_03__06F5B.png,/home/intern_2603055/projects/tuijian/Digital-Calligraphy-FFT-Analysis/data/paired/target/ouyang_xun_03/06F5B_char_0911.png,/home/intern_2603055/projects/tuijian/Digital-Calligraphy-FFT-Analysis/data/paired/source/06F5B.png,/home/intern_2603055/projects/tuijian/Digital-Calligraphy-FFT-Analysis/data/paired/target/ouyang_xun_03/09EC3_char_1045.png
ouyang_xun_03,06708,/home/intern_2603055/projects/tuijian/Digital-Calligraphy-FFT-Analysis/experiments/generated/ouyang_xun_03__06708.png,/home/intern_2603055/projects/tuijian/Digital-Calligraphy-FFT-Analysis/data/paired/target/ouyang_xun_03/06708_char_0032.png,/home/intern_2603055/projects/tuijian/Digital-Calligraphy-FFT-Analysis/data/paired/source/06708.png,/home/intern_2603055/projects/tuijian/Digital-Calligraphy-FFT-Analysis/data/paired/target/ouyang_xun_03/080FD_char_0167.png
ouyang_xun_03,09AD4,/home/intern_2603055/projects/tuijian/Digital-Calligraphy-FFT-Analysis/experiments/generated/ouyang_xun_03__09AD4.png,/home/intern_2603055/projects/tuijian/Digital-Calligraphy-FFT-Analysis/data/paired/target/ouyang_xun_03/09AD4_char_0152.png,/home/intern_2603055/projects/tuijian/Digital-Calligraphy-FFT-Analysis/data/paired/source/09AD4.png,/home/intern_2603055/projects/tuijian/Digital-Calligraphy-FFT-Analysis/data/paired/target/ouyang_xun_03/0570B_char_0818.png
ouyang_xun_03,07F6A,/home/intern_2603055/projects/tuijian/Digital-Calligraphy-FFT-Analysis/experiments/generated/ouyang_xun_03__07F6A.png,/home/intern_2603055/projects/tuijian/Digital-Calligraphy-FFT-Analysis/data/paired/target/ouyang_xun_03/07F6A_char_0640.png,/home/intern_2603055/projects/tuijian/Digital-Calligraphy-FFT-Analysis/data/paired/source/07F6A.png,/home/intern_2603055/projects/tuijian/Digital-Calligraphy-FFT-Analysis/data/paired/target/ouyang_xun_03/09050_char_0745.png
ouyang_xun_03,07387,/home/intern_2603055/projects/tuijian/Digital-Calligraphy-FFT-Analysis/experiments/generated/ouyang_xun_03__07387.png,/home/intern_2603055/projects/tuijian/Digital-Calligraphy-FFT-Analysis/data/paired/target/ouyang_xun_03/07387_char_1088.png,/home/intern_2603055/projects/tuijian/Digital-Calligraphy-FFT-Analysis/data/paired/source/07387.png,/home/intern_2603055/projects/tuijian/Digital-Calligraphy-FFT-Analysis/data/paired/target/ouyang_xun_03/05FB7_char_0796.png
ouyang_xun_03,077E5,/home/intern_2603055/projects/tuijian/Digital-Calligraphy-FFT-Analysis/experiments/generated/ouyang_xun_03__077E5.png,/home/intern_2603055/projects/tuijian/Digital-Calligraphy-FFT-Analysis/data/paired/target/ouyang_xun_03/077E5_char_0930.png,/home/intern_2603055/projects/tuijian/Digital-Calligraphy-FFT-Analysis/data/paired/source/077E5.png,/home/intern_2603055/projects/tuijian/Digital-Calligraphy-FFT-Analysis/data/paired/target/ouyang_xun_03/08C37_char_0458.png
ouyang_xun_03,05728,/home/intern_2603055/projects/tuijian/Digital-Calligraphy-FFT-Analysis/experiments/generated/ouyang_xun_03__05728.png,/home/intern_2603055/projects/tuijian/Digital-Calligraphy-FFT-Analysis/data/paired/target/ouyang_xun_03/05728_char_1079.png,/home/intern_2603055/projects/tuijian/Digital-Calligraphy-FFT-Analysis/data/paired/source/05728.png,/home/intern_2603055/projects/tuijian/Digital-Calligraphy-FFT-Analysis/data/paired/target/ouyang_xun_03/05782_char_0425.png
ouyang_xun_03,06BC0,/home/intern_2603055/projects/tuijian/Digital-Calligraphy-FFT-Analysis/experiments/generated/ouyang_xun_03__06BC0.png,/home/intern_2603055/projects/tuijian/Digital-Calligraphy-FFT-Analysis/data/paired/target/ouyang_xun_03/06BC0_char_0355.png,/home/intern_2603055/projects/tuijian/Digital-Calligraphy-FFT-Analysis/data/paired/source/06BC0.png,/home/intern_2603055/projects/tuijian/Digital-Calligraphy-FFT-Analysis/data/paired/target/ouyang_xun_03/05DF1_char_0499.png
ouyang_xun_03,09053,/home/intern_2603055/projects/tuijian/Digital-Calligraphy-FFT-Analysis/experiments/generated/ouyang_xun_03__09053.png,/home/intern_2603055/projects/tuijian/Digital-Calligraphy-FFT-Analysis/data/paired/target/ouyang_xun_03/09053_char_0902.png,/home/intern_2603055/projects/tuijian/Digital-Calligraphy-FFT-Analysis/data/paired/source/09053.png,/home/intern_2603055/projects/tuijian/Digital-Calligraphy-FFT-Analysis/data/paired/target/ouyang_xun_03/051FA_char_0652.png
ouyang_xun_03,098DF,/home/intern_2603055/projects/tuijian/Digital-Calligraphy-FFT-Analysis/experiments/generated/ouyang_xun_03__098DF.png,/home/intern_2603055/projects/tuijian/Digital-Calligraphy-FFT-Analysis/data/paired/target/ouyang_xun_03/098DF_char_0689.png,/home/intern_2603055/projects/tuijian/Digital-Calligraphy-FFT-Analysis/data/paired/source/098DF.png,/home/intern_2603055/projects/tuijian/Digital-Calligraphy-FFT-Analysis/data/paired/target/ouyang_xun_03/09F8D_char_0967.png
ouyang_xun_03,060DF,/home/intern_2603055/projects/tuijian/Digital-Calligraphy-FFT-Analysis/experiments/generated/ouyang_xun_03__060DF.png,/home/intern_2603055/projects/tuijian/Digital-Calligraphy-FFT-Analysis/data/paired/target/ouyang_xun_03/060DF_char_0837.png,/home/intern_2603055/projects/tuijian/Digital-Calligraphy-FFT-Analysis/data/paired/source/060DF.png,/home/intern_2603055/projects/tuijian/Digital-Calligraphy-FFT-Analysis/data/paired/target/ouyang_xun_03/056DB_char_0178.png
ouyang_xun_03,04EBA,/home/intern_2603055/projects/tuijian/Digital-Calligraphy-FFT-Analysis/experiments/generated/ouyang_xun_03__04EBA.png,/home/intern_2603055/projects/tuijian/Digital-Calligraphy-FFT-Analysis/data/paired/target/ouyang_xun_03/04EBA_char_0478.png,/home/intern_2603055/projects/tuijian/Digital-Calligraphy-FFT-Analysis/data/paired/source/04EBA.png,/home/intern_2603055/projects/tuijian/Digital-Calligraphy-FFT-Analysis/data/paired/target/ouyang_xun_03/07537_char_1093.png
ouyang_xun_03,05E2B,/home/intern_2603055/projects/tuijian/Digital-Calligraphy-FFT-Analysis/experiments/generated/ouyang_xun_03__05E2B.png,/home/intern_2603055/projects/tuijian/Digital-Calligraphy-FFT-Analysis/data/paired/target/ouyang_xun_03/05E2B_char_0717.png,/home/intern_2603055/projects/tuijian/Digital-Calligraphy-FFT-Analysis/data/paired/source/05E2B.png,/home/intern_2603055/projects/tuijian/Digital-Calligraphy-FFT-Analysis/data/paired/target/ouyang_xun_03/05149_char_0707.png
ouyang_xun_03,081F4,/home/intern_2603055/projects/tuijian/Digital-Calligraphy-FFT-Analysis/experiments/generated/ouyang_xun_03__081F4.png,/home/intern_2603055/projects/tuijian/Digital-Calligraphy-FFT-Analysis/data/paired/target/ouyang_xun_03/081F4_char_0481.png,/home/intern_2603055/projects/tuijian/Digital-Calligraphy-FFT-Analysis/data/paired/source/081F4.png,/home/intern_2603055/projects/tuijian/Digital-Calligraphy-FFT-Analysis/data/paired/target/ouyang_xun_03/09E97_char_0413.png
ouyang_xun_03,09EC3,/home/intern_2603055/projects/tuijian/Digital-Calligraphy-FFT-Analysis/experiments/generated/ouyang_xun_03__09EC3.png,/home/intern_2603055/projects/tuijian/Digital-Calligraphy-FFT-Analysis/data/paired/target/ouyang_xun_03/09EC3_char_1045.png,/home/intern_2603055/projects/tuijian/Digital-Calligraphy-FFT-Analysis/data/paired/source/09EC3.png,/home/intern_2603055/projects/tuijian/Digital-Calligraphy-FFT-Analysis/data/paired/target/ouyang_xun_03/05730_char_0228.png
ouyang_xun_03,06C34,/home/intern_2603055/projects/tuijian/Digital-Calligraphy-FFT-Analysis/experiments/generated/ouyang_xun_03__06C34.png,/home/intern_2603055/projects/tuijian/Digital-Calligraphy-FFT-Analysis/data/paired/target/ouyang_xun_03/06C34_char_0466.png,/home/intern_2603055/projects/tuijian/Digital-Calligraphy-FFT-Analysis/data/paired/source/06C34.png,/home/intern_2603055/projects/tuijian/Digital-Calligraphy-FFT-Analysis/data/paired/target/ouyang_xun_03/096E8_char_0271.png
ouyang_xun_03,05468,/home/intern_2603055/projects/tuijian/Digital-Calligraphy-FFT-Analysis/experiments/generated/ouyang_xun_03__05468.png,/home/intern_2603055/projects/tuijian/Digital-Calligraphy-FFT-Analysis/data/paired/target/ouyang_xun_03/05468_char_0068.png,/home/intern_2603055/projects/tuijian/Digital-Calligraphy-FFT-Analysis/data/paired/source/05468.png,/home/intern_2603055/projects/tuijian/Digital-Calligraphy-FFT-Analysis/data/paired/target/ouyang_xun_03/05EFA_char_0069.png
ouyang_xun_03,06B32,/home/intern_2603055/projects/tuijian/Digital-Calligraphy-FFT-Analysis/experiments/generated/ouyang_xun_03__06B32.png,/home/intern_2603055/projects/tuijian/Digital-Calligraphy-FFT-Analysis/data/paired/target/ouyang_xun_03/06B32_char_0125.png,/home/intern_2603055/projects/tuijian/Digital-Calligraphy-FFT-Analysis/data/paired/source/06B32.png,/home/intern_2603055/projects/tuijian/Digital-Calligraphy-FFT-Analysis/data/paired/target/ouyang_xun_03/07F6A_char_0640.png
ouyang_xun_03,06D77,/home/intern_2603055/projects/tuijian/Digital-Calligraphy-FFT-Analysis/experiments/generated/ouyang_xun_03__06D77.png,/home/intern_2603055/projects/tuijian/Digital-Calligraphy-FFT-Analysis/data/paired/target/ouyang_xun_03/06D77_char_0193.png,/home/intern_2603055/projects/tuijian/Digital-Calligraphy-FFT-Analysis/data/paired/source/06D77.png,/home/intern_2603055/projects/tuijian/Digital-Calligraphy-FFT-Analysis/data/paired/target/ouyang_xun_03/0990A_char_0589.png
ouyang_xun_03,09670,/home/intern_2603055/projects/tuijian/Digital-Calligraphy-FFT-Analysis/experiments/generated/ouyang_xun_03__09670.png,/home/intern_2603055/projects/tuijian/Digital-Calligraphy-FFT-Analysis/data/paired/target/ouyang_xun_03/09670_char_0514.png,/home/intern_2603055/projects/tuijian/Digital-Calligraphy-FFT-Analysis/data/paired/source/09670.png,/home/intern_2603055/projects/tuijian/Digital-Calligraphy-FFT-Analysis/data/paired/target/ouyang_xun_03/09050_char_0745.png
ouyang_xun_03,06562,/home/intern_2603055/projects/tuijian/Digital-Calligraphy-FFT-Analysis/experiments/generated/ouyang_xun_03__06562.png,/home/intern_2603055/projects/tuijian/Digital-Calligraphy-FFT-Analysis/data/paired/target/ouyang_xun_03/06562_char_0826.png,/home/intern_2603055/projects/tuijian/Digital-Calligraphy-FFT-Analysis/data/paired/source/06562.png,/home/intern_2603055/projects/tuijian/Digital-Calligraphy-FFT-Analysis/data/paired/target/ouyang_xun_03/09EC3_char_1045.png
ouyang_xun_03,05E1D,/home/intern_2603055/projects/tuijian/Digital-Calligraphy-FFT-Analysis/experiments/generated/ouyang_xun_03__05E1D.png,/home/intern_2603055/projects/tuijian/Digital-Calligraphy-FFT-Analysis/data/paired/target/ouyang_xun_03/05E1D_char_0171.png,/home/intern_2603055/projects/tuijian/Digital-Calligraphy-FFT-Analysis/data/paired/source/05E1D.png,/home/intern_2603055/projects/tuijian/Digital-Calligraphy-FFT-Analysis/data/paired/target/ouyang_xun_03/05DF1_char_0499.png
ouyang_xun_03,04FE1,/home/intern_2603055/projects/tuijian/Digital-Calligraphy-FFT-Analysis/experiments/generated/ouyang_xun_03__04FE1.png,/home/intern_2603055/projects/tuijian/Digital-Calligraphy-FFT-Analysis/data/paired/target/ouyang_xun_03/04FE1_char_0150.png,/home/intern_2603055/projects/tuijian/Digital-Calligraphy-FFT-Analysis/data/paired/source/04FE1.png,/home/intern_2603055/projects/tuijian/Digital-Calligraphy-FFT-Analysis/data/paired/target/ouyang_xun_03/096E8_char_0271.png
ouyang_xun_03,05B87,/home/intern_2603055/projects/tuijian/Digital-Calligraphy-FFT-Analysis/experiments/generated/ouyang_xun_03__05B87.png,/home/intern_2603055/projects/tuijian/Digital-Calligraphy-FFT-Analysis/data/paired/target/ouyang_xun_03/05B87_char_1040.png,/home/intern_2603055/projects/tuijian/Digital-Calligraphy-FFT-Analysis/data/paired/source/05B87.png,/home/intern_2603055/projects/tuijian/Digital-Calligraphy-FFT-Analysis/data/paired/target/ouyang_xun_03/09AD4_char_0152.png
ouyang_xun_03,09F8D,/home/intern_2603055/projects/tuijian/Digital-Calligraphy-FFT-Analysis/experiments/generated/ouyang_xun_03__09F8D.png,/home/intern_2603055/projects/tuijian/Digital-Calligraphy-FFT-Analysis/data/paired/target/ouyang_xun_03/09F8D_char_0967.png,/home/intern_2603055/projects/tuijian/Digital-Calligraphy-FFT-Analysis/data/paired/source/09F8D.png,/home/intern_2603055/projects/tuijian/Digital-Calligraphy-FFT-Analysis/data/paired/target/ouyang_xun_03/096F2_char_0965.png
ouyang_xun_03,07DAD,/home/intern_2603055/projects/tuijian/Digital-Calligraphy-FFT-Analysis/experiments/generated/ouyang_xun_03__07DAD.png,/home/intern_2603055/projects/tuijian/Digital-Calligraphy-FFT-Analysis/data/paired/target/ouyang_xun_03/07DAD_char_0024.png,/home/intern_2603055/projects/tuijian/Digital-Calligraphy-FFT-Analysis/data/paired/source/07DAD.png,/home/intern_2603055/projects/tuijian/Digital-Calligraphy-FFT-Analysis/data/paired/target/ouyang_xun_03/05B87_char_1040.png
yu_shinan_06,04F5C,/home/intern_2603055/projects/tuijian/Digital-Calligraphy-FFT-Analysis/experiments/generated/yu_shinan_06__04F5C.png,/home/intern_2603055/projects/tuijian/Digital-Calligraphy-FFT-Analysis/data/paired/target/yu_shinan_06/04F5C_char_0018.png,/home/intern_2603055/projects/tuijian/Digital-Calligraphy-FFT-Analysis/data/paired/source/04F5C.png,/home/intern_2603055/projects/tuijian/Digital-Calligraphy-FFT-Analysis/data/paired/target/yu_shinan_06/05BBF_char_0165.png
yu_shinan_06,06587,/home/intern_2603055/projects/tuijian/Digital-Calligraphy-FFT-Analysis/experiments/generated/yu_shinan_06__06587.png,/home/intern_2603055/projects/tuijian/Digital-Calligraphy-FFT-Analysis/data/paired/target/yu_shinan_06/06587_char_0093.png,/home/intern_2603055/projects/tuijian/Digital-Calligraphy-FFT-Analysis/data/paired/source/06587.png,/home/intern_2603055/projects/tuijian/Digital-Calligraphy-FFT-Analysis/data/paired/target/yu_shinan_06/091D1_char_0177.png
yu_shinan_06,09732,/home/intern_2603055/projects/tuijian/Digital-Calligraphy-FFT-Analysis/experiments/generated/yu_shinan_06__09732.png,/home/intern_2603055/projects/tuijian/Digital-Calligraphy-FFT-Analysis/data/paired/target/yu_shinan_06/09732_char_0166.png,/home/intern_2603055/projects/tuijian/Digital-Calligraphy-FFT-Analysis/data/paired/source/09732.png,/home/intern_2603055/projects/tuijian/Digital-Calligraphy-FFT-Analysis/data/paired/target/yu_shinan_06/04F86_char_0334.png
yu_shinan_06,04F86,/home/intern_2603055/projects/tuijian/Digital-Calligraphy-FFT-Analysis/experiments/generated/yu_shinan_06__04F86.png,/home/intern_2603055/projects/tuijian/Digital-Calligraphy-FFT-Analysis/data/paired/target/yu_shinan_06/04F86_char_0334.png,/home/intern_2603055/projects/tuijian/Digital-Calligraphy-FFT-Analysis/data/paired/source/04F86.png,/home/intern_2603055/projects/tuijian/Digital-Calligraphy-FFT-Analysis/data/paired/target/yu_shinan_06/05316_char_0078.png
yu_shinan_06,09F8D,/home/intern_2603055/projects/tuijian/Digital-Calligraphy-FFT-Analysis/experiments/generated/yu_shinan_06__09F8D.png,/home/intern_2603055/projects/tuijian/Digital-Calligraphy-FFT-Analysis/data/paired/target/yu_shinan_06/09F8D_char_0237.png,/home/intern_2603055/projects/tuijian/Digital-Calligraphy-FFT-Analysis/data/paired/source/09F8D.png,/home/intern_2603055/projects/tuijian/Digital-Calligraphy-FFT-Analysis/data/paired/target/yu_shinan_06/062F1_char_0114.png
yu_shinan_06,07A7A,/home/intern_2603055/projects/tuijian/Digital-Calligraphy-FFT-Analysis/experiments/generated/yu_shinan_06__07A7A.png,/home/intern_2603055/projects/tuijian/Digital-Calligraphy-FFT-Analysis/data/paired/target/yu_shinan_06/07A7A_char_0226.png,/home/intern_2603055/projects/tuijian/Digital-Calligraphy-FFT-Analysis/data/paired/source/07A7A.png,/home/intern_2603055/projects/tuijian/Digital-Calligraphy-FFT-Analysis/data/paired/target/yu_shinan_06/065B9_char_0016.png
yu_shinan_06,065B9,/home/intern_2603055/projects/tuijian/Digital-Calligraphy-FFT-Analysis/experiments/generated/yu_shinan_06__065B9.png,/home/intern_2603055/projects/tuijian/Digital-Calligraphy-FFT-Analysis/data/paired/target/yu_shinan_06/065B9_char_0016.png,/home/intern_2603055/projects/tuijian/Digital-Calligraphy-FFT-Analysis/data/paired/source/065B9.png,/home/intern_2603055/projects/tuijian/Digital-Calligraphy-FFT-Analysis/data/paired/target/yu_shinan_06/05782_char_0273.png
yu_shinan_06,05F80,/home/intern_2603055/projects/tuijian/Digital-Calligraphy-FFT-Analysis/experiments/generated/yu_shinan_06__05F80.png,/home/intern_2603055/projects/tuijian/Digital-Calligraphy-FFT-Analysis/data/paired/target/yu_shinan_06/05F80_char_0257.png,/home/intern_2603055/projects/tuijian/Digital-Calligraphy-FFT-Analysis/data/paired/source/05F80.png,/home/intern_2603055/projects/tuijian/Digital-Calligraphy-FFT-Analysis/data/paired/target/yu_shinan_06/0865E_char_0343.png
yu_shinan_06,0751F,/home/intern_2603055/projects/tuijian/Digital-Calligraphy-FFT-Analysis/experiments/generated/yu_shinan_06__0751F.png,/home/intern_2603055/projects/tuijian/Digital-Calligraphy-FFT-Analysis/data/paired/target/yu_shinan_06/0751F_char_0084.png,/home/intern_2603055/projects/tuijian/Digital-Calligraphy-FFT-Analysis/data/paired/source/0751F.png,/home/intern_2603055/projects/tuijian/Digital-Calligraphy-FFT-Analysis/data/paired/target/yu_shinan_06/091CD_char_0012.png
yu_shinan_06,05E73,/home/intern_2603055/projects/tuijian/Digital-Calligraphy-FFT-Analysis/experiments/generated/yu_shinan_06__05E73.png,/home/intern_2603055/projects/tuijian/Digital-Calligraphy-FFT-Analysis/data/paired/target/yu_shinan_06/05E73_char_0102.png,/home/intern_2603055/projects/tuijian/Digital-Calligraphy-FFT-Analysis/data/paired/source/05E73.png,/home/intern_2603055/projects/tuijian/Digital-Calligraphy-FFT-Analysis/data/paired/target/yu_shinan_06/04F86_char_0334.png
yu_shinan_06,06210,/home/intern_2603055/projects/tuijian/Digital-Calligraphy-FFT-Analysis/experiments/generated/yu_shinan_06__06210.png,/home/intern_2603055/projects/tuijian/Digital-Calligraphy-FFT-Analysis/data/paired/target/yu_shinan_06/06210_char_0097.png,/home/intern_2603055/projects/tuijian/Digital-Calligraphy-FFT-Analysis/data/paired/source/06210.png,/home/intern_2603055/projects/tuijian/Digital-Calligraphy-FFT-Analysis/data/paired/target/yu_shinan_06/081F4_char_0211.png
yu_shinan_06,06728,/home/intern_2603055/projects/tuijian/Digital-Calligraphy-FFT-Analysis/experiments/generated/yu_shinan_06__06728.png,/home/intern_2603055/projects/tuijian/Digital-Calligraphy-FFT-Analysis/data/paired/target/yu_shinan_06/06728_char_0080.png,/home/intern_2603055/projects/tuijian/Digital-Calligraphy-FFT-Analysis/data/paired/source/06728.png,/home/intern_2603055/projects/tuijian/Digital-Calligraphy-FFT-Analysis/data/paired/target/yu_shinan_06/062F1_char_0114.png
yu_shinan_06,0865E,/home/intern_2603055/projects/tuijian/Digital-Calligraphy-FFT-Analysis/experiments/generated/yu_shinan_06__0865E.png,/home/intern_2603055/projects/tuijian/Digital-Calligraphy-FFT-Analysis/data/paired/target/yu_shinan_06/0865E_char_0343.png,/home/intern_2603055/projects/tuijian/Digital-Calligraphy-FFT-Analysis/data/paired/source/0865E.png,/home/intern_2603055/projects/tuijian/Digital-Calligraphy-FFT-Analysis/data/paired/target/yu_shinan_06/056DB_char_0103.png
yu_shinan_06,0884C,/home/intern_2603055/projects/tuijian/Digital-Calligraphy-FFT-Analysis/experiments/generated/yu_shinan_06__0884C.png,/home/intern_2603055/projects/tuijian/Digital-Calligraphy-FFT-Analysis/data/paired/target/yu_shinan_06/0884C_char_0118.png,/home/intern_2603055/projects/tuijian/Digital-Calligraphy-FFT-Analysis/data/paired/source/0884C.png,/home/intern_2603055/projects/tuijian/Digital-Calligraphy-FFT-Analysis/data/paired/target/yu_shinan_06/06728_char_0080.png
yu_shinan_06,09761,/home/intern_2603055/projects/tuijian/Digital-Calligraphy-FFT-Analysis/experiments/generated/yu_shinan_06__09761.png,/home/intern_2603055/projects/tuijian/Digital-Calligraphy-FFT-Analysis/data/paired/target/yu_shinan_06/09761_char_0229.png,/home/intern_2603055/projects/tuijian/Digital-Calligraphy-FFT-Analysis/data/paired/source/09761.png,/home/intern_2603055/projects/tuijian/Digital-Calligraphy-FFT-Analysis/data/paired/target/yu_shinan_06/05316_char_0078.png
yu_shinan_06,05316,/home/intern_2603055/projects/tuijian/Digital-Calligraphy-FFT-Analysis/experiments/generated/yu_shinan_06__05316.png,/home/intern_2603055/projects/tuijian/Digital-Calligraphy-FFT-Analysis/data/paired/target/yu_shinan_06/05316_char_0078.png,/home/intern_2603055/projects/tuijian/Digital-Calligraphy-FFT-Analysis/data/paired/source/05316.png,/home/intern_2603055/projects/tuijian/Digital-Calligraphy-FFT-Analysis/data/paired/target/yu_shinan_06/05F97_char_0198.png
yu_shinan_06,0975E,/home/intern_2603055/projects/tuijian/Digital-Calligraphy-FFT-Analysis/experiments/generated/yu_shinan_06__0975E.png,/home/intern_2603055/projects/tuijian/Digital-Calligraphy-FFT-Analysis/data/paired/target/yu_shinan_06/0975E_char_0217.png,/home/intern_2603055/projects/tuijian/Digital-Calligraphy-FFT-Analysis/data/paired/source/0975E.png,/home/intern_2603055/projects/tuijian/Digital-Calligraphy-FFT-Analysis/data/paired/target/yu_shinan_06/05802_char_0234.png
yu_shinan_06,053EF,/home/intern_2603055/projects/tuijian/Digital-Calligraphy-FFT-Analysis/experiments/generated/yu_shinan_06__053EF.png,/home/intern_2603055/projects/tuijian/Digital-Calligraphy-FFT-Analysis/data/paired/target/yu_shinan_06/053EF_char_0039.png,/home/intern_2603055/projects/tuijian/Digital-Calligraphy-FFT-Analysis/data/paired/source/053EF.png,/home/intern_2603055/projects/tuijian/Digital-Calligraphy-FFT-Analysis/data/paired/target/yu_shinan_06/05F97_char_0198.png
yu_shinan_06,04EBA,/home/intern_2603055/projects/tuijian/Digital-Calligraphy-FFT-Analysis/experiments/generated/yu_shinan_06__04EBA.png,/home/intern_2603055/projects/tuijian/Digital-Calligraphy-FFT-Analysis/data/paired/target/yu_shinan_06/04EBA_char_0247.png,/home/intern_2603055/projects/tuijian/Digital-Calligraphy-FFT-Analysis/data/paired/source/04EBA.png,/home/intern_2603055/projects/tuijian/Digital-Calligraphy-FFT-Analysis/data/paired/target/yu_shinan_06/07A7A_char_0226.png
yu_shinan_06,04E43,/home/intern_2603055/projects/tuijian/Digital-Calligraphy-FFT-Analysis/experiments/generated/yu_shinan_06__04E43.png,/home/intern_2603055/projects/tuijian/Digital-Calligraphy-FFT-Analysis/data/paired/target/yu_shinan_06/04E43_char_0207.png,/home/intern_2603055/projects/tuijian/Digital-Calligraphy-FFT-Analysis/data/paired/source/04E43.png,/home/intern_2603055/projects/tuijian/Digital-Calligraphy-FFT-Analysis/data/paired/target/yu_shinan_06/0842C_char_0111.png
yu_shinan_06,05802,/home/intern_2603055/projects/tuijian/Digital-Calligraphy-FFT-Analysis/experiments/generated/yu_shinan_06__05802.png,/home/intern_2603055/projects/tuijian/Digital-Calligraphy-FFT-Analysis/data/paired/target/yu_shinan_06/05802_char_0234.png,/home/intern_2603055/projects/tuijian/Digital-Calligraphy-FFT-Analysis/data/paired/source/05802.png,/home/intern_2603055/projects/tuijian/Digital-Calligraphy-FFT-Analysis/data/paired/target/yu_shinan_06/05782_char_0273.png
yu_shinan_06,065E5,/home/intern_2603055/projects/tuijian/Digital-Calligraphy-FFT-Analysis/experiments/generated/yu_shinan_06__065E5.png,/home/intern_2603055/projects/tuijian/Digital-Calligraphy-FFT-Analysis/data/paired/target/yu_shinan_06/065E5_char_0268.png,/home/intern_2603055/projects/tuijian/Digital-Calligraphy-FFT-Analysis/data/paired/source/065E5.png,/home/intern_2603055/projects/tuijian/Digital-Calligraphy-FFT-Analysis/data/paired/target/yu_shinan_06/085CF_char_0267.png
yu_shinan_06,06708,/home/intern_2603055/projects/tuijian/Digital-Calligraphy-FFT-Analysis/experiments/generated/yu_shinan_06__06708.png,/home/intern_2603055/projects/tuijian/Digital-Calligraphy-FFT-Analysis/data/paired/target/yu_shinan_06/06708_char_0158.png,/home/intern_2603055/projects/tuijian/Digital-Calligraphy-FFT-Analysis/data/paired/source/06708.png,/home/intern_2603055/projects/tuijian/Digital-Calligraphy-FFT-Analysis/data/paired/target/yu_shinan_06/07AE0_char_0058.png
yu_shinan_06,05FB7,/home/intern_2603055/projects/tuijian/Digital-Calligraphy-FFT-Analysis/experiments/generated/yu_shinan_06__05FB7.png,/home/intern_2603055/projects/tuijian/Digital-Calligraphy-FFT-Analysis/data/paired/target/yu_shinan_06/05FB7_char_0094.png,/home/intern_2603055/projects/tuijian/Digital-Calligraphy-FFT-Analysis/data/paired/source/05FB7.png,/home/intern_2603055/projects/tuijian/Digital-Calligraphy-FFT-Analysis/data/paired/target/yu_shinan_06/04EBA_char_0247.png
yu_shinan_06,091CD,/home/intern_2603055/projects/tuijian/Digital-Calligraphy-FFT-Analysis/experiments/generated/yu_shinan_06__091CD.png,/home/intern_2603055/projects/tuijian/Digital-Calligraphy-FFT-Analysis/data/paired/target/yu_shinan_06/091CD_char_0012.png,/home/intern_2603055/projects/tuijian/Digital-Calligraphy-FFT-Analysis/data/paired/source/091CD.png,/home/intern_2603055/projects/tuijian/Digital-Calligraphy-FFT-Analysis/data/paired/target/yu_shinan_06/08868_char_0014.png
yu_shinan_06,091D1,/home/intern_2603055/projects/tuijian/Digital-Calligraphy-FFT-Analysis/experiments/generated/yu_shinan_06__091D1.png,/home/intern_2603055/projects/tuijian/Digital-Calligraphy-FFT-Analysis/data/paired/target/yu_shinan_06/091D1_char_0177.png,/home/intern_2603055/projects/tuijian/Digital-Calligraphy-FFT-Analysis/data/paired/source/091D1.png,/home/intern_2603055/projects/tuijian/Digital-Calligraphy-FFT-Analysis/data/paired/target/yu_shinan_06/05927_char_0117.png
yu_shinan_06,09CF3,/home/intern_2603055/projects/tuijian/Digital-Calligraphy-FFT-Analysis/experiments/generated/yu_shinan_06__09CF3.png,/home/intern_2603055/projects/tuijian/Digital-Calligraphy-FFT-Analysis/data/paired/target/yu_shinan_06/09CF3_char_0042.png,/home/intern_2603055/projects/tuijian/Digital-Calligraphy-FFT-Analysis/data/paired/source/09CF3.png,/home/intern_2603055/projects/tuijian/Digital-Calligraphy-FFT-Analysis/data/paired/target/yu_shinan_06/05927_char_0117.png
yu_shinan_06,0767D,/home/intern_2603055/projects/tuijian/Digital-Calligraphy-FFT-Analysis/experiments/generated/yu_shinan_06__0767D.png,/home/intern_2603055/projects/tuijian/Digital-Calligraphy-FFT-Analysis/data/paired/target/yu_shinan_06/0767D_char_0203.png,/home/intern_2603055/projects/tuijian/Digital-Calligraphy-FFT-Analysis/data/paired/source/0767D.png,/home/intern_2603055/projects/tuijian/Digital-Calligraphy-FFT-Analysis/data/paired/target/yu_shinan_06/06708_char_0158.png
yu_shinan_06,096F2,/home/intern_2603055/projects/tuijian/Digital-Calligraphy-FFT-Analysis/experiments/generated/yu_shinan_06__096F2.png,/home/intern_2603055/projects/tuijian/Digital-Calligraphy-FFT-Analysis/data/paired/target/yu_shinan_06/096F2_char_0105.png,/home/intern_2603055/projects/tuijian/Digital-Calligraphy-FFT-Analysis/data/paired/source/096F2.png,/home/intern_2603055/projects/tuijian/Digital-Calligraphy-FFT-Analysis/data/paired/target/yu_shinan_06/09CF3_char_0042.png
yu_shinan_06,073E0,/home/intern_2603055/projects/tuijian/Digital-Calligraphy-FFT-Analysis/experiments/generated/yu_shinan_06__073E0.png,/home/intern_2603055/projects/tuijian/Digital-Calligraphy-FFT-Analysis/data/paired/target/yu_shinan_06/073E0_char_0065.png,/home/intern_2603055/projects/tuijian/Digital-Calligraphy-FFT-Analysis/data/paired/source/073E0.png,/home/intern_2603055/projects/tuijian/Digital-Calligraphy-FFT-Analysis/data/paired/target/yu_shinan_06/08C48_char_0283.png
yan_zhenqing_07,07FD2,/home/intern_2603055/projects/tuijian/Digital-Calligraphy-FFT-Analysis/experiments/generated/yan_zhenqing_07__07FD2.png,/home/intern_2603055/projects/tuijian/Digital-Calligraphy-FFT-Analysis/data/paired/target/yan_zhenqing_07/07FD2_char_1390.png,/home/intern_2603055/projects/tuijian/Digital-Calligraphy-FFT-Analysis/data/paired/source/07FD2.png,/home/intern_2603055/projects/tuijian/Digital-Calligraphy-FFT-Analysis/data/paired/target/yan_zhenqing_07/0666F_char_0704.png
yan_zhenqing_07,05782,/home/intern_2603055/projects/tuijian/Digital-Calligraphy-FFT-Analysis/experiments/generated/yan_zhenqing_07__05782.png,/home/intern_2603055/projects/tuijian/Digital-Calligraphy-FFT-Analysis/data/paired/target/yan_zhenqing_07/05782_char_1240.png,/home/intern_2603055/projects/tuijian/Digital-Calligraphy-FFT-Analysis/data/paired/source/05782.png,/home/intern_2603055/projects/tuijian/Digital-Calligraphy-FFT-Analysis/data/paired/target/yan_zhenqing_07/05EFA_char_1980.png
yan_zhenqing_07,07A4D,/home/intern_2603055/projects/tuijian/Digital-Calligraphy-FFT-Analysis/experiments/generated/yan_zhenqing_07__07A4D.png,/home/intern_2603055/projects/tuijian/Digital-Calligraphy-FFT-Analysis/data/paired/target/yan_zhenqing_07/07A4D_char_0686.png,/home/intern_2603055/projects/tuijian/Digital-Calligraphy-FFT-Analysis/data/paired/source/07A4D.png,/home/intern_2603055/projects/tuijian/Digital-Calligraphy-FFT-Analysis/data/paired/target/yan_zhenqing_07/098DF_char_0314.png
yan_zhenqing_07,05217,/home/intern_2603055/projects/tuijian/Digital-Calligraphy-FFT-Analysis/experiments/generated/yan_zhenqing_07__05217.png,/home/intern_2603055/projects/tuijian/Digital-Calligraphy-FFT-Analysis/data/paired/target/yan_zhenqing_07/05217_char_1542.png,/home/intern_2603055/projects/tuijian/Digital-Calligraphy-FFT-Analysis/data/paired/source/05217.png,/home/intern_2603055/projects/tuijian/Digital-Calligraphy-FFT-Analysis/data/paired/target/yan_zhenqing_07/04F86_char_0342.png
yan_zhenqing_07,076C8,/home/intern_2603055/projects/tuijian/Digital-Calligraphy-FFT-Analysis/experiments/generated/yan_zhenqing_07__076C8.png,/home/intern_2603055/projects/tuijian/Digital-Calligraphy-FFT-Analysis/data/paired/target/yan_zhenqing_07/076C8_char_1399.png,/home/intern_2603055/projects/tuijian/Digital-Calligraphy-FFT-Analysis/data/paired/source/076C8.png,/home/intern_2603055/projects/tuijian/Digital-Calligraphy-FFT-Analysis/data/paired/target/yan_zhenqing_07/0865F_char_0093.png
yan_zhenqing_07,06F5B,/home/intern_2603055/projects/tuijian/Digital-Calligraphy-FFT-Analysis/experiments/generated/yan_zhenqing_07__06F5B.png,/home/intern_2603055/projects/tuijian/Digital-Calligraphy-FFT-Analysis/data/paired/target/yan_zhenqing_07/06F5B_char_0202.png,/home/intern_2603055/projects/tuijian/Digital-Calligraphy-FFT-Analysis/data/paired/source/06F5B.png,/home/intern_2603055/projects/tuijian/Digital-Calligraphy-FFT-Analysis/data/paired/target/yan_zhenqing_07/05728_char_0085.png
yan_zhenqing_07,07389,/home/intern_2603055/projects/tuijian/Digital-Calligraphy-FFT-Analysis/experiments/generated/yan_zhenqing_07__07389.png,/home/intern_2603055/projects/tuijian/Digital-Calligraphy-FFT-Analysis/data/paired/target/yan_zhenqing_07/07389_char_1619.png,/home/intern_2603055/projects/tuijian/Digital-Calligraphy-FFT-Analysis/data/paired/source/07389.png,/home/intern_2603055/projects/tuijian/Digital-Calligraphy-FFT-Analysis/data/paired/target/yan_zhenqing_07/09AEE_char_0219.png
yan_zhenqing_07,05927,/home/intern_2603055/projects/tuijian/Digital-Calligraphy-FFT-Analysis/experiments/generated/yan_zhenqing_07__05927.png,/home/intern_2603055/projects/tuijian/Digital-Calligraphy-FFT-Analysis/data/paired/target/yan_zhenqing_07/05927_char_1431.png,/home/intern_2603055/projects/tuijian/Digital-Calligraphy-FFT-Analysis/data/paired/source/05927.png,/home/intern_2603055/projects/tuijian/Digital-Calligraphy-FFT-Analysis/data/paired/target/yan_zhenqing_07/08EAB_char_1035.png
yan_zhenqing_07,085CF,/home/intern_2603055/projects/tuijian/Digital-Calligraphy-FFT-Analysis/experiments/generated/yan_zhenqing_07__085CF.png,/home/intern_2603055/projects/tuijian/Digital-Calligraphy-FFT-Analysis/data/paired/target/yan_zhenqing_07/085CF_char_0241.png,/home/intern_2603055/projects/tuijian/Digital-Calligraphy-FFT-Analysis/data/paired/source/085CF.png,/home/intern_2603055/projects/tuijian/Digital-Calligraphy-FFT-Analysis/data/paired/target/yan_zhenqing_07/05730_char_0431.png
yan_zhenqing_07,07687,/home/intern_2603055/projects/tuijian/Digital-Calligraphy-FFT-Analysis/experiments/generated/yan_zhenqing_07__07687.png,/home/intern_2603055/projects/tuijian/Digital-Calligraphy-FFT-Analysis/data/paired/target/yan_zhenqing_07/07687_char_0660.png,/home/intern_2603055/projects/tuijian/Digital-Calligraphy-FFT-Analysis/data/paired/source/07687.png,/home/intern_2603055/projects/tuijian/Digital-Calligraphy-FFT-Analysis/data/paired/target/yan_zhenqing_07/06728_char_0866.png
yan_zhenqing_07,06708,/home/intern_2603055/projects/tuijian/Digital-Calligraphy-FFT-Analysis/experiments/generated/yan_zhenqing_07__06708.png,/home/intern_2603055/projects/tuijian/Digital-Calligraphy-FFT-Analysis/data/paired/target/yan_zhenqing_07/06708_char_0756.png,/home/intern_2603055/projects/tuijian/Digital-Calligraphy-FFT-Analysis/data/paired/source/06708.png,/home/intern_2603055/projects/tuijian/Digital-Calligraphy-FFT-Analysis/data/paired/target/yan_zhenqing_07/08CD3_char_0808.png
yan_zhenqing_07,05316,/home/intern_2603055/projects/tuijian/Digital-Calligraphy-FFT-Analysis/experiments/generated/yan_zhenqing_07__05316.png,/home/intern_2603055/projects/tuijian/Digital-Calligraphy-FFT-Analysis/data/paired/target/yan_zhenqing_07/05316_char_0656.png,/home/intern_2603055/projects/tuijian/Digital-Calligraphy-FFT-Analysis/data/paired/source/05316.png,/home/intern_2603055/projects/tuijian/Digital-Calligraphy-FFT-Analysis/data/paired/target/yan_zhenqing_07/0904E_char_1611.png
yan_zhenqing_07,0751F,/home/intern_2603055/projects/tuijian/Digital-Calligraphy-FFT-Analysis/experiments/generated/yan_zhenqing_07__0751F.png,/home/intern_2603055/projects/tuijian/Digital-Calligraphy-FFT-Analysis/data/paired/target/yan_zhenqing_07/0751F_char_0303.png,/home/intern_2603055/projects/tuijian/Digital-Calligraphy-FFT-Analysis/data/paired/source/0751F.png,/home/intern_2603055/projects/tuijian/Digital-Calligraphy-FFT-Analysis/data/paired/target/yan_zhenqing_07/07384_char_1483.png
yan_zhenqing_07,091CD,/home/intern_2603055/projects/tuijian/Digital-Calligraphy-FFT-Analysis/experiments/generated/yan_zhenqing_07__091CD.png,/home/intern_2603055/projects/tuijian/Digital-Calligraphy-FFT-Analysis/data/paired/target/yan_zhenqing_07/091CD_char_1283.png,/home/intern_2603055/projects/tuijian/Digital-Calligraphy-FFT-Analysis/data/paired/source/091CD.png,/home/intern_2603055/projects/tuijian/Digital-Calligraphy-FFT-Analysis/data/paired/target/yan_zhenqing_07/053EF_char_0256.png
yan_zhenqing_07,06B63,/home/intern_2603055/projects/tuijian/Digital-Calligraphy-FFT-Analysis/experiments/generated/yan_zhenqing_07__06B63.png,/home/intern_2603055/projects/tuijian/Digital-Calligraphy-FFT-Analysis/data/paired/target/yan_zhenqing_07/06B63_char_1986.png,/home/intern_2603055/projects/tuijian/Digital-Calligraphy-FFT-Analysis/data/paired/source/06B63.png,/home/intern_2603055/projects/tuijian/Digital-Calligraphy-FFT-Analysis/data/paired/target/yan_zhenqing_07/0975E_char_0470.png
yan_zhenqing_07,09670,/home/intern_2603055/projects/tuijian/Digital-Calligraphy-FFT-Analysis/experiments/generated/yan_zhenqing_07__09670.png,/home/intern_2603055/projects/tuijian/Digital-Calligraphy-FFT-Analysis/data/paired/target/yan_zhenqing_07/09670_char_1495.png,/home/intern_2603055/projects/tuijian/Digital-Calligraphy-FFT-Analysis/data/paired/source/09670.png,/home/intern_2603055/projects/tuijian/Digital-Calligraphy-FFT-Analysis/data/paired/target/yan_zhenqing_07/0967D_char_0017.png
yan_zhenqing_07,06587,/home/intern_2603055/projects/tuijian/Digital-Calligraphy-FFT-Analysis/experiments/generated/yan_zhenqing_07__06587.png,/home/intern_2603055/projects/tuijian/Digital-Calligraphy-FFT-Analysis/data/paired/target/yan_zhenqing_07/06587_char_0751.png,/home/intern_2603055/projects/tuijian/Digital-Calligraphy-FFT-Analysis/data/paired/source/06587.png,/home/intern_2603055/projects/tuijian/Digital-Calligraphy-FFT-Analysis/data/paired/target/yan_zhenqing_07/060B2_char_0302.png
yan_zhenqing_07,05730,/home/intern_2603055/projects/tuijian/Digital-Calligraphy-FFT-Analysis/experiments/generated/yan_zhenqing_07__05730.png,/home/intern_2603055/projects/tuijian/Digital-Calligraphy-FFT-Analysis/data/paired/target/yan_zhenqing_07/05730_char_0431.png,/home/intern_2603055/projects/tuijian/Digital-Calligraphy-FFT-Analysis/data/paired/source/05730.png,/home/intern_2603055/projects/tuijian/Digital-Calligraphy-FFT-Analysis/data/paired/target/yan_zhenqing_07/05217_char_1542.png
yan_zhenqing_07,05973,/home/intern_2603055/projects/tuijian/Digital-Calligraphy-FFT-Analysis/experiments/generated/yan_zhenqing_07__05973.png,/home/intern_2603055/projects/tuijian/Digital-Calligraphy-FFT-Analysis/data/paired/target/yan_zhenqing_07/05973_char_0338.png,/home/intern_2603055/projects/tuijian/Digital-Calligraphy-FFT-Analysis/data/paired/source/05973.png,/home/intern_2603055/projects/tuijian/Digital-Calligraphy-FFT-Analysis/data/paired/target/yan_zhenqing_07/065E5_char_0755.png
yan_zhenqing_07,05E2B,/home/intern_2603055/projects/tuijian/Digital-Calligraphy-FFT-Analysis/experiments/generated/yan_zhenqing_07__05E2B.png,/home/intern_2603055/projects/tuijian/Digital-Calligraphy-FFT-Analysis/data/paired/target/yan_zhenqing_07/05E2B_char_0709.png,/home/intern_2603055/projects/tuijian/Digital-Calligraphy-FFT-Analysis/data/paired/source/05E2B.png,/home/intern_2603055/projects/tuijian/Digital-Calligraphy-FFT-Analysis/data/paired/target/yan_zhenqing_07/08CD3_char_0808.png
yan_zhenqing_07,058A8,/home/intern_2603055/projects/tuijian/Digital-Calligraphy-FFT-Analysis/experiments/generated/yan_zhenqing_07__058A8.png,/home/intern_2603055/projects/tuijian/Digital-Calligraphy-FFT-Analysis/data/paired/target/yan_zhenqing_07/058A8_char_1062.png,/home/intern_2603055/projects/tuijian/Digital-Calligraphy-FFT-Analysis/data/paired/source/058A8.png,/home/intern_2603055/projects/tuijian/Digital-Calligraphy-FFT-Analysis/data/paired/target/yan_zhenqing_07/091D1_char_1121.png
yan_zhenqing_07,059CB,/home/intern_2603055/projects/tuijian/Digital-Calligraphy-FFT-Analysis/experiments/generated/yan_zhenqing_07__059CB.png,/home/intern_2603055/projects/tuijian/Digital-Calligraphy-FFT-Analysis/data/paired/target/yan_zhenqing_07/059CB_char_1214.png,/home/intern_2603055/projects/tuijian/Digital-Calligraphy-FFT-Analysis/data/paired/source/059CB.png,/home/intern_2603055/projects/tuijian/Digital-Calligraphy-FFT-Analysis/data/paired/target/yan_zhenqing_07/07389_char_1619.png
yan_zhenqing_07,05F97,/home/intern_2603055/projects/tuijian/Digital-Calligraphy-FFT-Analysis/experiments/generated/yan_zhenqing_07__05F97.png,/home/intern_2603055/projects/tuijian/Digital-Calligraphy-FFT-Analysis/data/paired/target/yan_zhenqing_07/05F97_char_0975.png,/home/intern_2603055/projects/tuijian/Digital-Calligraphy-FFT-Analysis/data/paired/source/05F97.png,/home/intern_2603055/projects/tuijian/Digital-Calligraphy-FFT-Analysis/data/paired/target/yan_zhenqing_07/06D77_char_1902.png
yan_zhenqing_07,050B3,/home/intern_2603055/projects/tuijian/Digital-Calligraphy-FFT-Analysis/experiments/generated/yan_zhenqing_07__050B3.png,/home/intern_2603055/projects/tuijian/Digital-Calligraphy-FFT-Analysis/data/paired/target/yan_zhenqing_07/050B3_char_1111.png,/home/intern_2603055/projects/tuijian/Digital-Calligraphy-FFT-Analysis/data/paired/source/050B3.png,/home/intern_2603055/projects/tuijian/Digital-Calligraphy-FFT-Analysis/data/paired/target/yan_zhenqing_07/082A5_char_1417.png
yan_zhenqing_07,08FB0,/home/intern_2603055/projects/tuijian/Digital-Calligraphy-FFT-Analysis/experiments/generated/yan_zhenqing_07__08FB0.png,/home/intern_2603055/projects/tuijian/Digital-Calligraphy-FFT-Analysis/data/paired/target/yan_zhenqing_07/08FB0_char_1969.png,/home/intern_2603055/projects/tuijian/Digital-Calligraphy-FFT-Analysis/data/paired/source/08FB0.png,/home/intern_2603055/projects/tuijian/Digital-Calligraphy-FFT-Analysis/data/paired/target/yan_zhenqing_07/07AE0_char_1805.png
yan_zhenqing_07,05149,/home/intern_2603055/projects/tuijian/Digital-Calligraphy-FFT-Analysis/experiments/generated/yan_zhenqing_07__05149.png,/home/intern_2603055/projects/tuijian/Digital-Calligraphy-FFT-Analysis/data/paired/target/yan_zhenqing_07/05149_char_0676.png,/home/intern_2603055/projects/tuijian/Digital-Calligraphy-FFT-Analysis/data/paired/source/05149.png,/home/intern_2603055/projects/tuijian/Digital-Calligraphy-FFT-Analysis/data/paired/target/yan_zhenqing_07/05E1D_char_1637.png
yan_zhenqing_07,04F7F,/home/intern_2603055/projects/tuijian/Digital-Calligraphy-FFT-Analysis/experiments/generated/yan_zhenqing_07__04F7F.png,/home/intern_2603055/projects/tuijian/Digital-Calligraphy-FFT-Analysis/data/paired/target/yan_zhenqing_07/04F7F_char_1050.png,/home/intern_2603055/projects/tuijian/Digital-Calligraphy-FFT-Analysis/data/paired/source/04F7F.png,/home/intern_2603055/projects/tuijian/Digital-Calligraphy-FFT-Analysis/data/paired/target/yan_zhenqing_07/05E2B_char_0709.png
yan_zhenqing_07,053CA,/home/intern_2603055/projects/tuijian/Digital-Calligraphy-FFT-Analysis/experiments/generated/yan_zhenqing_07__053CA.png,/home/intern_2603055/projects/tuijian/Digital-Calligraphy-FFT-Analysis/data/paired/target/yan_zhenqing_07/053CA_char_1073.png,/home/intern_2603055/projects/tuijian/Digital-Calligraphy-FFT-Analysis/data/paired/source/053CA.png,/home/intern_2603055/projects/tuijian/Digital-Calligraphy-FFT-Analysis/data/paired/target/yan_zhenqing_07/0679C_char_1587.png
yan_zhenqing_07,096E3,/home/intern_2603055/projects/tuijian/Digital-Calligraphy-FFT-Analysis/experiments/generated/yan_zhenqing_07__096E3.png,/home/intern_2603055/projects/tuijian/Digital-Calligraphy-FFT-Analysis/data/paired/target/yan_zhenqing_07/096E3_char_1847.png,/home/intern_2603055/projects/tuijian/Digital-Calligraphy-FFT-Analysis/data/paired/source/096E3.png,/home/intern_2603055/projects/tuijian/Digital-Calligraphy-FFT-Analysis/data/paired/target/yan_zhenqing_07/05FF5_char_1833.png
yan_zhenqing_07,04FE1,/home/intern_2603055/projects/tuijian/Digital-Calligraphy-FFT-Analysis/experiments/generated/yan_zhenqing_07__04FE1.png,/home/intern_2603055/projects/tuijian/Digital-Calligraphy-FFT-Analysis/data/paired/target/yan_zhenqing_07/04FE1_char_1160.png,/home/intern_2603055/projects/tuijian/Digital-Calligraphy-FFT-Analysis/data/paired/source/04FE1.png,/home/intern_2603055/projects/tuijian/Digital-Calligraphy-FFT-Analysis/data/paired/target/yan_zhenqing_07/09E97_char_1538.png
liu_gongquan_02,050B3,/home/intern_2603055/projects/tuijian/Digital-Calligraphy-FFT-Analysis/experiments/generated/liu_gongquan_02__050B3.png,/home/intern_2603055/projects/tuijian/Digital-Calligraphy-FFT-Analysis/data/paired/target/liu_gongquan_02/050B3_char_0171.png,/home/intern_2603055/projects/tuijian/Digital-Calligraphy-FFT-Analysis/data/paired/source/050B3.png,/home/intern_2603055/projects/tuijian/Digital-Calligraphy-FFT-Analysis/data/paired/target/liu_gongquan_02/04E94_char_1283.png
liu_gongquan_02,06B63,/home/intern_2603055/projects/tuijian/Digital-Calligraphy-FFT-Analysis/experiments/generated/liu_gongquan_02__06B63.png,/home/intern_2603055/projects/tuijian/Digital-Calligraphy-FFT-Analysis/data/paired/target/liu_gongquan_02/06B63_char_0341.png,/home/intern_2603055/projects/tuijian/Digital-Calligraphy-FFT-Analysis/data/paired/source/06B63.png,/home/intern_2603055/projects/tuijian/Digital-Calligraphy-FFT-Analysis/data/paired/target/liu_gongquan_02/0670D_char_0575.png
liu_gongquan_02,08CE2,/home/intern_2603055/projects/tuijian/Digital-Calligraphy-FFT-Analysis/experiments/generated/liu_gongquan_02__08CE2.png,/home/intern_2603055/projects/tuijian/Digital-Calligraphy-FFT-Analysis/data/paired/target/liu_gongquan_02/08CE2_char_0421.png,/home/intern_2603055/projects/tuijian/Digital-Calligraphy-FFT-Analysis/data/paired/source/08CE2.png,/home/intern_2603055/projects/tuijian/Digital-Calligraphy-FFT-Analysis/data/paired/target/liu_gongquan_02/0670D_char_0575.png
liu_gongquan_02,0842C,/home/intern_2603055/projects/tuijian/Digital-Calligraphy-FFT-Analysis/experiments/generated/liu_gongquan_02__0842C.png,/home/intern_2603055/projects/tuijian/Digital-Calligraphy-FFT-Analysis/data/paired/target/liu_gongquan_02/0842C_char_0668.png,/home/intern_2603055/projects/tuijian/Digital-Calligraphy-FFT-Analysis/data/paired/source/0842C.png,/home/intern_2603055/projects/tuijian/Digital-Calligraphy-FFT-Analysis/data/paired/target/liu_gongquan_02/05E2B_char_0485.png
liu_gongquan_02,05236,/home/intern_2603055/projects/tuijian/Digital-Calligraphy-FFT-Analysis/experiments/generated/liu_gongquan_02__05236.png,/home/intern_2603055/projects/tuijian/Digital-Calligraphy-FFT-Analysis/data/paired/target/liu_gongquan_02/05236_char_0444.png,/home/intern_2603055/projects/tuijian/Digital-Calligraphy-FFT-Analysis/data/paired/source/05236.png,/home/intern_2603055/projects/tuijian/Digital-Calligraphy-FFT-Analysis/data/paired/target/liu_gongquan_02/0528D_char_0906.png
liu_gongquan_02,09CF3,/home/intern_2603055/projects/tuijian/Digital-Calligraphy-FFT-Analysis/experiments/generated/liu_gongquan_02__09CF3.png,/home/intern_2603055/projects/tuijian/Digital-Calligraphy-FFT-Analysis/data/paired/target/liu_gongquan_02/09CF3_char_1327.png,/home/intern_2603055/projects/tuijian/Digital-Calligraphy-FFT-Analysis/data/paired/source/09CF3.png,/home/intern_2603055/projects/tuijian/Digital-Calligraphy-FFT-Analysis/data/paired/target/liu_gongquan_02/065E5_char_0065.png
liu_gongquan_02,0528D,/home/intern_2603055/projects/tuijian/Digital-Calligraphy-FFT-Analysis/experiments/generated/liu_gongquan_02__0528D.png,/home/intern_2603055/projects/tuijian/Digital-Calligraphy-FFT-Analysis/data/paired/target/liu_gongquan_02/0528D_char_0906.png,/home/intern_2603055/projects/tuijian/Digital-Calligraphy-FFT-Analysis/data/paired/source/0528D.png,/home/intern_2603055/projects/tuijian/Digital-Calligraphy-FFT-Analysis/data/paired/target/liu_gongquan_02/0606D_char_1533.png
liu_gongquan_02,065B9,/home/intern_2603055/projects/tuijian/Digital-Calligraphy-FFT-Analysis/experiments/generated/liu_gongquan_02__065B9.png,/home/intern_2603055/projects/tuijian/Digital-Calligraphy-FFT-Analysis/data/paired/target/liu_gongquan_02/065B9_char_1308.png,/home/intern_2603055/projects/tuijian/Digital-Calligraphy-FFT-Analysis/data/paired/source/065B9.png,/home/intern_2603055/projects/tuijian/Digital-Calligraphy-FFT-Analysis/data/paired/target/liu_gongquan_02/0540D_char_1140.png
liu_gongquan_02,05F35,/home/intern_2603055/projects/tuijian/Digital-Calligraphy-FFT-Analysis/experiments/generated/liu_gongquan_02__05F35.png,/home/intern_2603055/projects/tuijian/Digital-Calligraphy-FFT-Analysis/data/paired/target/liu_gongquan_02/05F35_char_1317.png,/home/intern_2603055/projects/tuijian/Digital-Calligraphy-FFT-Analysis/data/paired/source/05F35.png,/home/intern_2603055/projects/tuijian/Digital-Calligraphy-FFT-Analysis/data/paired/target/liu_gongquan_02/05E73_char_1089.png
liu_gongquan_02,05F97,/home/intern_2603055/projects/tuijian/Digital-Calligraphy-FFT-Analysis/experiments/generated/liu_gongquan_02__05F97.png,/home/intern_2603055/projects/tuijian/Digital-Calligraphy-FFT-Analysis/data/paired/target/liu_gongquan_02/05F97_char_0753.png,/home/intern_2603055/projects/tuijian/Digital-Calligraphy-FFT-Analysis/data/paired/source/05F97.png,/home/intern_2603055/projects/tuijian/Digital-Calligraphy-FFT-Analysis/data/paired/target/liu_gongquan_02/07FD4_char_1328.png
liu_gongquan_02,080FD,/home/intern_2603055/projects/tuijian/Digital-Calligraphy-FFT-Analysis/experiments/generated/liu_gongquan_02__080FD.png,/home/intern_2603055/projects/tuijian/Digital-Calligraphy-FFT-Analysis/data/paired/target/liu_gongquan_02/080FD_char_1168.png,/home/intern_2603055/projects/tuijian/Digital-Calligraphy-FFT-Analysis/data/paired/source/080FD.png,/home/intern_2603055/projects/tuijian/Digital-Calligraphy-FFT-Analysis/data/paired/target/liu_gongquan_02/050B3_char_0171.png
liu_gongquan_02,06CB3,/home/intern_2603055/projects/tuijian/Digital-Calligraphy-FFT-Analysis/experiments/generated/liu_gongquan_02__06CB3.png,/home/intern_2603055/projects/tuijian/Digital-Calligraphy-FFT-Analysis/data/paired/target/liu_gongquan_02/06CB3_char_1416.png,/home/intern_2603055/projects/tuijian/Digital-Calligraphy-FFT-Analysis/data/paired/source/06CB3.png,/home/intern_2603055/projects/tuijian/Digital-Calligraphy-FFT-Analysis/data/paired/target/liu_gongquan_02/05E1D_char_0059.png
liu_gongquan_02,0738B,/home/intern_2603055/projects/tuijian/Digital-Calligraphy-FFT-Analysis/experiments/generated/liu_gongquan_02__0738B.png,/home/intern_2603055/projects/tuijian/Digital-Calligraphy-FFT-Analysis/data/paired/target/liu_gongquan_02/0738B_char_0468.png,/home/intern_2603055/projects/tuijian/Digital-Calligraphy-FFT-Analysis/data/paired/source/0738B.png,/home/intern_2603055/projects/tuijian/Digital-Calligraphy-FFT-Analysis/data/paired/target/liu_gongquan_02/08C9E_char_0382.png
liu_gongquan_02,07387,/home/intern_2603055/projects/tuijian/Digital-Calligraphy-FFT-Analysis/experiments/generated/liu_gongquan_02__07387.png,/home/intern_2603055/projects/tuijian/Digital-Calligraphy-FFT-Analysis/data/paired/target/liu_gongquan_02/07387_char_1112.png,/home/intern_2603055/projects/tuijian/Digital-Calligraphy-FFT-Analysis/data/paired/source/07387.png,/home/intern_2603055/projects/tuijian/Digital-Calligraphy-FFT-Analysis/data/paired/target/liu_gongquan_02/096F2_char_0172.png
liu_gongquan_02,05468,/home/intern_2603055/projects/tuijian/Digital-Calligraphy-FFT-Analysis/experiments/generated/liu_gongquan_02__05468.png,/home/intern_2603055/projects/tuijian/Digital-Calligraphy-FFT-Analysis/data/paired/target/liu_gongquan_02/05468_char_0074.png,/home/intern_2603055/projects/tuijian/Digital-Calligraphy-FFT-Analysis/data/paired/source/05468.png,/home/intern_2603055/projects/tuijian/Digital-Calligraphy-FFT-Analysis/data/paired/target/liu_gongquan_02/09F8D_char_0601.png
liu_gongquan_02,05B57,/home/intern_2603055/projects/tuijian/Digital-Calligraphy-FFT-Analysis/experiments/generated/liu_gongquan_02__05B57.png,/home/intern_2603055/projects/tuijian/Digital-Calligraphy-FFT-Analysis/data/paired/target/liu_gongquan_02/05B57_char_0040.png,/home/intern_2603055/projects/tuijian/Digital-Calligraphy-FFT-Analysis/data/paired/source/05B57.png,/home/intern_2603055/projects/tuijian/Digital-Calligraphy-FFT-Analysis/data/paired/target/liu_gongquan_02/05584_char_1011.png
liu_gongquan_02,0606D,/home/intern_2603055/projects/tuijian/Digital-Calligraphy-FFT-Analysis/experiments/generated/liu_gongquan_02__0606D.png,/home/intern_2603055/projects/tuijian/Digital-Calligraphy-FFT-Analysis/data/paired/target/liu_gongquan_02/0606D_char_1533.png,/home/intern_2603055/projects/tuijian/Digital-Calligraphy-FFT-Analysis/data/paired/source/0606D.png,/home/intern_2603055/projects/tuijian/Digital-Calligraphy-FFT-Analysis/data/paired/target/liu_gongquan_02/077ED_char_1350.png
liu_gongquan_02,09577,/home/intern_2603055/projects/tuijian/Digital-Calligraphy-FFT-Analysis/experiments/generated/liu_gongquan_02__09577.png,/home/intern_2603055/projects/tuijian/Digital-Calligraphy-FFT-Analysis/data/paired/target/liu_gongquan_02/09577_char_0629.png,/home/intern_2603055/projects/tuijian/Digital-Calligraphy-FFT-Analysis/data/paired/source/09577.png,/home/intern_2603055/projects/tuijian/Digital-Calligraphy-FFT-Analysis/data/paired/target/liu_gongquan_02/080FD_char_1168.png
liu_gongquan_02,08C9E,/home/intern_2603055/projects/tuijian/Digital-Calligraphy-FFT-Analysis/experiments/generated/liu_gongquan_02__08C9E.png,/home/intern_2603055/projects/tuijian/Digital-Calligraphy-FFT-Analysis/data/paired/target/liu_gongquan_02/08C9E_char_0382.png,/home/intern_2603055/projects/tuijian/Digital-Calligraphy-FFT-Analysis/data/paired/source/08C9E.png,/home/intern_2603055/projects/tuijian/Digital-Calligraphy-FFT-Analysis/data/paired/target/liu_gongquan_02/04EBA_char_0124.png
liu_gongquan_02,077ED,/home/intern_2603055/projects/tuijian/Digital-Calligraphy-FFT-Analysis/experiments/generated/liu_gongquan_02__077ED.png,/home/intern_2603055/projects/tuijian/Digital-Calligraphy-FFT-Analysis/data/paired/target/liu_gongquan_02/077ED_char_1350.png,/home/intern_2603055/projects/tuijian/Digital-Calligraphy-FFT-Analysis/data/paired/source/077ED.png,/home/intern_2603055/projects/tuijian/Digital-Calligraphy-FFT-Analysis/data/paired/target/liu_gongquan_02/04F4D_char_0289.png
liu_gongquan_02,04F5C,/home/intern_2603055/projects/tuijian/Digital-Calligraphy-FFT-Analysis/experiments/generated/liu_gongquan_02__04F5C.png,/home/intern_2603055/projects/tuijian/Digital-Calligraphy-FFT-Analysis/data/paired/target/liu_gongquan_02/04F5C_char_0401.png,/home/intern_2603055/projects/tuijian/Digital-Calligraphy-FFT-Analysis/data/paired/source/04F5C.png,/home/intern_2603055/projects/tuijian/Digital-Calligraphy-FFT-Analysis/data/paired/target/liu_gongquan_02/07537_char_1263.png
liu_gongquan_02,0975E,/home/intern_2603055/projects/tuijian/Digital-Calligraphy-FFT-Analysis/experiments/generated/liu_gongquan_02__0975E.png,/home/intern_2603055/projects/tuijian/Digital-Calligraphy-FFT-Analysis/data/paired/target/liu_gongquan_02/0975E_char_1575.png,/home/intern_2603055/projects/tuijian/Digital-Calligraphy-FFT-Analysis/data/paired/source/0975E.png,/home/intern_2603055/projects/tuijian/Digital-Calligraphy-FFT-Analysis/data/paired/target/liu_gongquan_02/0904E_char_1612.png
liu_gongquan_02,07FD4,/home/intern_2603055/projects/tuijian/Digital-Calligraphy-FFT-Analysis/experiments/generated/liu_gongquan_02__07FD4.png,/home/intern_2603055/projects/tuijian/Digital-Calligraphy-FFT-Analysis/data/paired/target/liu_gongquan_02/07FD4_char_1328.png,/home/intern_2603055/projects/tuijian/Digital-Calligraphy-FFT-Analysis/data/paired/source/07FD4.png,/home/intern_2603055/projects/tuijian/Digital-Calligraphy-FFT-Analysis/data/paired/target/liu_gongquan_02/08CE2_char_0421.png
liu_gongquan_02,07537,/home/intern_2603055/projects/tuijian/Digital-Calligraphy-FFT-Analysis/experiments/generated/liu_gongquan_02__07537.png,/home/intern_2603055/projects/tuijian/Digital-Calligraphy-FFT-Analysis/data/paired/target/liu_gongquan_02/07537_char_1263.png,/home/intern_2603055/projects/tuijian/Digital-Calligraphy-FFT-Analysis/data/paired/source/07537.png,/home/intern_2603055/projects/tuijian/Digital-Calligraphy-FFT-Analysis/data/paired/target/liu_gongquan_02/0975E_char_1575.png
liu_gongquan_02,05728,/home/intern_2603055/projects/tuijian/Digital-Calligraphy-FFT-Analysis/experiments/generated/liu_gongquan_02__05728.png,/home/intern_2603055/projects/tuijian/Digital-Calligraphy-FFT-Analysis/data/paired/target/liu_gongquan_02/05728_char_0234.png,/home/intern_2603055/projects/tuijian/Digital-Calligraphy-FFT-Analysis/data/paired/source/05728.png,/home/intern_2603055/projects/tuijian/Digital-Calligraphy-FFT-Analysis/data/paired/target/liu_gongquan_02/06C34_char_1390.png
liu_gongquan_02,06709,/home/intern_2603055/projects/tuijian/Digital-Calligraphy-FFT-Analysis/experiments/generated/liu_gongquan_02__06709.png,/home/intern_2603055/projects/tuijian/Digital-Calligraphy-FFT-Analysis/data/paired/target/liu_gongquan_02/06709_char_0919.png,/home/intern_2603055/projects/tuijian/Digital-Calligraphy-FFT-Analysis/data/paired/source/06709.png,/home/intern_2603055/projects/tuijian/Digital-Calligraphy-FFT-Analysis/data/paired/target/liu_gongquan_02/0975E_char_1575.png
liu_gongquan_02,04E43,/home/intern_2603055/projects/tuijian/Digital-Calligraphy-FFT-Analysis/experiments/generated/liu_gongquan_02__04E43.png,/home/intern_2603055/projects/tuijian/Digital-Calligraphy-FFT-Analysis/data/paired/target/liu_gongquan_02/04E43_char_0457.png,/home/intern_2603055/projects/tuijian/Digital-Calligraphy-FFT-Analysis/data/paired/source/04E43.png,/home/intern_2603055/projects/tuijian/Digital-Calligraphy-FFT-Analysis/data/paired/target/liu_gongquan_02/080FD_char_1168.png
liu_gongquan_02,05FB7,/home/intern_2603055/projects/tuijian/Digital-Calligraphy-FFT-Analysis/experiments/generated/liu_gongquan_02__05FB7.png,/home/intern_2603055/projects/tuijian/Digital-Calligraphy-FFT-Analysis/data/paired/target/liu_gongquan_02/05FB7_char_0524.png,/home/intern_2603055/projects/tuijian/Digital-Calligraphy-FFT-Analysis/data/paired/source/05FB7.png,/home/intern_2603055/projects/tuijian/Digital-Calligraphy-FFT-Analysis/data/paired/target/liu_gongquan_02/0767D_char_1139.png
liu_gongquan_02,09996,/home/intern_2603055/projects/tuijian/Digital-Calligraphy-FFT-Analysis/experiments/generated/liu_gongquan_02__09996.png,/home/intern_2603055/projects/tuijian/Digital-Calligraphy-FFT-Analysis/data/paired/target/liu_gongquan_02/09996_char_0226.png,/home/intern_2603055/projects/tuijian/Digital-Calligraphy-FFT-Analysis/data/paired/source/09996.png,/home/intern_2603055/projects/tuijian/Digital-Calligraphy-FFT-Analysis/data/paired/target/liu_gongquan_02/080B2_char_0523.png
liu_gongquan_02,06210,/home/intern_2603055/projects/tuijian/Digital-Calligraphy-FFT-Analysis/experiments/generated/liu_gongquan_02__06210.png,/home/intern_2603055/projects/tuijian/Digital-Calligraphy-FFT-Analysis/data/paired/target/liu_gongquan_02/06210_char_1522.png,/home/intern_2603055/projects/tuijian/Digital-Calligraphy-FFT-Analysis/data/paired/source/06210.png,/home/intern_2603055/projects/tuijian/Digital-Calligraphy-FFT-Analysis/data/paired/target/liu_gongquan_02/07387_char_1112.png
zhao_mengfu_04,0975E,/home/intern_2603055/projects/tuijian/Digital-Calligraphy-FFT-Analysis/experiments/generated/zhao_mengfu_04__0975E.png,/home/intern_2603055/projects/tuijian/Digital-Calligraphy-FFT-Analysis/data/paired/target/zhao_mengfu_04/0975E_char_0122.png,/home/intern_2603055/projects/tuijian/Digital-Calligraphy-FFT-Analysis/data/paired/source/0975E.png,/home/intern_2603055/projects/tuijian/Digital-Calligraphy-FFT-Analysis/data/paired/target/zhao_mengfu_04/06B78_char_0371.png
zhao_mengfu_04,077E5,/home/intern_2603055/projects/tuijian/Digital-Calligraphy-FFT-Analysis/experiments/generated/zhao_mengfu_04__077E5.png,/home/intern_2603055/projects/tuijian/Digital-Calligraphy-FFT-Analysis/data/paired/target/zhao_mengfu_04/077E5_char_0336.png,/home/intern_2603055/projects/tuijian/Digital-Calligraphy-FFT-Analysis/data/paired/source/077E5.png,/home/intern_2603055/projects/tuijian/Digital-Calligraphy-FFT-Analysis/data/paired/target/zhao_mengfu_04/0967D_char_0465.png
zhao_mengfu_04,06210,/home/intern_2603055/projects/tuijian/Digital-Calligraphy-FFT-Analysis/experiments/generated/zhao_mengfu_04__06210.png,/home/intern_2603055/projects/tuijian/Digital-Calligraphy-FFT-Analysis/data/paired/target/zhao_mengfu_04/06210_char_0220.png,/home/intern_2603055/projects/tuijian/Digital-Calligraphy-FFT-Analysis/data/paired/source/06210.png,/home/intern_2603055/projects/tuijian/Digital-Calligraphy-FFT-Analysis/data/paired/target/zhao_mengfu_04/06A39_char_0208.png
zhao_mengfu_04,08A69,/home/intern_2603055/projects/tuijian/Digital-Calligraphy-FFT-Analysis/experiments/generated/zhao_mengfu_04__08A69.png,/home/intern_2603055/projects/tuijian/Digital-Calligraphy-FFT-Analysis/data/paired/target/zhao_mengfu_04/08A69_char_0383.png,/home/intern_2603055/projects/tuijian/Digital-Calligraphy-FFT-Analysis/data/paired/source/08A69.png,/home/intern_2603055/projects/tuijian/Digital-Calligraphy-FFT-Analysis/data/paired/target/zhao_mengfu_04/07AEF_char_0443.png
zhao_mengfu_04,084CB,/home/intern_2603055/projects/tuijian/Digital-Calligraphy-FFT-Analysis/experiments/generated/zhao_mengfu_04__084CB.png,/home/intern_2603055/projects/tuijian/Digital-Calligraphy-FFT-Analysis/data/paired/target/zhao_mengfu_04/084CB_char_0367.png,/home/intern_2603055/projects/tuijian/Digital-Calligraphy-FFT-Analysis/data/paired/source/084CB.png,/home/intern_2603055/projects/tuijian/Digital-Calligraphy-FFT-Analysis/data/paired/target/zhao_mengfu_04/05730_char_0002.png
zhao_mengfu_04,09E97,/home/intern_2603055/projects/tuijian/Digital-Calligraphy-FFT-Analysis/experiments/generated/zhao_mengfu_04__09E97.png,/home/intern_2603055/projects/tuijian/Digital-Calligraphy-FFT-Analysis/data/paired/target/zhao_mengfu_04/09E97_char_0073.png,/home/intern_2603055/projects/tuijian/Digital-Calligraphy-FFT-Analysis/data/paired/source/09E97.png,/home/intern_2603055/projects/tuijian/Digital-Calligraphy-FFT-Analysis/data/paired/target/zhao_mengfu_04/05236_char_0069.png
zhao_mengfu_04,05EFA,/home/intern_2603055/projects/tuijian/Digital-Calligraphy-FFT-Analysis/experiments/generated/zhao_mengfu_04__05EFA.png,/home/intern_2603055/projects/tuijian/Digital-Calligraphy-FFT-Analysis/data/paired/target/zhao_mengfu_04/05EFA_char_0280.png,/home/intern_2603055/projects/tuijian/Digital-Calligraphy-FFT-Analysis/data/paired/source/05EFA.png,/home/intern_2603055/projects/tuijian/Digital-Calligraphy-FFT-Analysis/data/paired/target/zhao_mengfu_04/056DB_char_0447.png
zhao_mengfu_04,065E5,/home/intern_2603055/projects/tuijian/Digital-Calligraphy-FFT-Analysis/experiments/generated/zhao_mengfu_04__065E5.png,/home/intern_2603055/projects/tuijian/Digital-Calligraphy-FFT-Analysis/data/paired/target/zhao_mengfu_04/065E5_char_0015.png,/home/intern_2603055/projects/tuijian/Digital-Calligraphy-FFT-Analysis/data/paired/source/065E5.png,/home/intern_2603055/projects/tuijian/Digital-Calligraphy-FFT-Analysis/data/paired/target/zhao_mengfu_04/05E1D_char_0275.png
zhao_mengfu_04,0967D,/home/intern_2603055/projects/tuijian/Digital-Calligraphy-FFT-Analysis/experiments/generated/zhao_mengfu_04__0967D.png,/home/intern_2603055/projects/tuijian/Digital-Calligraphy-FFT-Analysis/data/paired/target/zhao_mengfu_04/0967D_char_0465.png,/home/intern_2603055/projects/tuijian/Digital-Calligraphy-FFT-Analysis/data/paired/source/0967D.png,/home/intern_2603055/projects/tuijian/Digital-Calligraphy-FFT-Analysis/data/paired/target/zhao_mengfu_04/09732_char_0446.png
zhao_mengfu_04,06709,/home/intern_2603055/projects/tuijian/Digital-Calligraphy-FFT-Analysis/experiments/generated/zhao_mengfu_04__06709.png,/home/intern_2603055/projects/tuijian/Digital-Calligraphy-FFT-Analysis/data/paired/target/zhao_mengfu_04/06709_char_0286.png,/home/intern_2603055/projects/tuijian/Digital-Calligraphy-FFT-Analysis/data/paired/source/06709.png,/home/intern_2603055/projects/tuijian/Digital-Calligraphy-FFT-Analysis/data/paired/target/zhao_mengfu_04/07FBD_char_0209.png
zhao_mengfu_04,058F9,/home/intern_2603055/projects/tuijian/Digital-Calligraphy-FFT-Analysis/experiments/generated/zhao_mengfu_04__058F9.png,/home/intern_2603055/projects/tuijian/Digital-Calligraphy-FFT-Analysis/data/paired/target/zhao_mengfu_04/058F9_char_0459.png,/home/intern_2603055/projects/tuijian/Digital-Calligraphy-FFT-Analysis/data/paired/source/058F9.png,/home/intern_2603055/projects/tuijian/Digital-Calligraphy-FFT-Analysis/data/paired/target/zhao_mengfu_04/09670_char_0463.png
zhao_mengfu_04,08CE2,/home/intern_2603055/projects/tuijian/Digital-Calligraphy-FFT-Analysis/experiments/generated/zhao_mengfu_04__08CE2.png,/home/intern_2603055/projects/tuijian/Digital-Calligraphy-FFT-Analysis/data/paired/target/zhao_mengfu_04/08CE2_char_0472.png,/home/intern_2603055/projects/tuijian/Digital-Calligraphy-FFT-Analysis/data/paired/source/08CE2.png,/home/intern_2603055/projects/tuijian/Digital-Calligraphy-FFT-Analysis/data/paired/target/zhao_mengfu_04/08FB0_char_0158.png
zhao_mengfu_04,080FD,/home/intern_2603055/projects/tuijian/Digital-Calligraphy-FFT-Analysis/experiments/generated/zhao_mengfu_04__080FD.png,/home/intern_2603055/projects/tuijian/Digital-Calligraphy-FFT-Analysis/data/paired/target/zhao_mengfu_04/080FD_char_0147.png,/home/intern_2603055/projects/tuijian/Digital-Calligraphy-FFT-Analysis/data/paired/source/080FD.png,/home/intern_2603055/projects/tuijian/Digital-Calligraphy-FFT-Analysis/data/paired/target/zhao_mengfu_04/06539_char_0091.png
zhao_mengfu_04,059CB,/home/intern_2603055/projects/tuijian/Digital-Calligraphy-FFT-Analysis/experiments/generated/zhao_mengfu_04__059CB.png,/home/intern_2603055/projects/tuijian/Digital-Calligraphy-FFT-Analysis/data/paired/target/zhao_mengfu_04/059CB_char_0244.png,/home/intern_2603055/projects/tuijian/Digital-Calligraphy-FFT-Analysis/data/paired/source/059CB.png,/home/intern_2603055/projects/tuijian/Digital-Calligraphy-FFT-Analysis/data/paired/target/zhao_mengfu_04/09670_char_0463.png
zhao_mengfu_04,06B78,/home/intern_2603055/projects/tuijian/Digital-Calligraphy-FFT-Analysis/experiments/generated/zhao_mengfu_04__06B78.png,/home/intern_2603055/projects/tuijian/Digital-Calligraphy-FFT-Analysis/data/paired/target/zhao_mengfu_04/06B78_char_0371.png,/home/intern_2603055/projects/tuijian/Digital-Calligraphy-FFT-Analysis/data/paired/source/06B78.png,/home/intern_2603055/projects/tuijian/Digital-Calligraphy-FFT-Analysis/data/paired/target/zhao_mengfu_04/04F5C_char_0381.png
zhao_mengfu_04,07384,/home/intern_2603055/projects/tuijian/Digital-Calligraphy-FFT-Analysis/experiments/generated/zhao_mengfu_04__07384.png,/home/intern_2603055/projects/tuijian/Digital-Calligraphy-FFT-Analysis/data/paired/target/zhao_mengfu_04/07384_char_0340.png,/home/intern_2603055/projects/tuijian/Digital-Calligraphy-FFT-Analysis/data/paired/source/07384.png,/home/intern_2603055/projects/tuijian/Digital-Calligraphy-FFT-Analysis/data/paired/target/zhao_mengfu_04/04E43_char_0431.png
zhao_mengfu_04,09732,/home/intern_2603055/projects/tuijian/Digital-Calligraphy-FFT-Analysis/experiments/generated/zhao_mengfu_04__09732.png,/home/intern_2603055/projects/tuijian/Digital-Calligraphy-FFT-Analysis/data/paired/target/zhao_mengfu_04/09732_char_0446.png,/home/intern_2603055/projects/tuijian/Digital-Calligraphy-FFT-Analysis/data/paired/source/09732.png,/home/intern_2603055/projects/tuijian/Digital-Calligraphy-FFT-Analysis/data/paired/target/zhao_mengfu_04/058F9_char_0459.png
zhao_mengfu_04,060DF,/home/intern_2603055/projects/tuijian/Digital-Calligraphy-FFT-Analysis/experiments/generated/zhao_mengfu_04__060DF.png,/home/intern_2603055/projects/tuijian/Digital-Calligraphy-FFT-Analysis/data/paired/target/zhao_mengfu_04/060DF_char_0274.png,/home/intern_2603055/projects/tuijian/Digital-Calligraphy-FFT-Analysis/data/paired/source/060DF.png,/home/intern_2603055/projects/tuijian/Digital-Calligraphy-FFT-Analysis/data/paired/target/zhao_mengfu_04/09EC3_char_0021.png
zhao_mengfu_04,05F7C,/home/intern_2603055/projects/tuijian/Digital-Calligraphy-FFT-Analysis/experiments/generated/zhao_mengfu_04__05F7C.png,/home/intern_2603055/projects/tuijian/Digital-Calligraphy-FFT-Analysis/data/paired/target/zhao_mengfu_04/05F7C_char_0408.png,/home/intern_2603055/projects/tuijian/Digital-Calligraphy-FFT-Analysis/data/paired/source/05F7C.png,/home/intern_2603055/projects/tuijian/Digital-Calligraphy-FFT-Analysis/data/paired/target/zhao_mengfu_04/05468_char_0204.png
zhao_mengfu_04,06728,/home/intern_2603055/projects/tuijian/Digital-Calligraphy-FFT-Analysis/experiments/generated/zhao_mengfu_04__06728.png,/home/intern_2603055/projects/tuijian/Digital-Calligraphy-FFT-Analysis/data/paired/target/zhao_mengfu_04/06728_char_0265.png,/home/intern_2603055/projects/tuijian/Digital-Calligraphy-FFT-Analysis/data/paired/source/06728.png,/home/intern_2603055/projects/tuijian/Digital-Calligraphy-FFT-Analysis/data/paired/target/zhao_mengfu_04/0884C_char_0480.png
zhao_mengfu_04,09CF4,/home/intern_2603055/projects/tuijian/Digital-Calligraphy-FFT-Analysis/experiments/generated/zhao_mengfu_04__09CF4.png,/home/intern_2603055/projects/tuijian/Digital-Calligraphy-FFT-Analysis/data/paired/target/zhao_mengfu_04/09CF4_char_0230.png,/home/intern_2603055/projects/tuijian/Digital-Calligraphy-FFT-Analysis/data/paired/source/09CF4.png,/home/intern_2603055/projects/tuijian/Digital-Calligraphy-FFT-Analysis/data/paired/target/zhao_mengfu_04/06709_char_0286.png
zhao_mengfu_04,08EAB,/home/intern_2603055/projects/tuijian/Digital-Calligraphy-FFT-Analysis/experiments/generated/zhao_mengfu_04__08EAB.png,/home/intern_2603055/projects/tuijian/Digital-Calligraphy-FFT-Analysis/data/paired/target/zhao_mengfu_04/08EAB_char_0115.png,/home/intern_2603055/projects/tuijian/Digital-Calligraphy-FFT-Analysis/data/paired/source/08EAB.png,/home/intern_2603055/projects/tuijian/Digital-Calligraphy-FFT-Analysis/data/paired/target/zhao_mengfu_04/07AEF_char_0443.png
zhao_mengfu_04,07AEF,/home/intern_2603055/projects/tuijian/Digital-Calligraphy-FFT-Analysis/experiments/generated/zhao_mengfu_04__07AEF.png,/home/intern_2603055/projects/tuijian/Digital-Calligraphy-FFT-Analysis/data/paired/target/zhao_mengfu_04/07AEF_char_0443.png,/home/intern_2603055/projects/tuijian/Digital-Calligraphy-FFT-Analysis/data/paired/source/07AEF.png,/home/intern_2603055/projects/tuijian/Digital-Calligraphy-FFT-Analysis/data/paired/target/zhao_mengfu_04/053EF_char_0216.png
zhao_mengfu_04,04E43,/home/intern_2603055/projects/tuijian/Digital-Calligraphy-FFT-Analysis/experiments/generated/zhao_mengfu_04__04E43.png,/home/intern_2603055/projects/tuijian/Digital-Calligraphy-FFT-Analysis/data/paired/target/zhao_mengfu_04/04E43_char_0431.png,/home/intern_2603055/projects/tuijian/Digital-Calligraphy-FFT-Analysis/data/paired/source/04E43.png,/home/intern_2603055/projects/tuijian/Digital-Calligraphy-FFT-Analysis/data/paired/target/zhao_mengfu_04/06C11_char_0449.png
zhao_mengfu_04,0842C,/home/intern_2603055/projects/tuijian/Digital-Calligraphy-FFT-Analysis/experiments/generated/zhao_mengfu_04__0842C.png,/home/intern_2603055/projects/tuijian/Digital-Calligraphy-FFT-Analysis/data/paired/target/zhao_mengfu_04/0842C_char_0102.png,/home/intern_2603055/projects/tuijian/Digital-Calligraphy-FFT-Analysis/data/paired/source/0842C.png,/home/intern_2603055/projects/tuijian/Digital-Calligraphy-FFT-Analysis/data/paired/target/zhao_mengfu_04/05927_char_0397.png
zhao_mengfu_04,073CD,/home/intern_2603055/projects/tuijian/Digital-Calligraphy-FFT-Analysis/experiments/generated/zhao_mengfu_04__073CD.png,/home/intern_2603055/projects/tuijian/Digital-Calligraphy-FFT-Analysis/data/paired/target/zhao_mengfu_04/073CD_char_0433.png,/home/intern_2603055/projects/tuijian/Digital-Calligraphy-FFT-Analysis/data/paired/source/073CD.png,/home/intern_2603055/projects/tuijian/Digital-Calligraphy-FFT-Analysis/data/paired/target/zhao_mengfu_04/0975E_char_0122.png
zhao_mengfu_04,051FA,/home/intern_2603055/projects/tuijian/Digital-Calligraphy-FFT-Analysis/experiments/generated/zhao_mengfu_04__051FA.png,/home/intern_2603055/projects/tuijian/Digital-Calligraphy-FFT-Analysis/data/paired/target/zhao_mengfu_04/051FA_char_0017.png,/home/intern_2603055/projects/tuijian/Digital-Calligraphy-FFT-Analysis/data/paired/source/051FA.png,/home/intern_2603055/projects/tuijian/Digital-Calligraphy-FFT-Analysis/data/paired/target/zhao_mengfu_04/07FBD_char_0209.png
zhao_mengfu_04,06708,/home/intern_2603055/projects/tuijian/Digital-Calligraphy-FFT-Analysis/experiments/generated/zhao_mengfu_04__06708.png,/home/intern_2603055/projects/tuijian/Digital-Calligraphy-FFT-Analysis/data/paired/target/zhao_mengfu_04/06708_char_0016.png,/home/intern_2603055/projects/tuijian/Digital-Calligraphy-FFT-Analysis/data/paired/source/06708.png,/home/intern_2603055/projects/tuijian/Digital-Calligraphy-FFT-Analysis/data/paired/target/zhao_mengfu_04/05927_char_0397.png
zhao_mengfu_04,05E38,/home/intern_2603055/projects/tuijian/Digital-Calligraphy-FFT-Analysis/experiments/generated/zhao_mengfu_04__05E38.png,/home/intern_2603055/projects/tuijian/Digital-Calligraphy-FFT-Analysis/data/paired/target/zhao_mengfu_04/05E38_char_0469.png,/home/intern_2603055/projects/tuijian/Digital-Calligraphy-FFT-Analysis/data/paired/source/05E38.png,/home/intern_2603055/projects/tuijian/Digital-Calligraphy-FFT-Analysis/data/paired/target/zhao_mengfu_04/08A69_char_0383.png
zhao_mengfu_04,09053,/home/intern_2603055/projects/tuijian/Digital-Calligraphy-FFT-Analysis/experiments/generated/zhao_mengfu_04__09053.png,/home/intern_2603055/projects/tuijian/Digital-Calligraphy-FFT-Analysis/data/paired/target/zhao_mengfu_04/09053_char_0022.png,/home/intern_2603055/projects/tuijian/Digital-Calligraphy-FFT-Analysis/data/paired/source/09053.png,/home/intern_2603055/projects/tuijian/Digital-Calligraphy-FFT-Analysis/data/paired/target/zhao_mengfu_04/06A39_char_0208.png
shen_yinmo_01,04E43,/home/intern_2603055/projects/tuijian/Digital-Calligraphy-FFT-Analysis/experiments/generated/shen_yinmo_01__04E43.png,/home/intern_2603055/projects/tuijian/Digital-Calligraphy-FFT-Analysis/data/paired/target/shen_yinmo_01/04E43_font_00_0120.png,/home/intern_2603055/projects/tuijian/Digital-Calligraphy-FFT-Analysis/data/paired/source/04E43.png,/home/intern_2603055/projects/tuijian/Digital-Calligraphy-FFT-Analysis/data/paired/target/shen_yinmo_01/07DAD_font_00_0021.png
shen_yinmo_01,05468,/home/intern_2603055/projects/tuijian/Digital-Calligraphy-FFT-Analysis/experiments/generated/shen_yinmo_01__05468.png,/home/intern_2603055/projects/tuijian/Digital-Calligraphy-FFT-Analysis/data/paired/target/shen_yinmo_01/05468_font_00_0292.png,/home/intern_2603055/projects/tuijian/Digital-Calligraphy-FFT-Analysis/data/paired/source/05468.png,/home/intern_2603055/projects/tuijian/Digital-Calligraphy-FFT-Analysis/data/paired/target/shen_yinmo_01/06B64_font_00_0214.png
shen_yinmo_01,04F0F,/home/intern_2603055/projects/tuijian/Digital-Calligraphy-FFT-Analysis/experiments/generated/shen_yinmo_01__04F0F.png,/home/intern_2603055/projects/tuijian/Digital-Calligraphy-FFT-Analysis/data/paired/target/shen_yinmo_01/04F0F_font_00_0876.png,/home/intern_2603055/projects/tuijian/Digital-Calligraphy-FFT-Analysis/data/paired/source/04F0F.png,/home/intern_2603055/projects/tuijian/Digital-Calligraphy-FFT-Analysis/data/paired/target/shen_yinmo_01/05316_font_00_0313.png
shen_yinmo_01,060B2,/home/intern_2603055/projects/tuijian/Digital-Calligraphy-FFT-Analysis/experiments/generated/shen_yinmo_01__060B2.png,/home/intern_2603055/projects/tuijian/Digital-Calligraphy-FFT-Analysis/data/paired/target/shen_yinmo_01/060B2_font_00_0811.png,/home/intern_2603055/projects/tuijian/Digital-Calligraphy-FFT-Analysis/data/paired/source/060B2.png,/home/intern_2603055/projects/tuijian/Digital-Calligraphy-FFT-Analysis/data/paired/target/shen_yinmo_01/05802_font_00_0207.png
shen_yinmo_01,0751F,/home/intern_2603055/projects/tuijian/Digital-Calligraphy-FFT-Analysis/experiments/generated/shen_yinmo_01__0751F.png,/home/intern_2603055/projects/tuijian/Digital-Calligraphy-FFT-Analysis/data/paired/target/shen_yinmo_01/0751F_font_00_0674.png,/home/intern_2603055/projects/tuijian/Digital-Calligraphy-FFT-Analysis/data/paired/source/0751F.png,/home/intern_2603055/projects/tuijian/Digital-Calligraphy-FFT-Analysis/data/paired/target/shen_yinmo_01/05927_font_00_0308.png
shen_yinmo_01,09918,/home/intern_2603055/projects/tuijian/Digital-Calligraphy-FFT-Analysis/experiments/generated/shen_yinmo_01__09918.png,/home/intern_2603055/projects/tuijian/Digital-Calligraphy-FFT-Analysis/data/paired/target/shen_yinmo_01/09918_font_00_0221.png,/home/intern_2603055/projects/tuijian/Digital-Calligraphy-FFT-Analysis/data/paired/source/09918.png,/home/intern_2603055/projects/tuijian/Digital-Calligraphy-FFT-Analysis/data/paired/target/shen_yinmo_01/0671D_font_00_0010.png
shen_yinmo_01,097A0,/home/intern_2603055/projects/tuijian/Digital-Calligraphy-FFT-Analysis/experiments/generated/shen_yinmo_01__097A0.png,/home/intern_2603055/projects/tuijian/Digital-Calligraphy-FFT-Analysis/data/paired/target/shen_yinmo_01/097A0_font_00_0110.png,/home/intern_2603055/projects/tuijian/Digital-Calligraphy-FFT-Analysis/data/paired/source/097A0.png,/home/intern_2603055/projects/tuijian/Digital-Calligraphy-FFT-Analysis/data/paired/target/shen_yinmo_01/07DAD_font_00_0021.png
shen_yinmo_01,05E73,/home/intern_2603055/projects/tuijian/Digital-Calligraphy-FFT-Analysis/experiments/generated/shen_yinmo_01__05E73.png,/home/intern_2603055/projects/tuijian/Digital-Calligraphy-FFT-Analysis/data/paired/target/shen_yinmo_01/05E73_font_00_0675.png,/home/intern_2603055/projects/tuijian/Digital-Calligraphy-FFT-Analysis/data/paired/source/05E73.png,/home/intern_2603055/projects/tuijian/Digital-Calligraphy-FFT-Analysis/data/paired/target/shen_yinmo_01/04F4D_font_00_0080.png
shen_yinmo_01,07ACB,/home/intern_2603055/projects/tuijian/Digital-Calligraphy-FFT-Analysis/experiments/generated/shen_yinmo_01__07ACB.png,/home/intern_2603055/projects/tuijian/Digital-Calligraphy-FFT-Analysis/data/paired/target/shen_yinmo_01/07ACB_font_00_0563.png,/home/intern_2603055/projects/tuijian/Digital-Calligraphy-FFT-Analysis/data/paired/source/07ACB.png,/home/intern_2603055/projects/tuijian/Digital-Calligraphy-FFT-Analysis/data/paired/target/shen_yinmo_01/06B64_font_00_0214.png
shen_yinmo_01,07537,/home/intern_2603055/projects/tuijian/Digital-Calligraphy-FFT-Analysis/experiments/generated/shen_yinmo_01__07537.png,/home/intern_2603055/projects/tuijian/Digital-Calligraphy-FFT-Analysis/data/paired/target/shen_yinmo_01/07537_font_00_0054.png,/home/intern_2603055/projects/tuijian/Digital-Calligraphy-FFT-Analysis/data/paired/source/07537.png,/home/intern_2603055/projects/tuijian/Digital-Calligraphy-FFT-Analysis/data/paired/target/shen_yinmo_01/04F4D_font_00_0080.png
shen_yinmo_01,0671D,/home/intern_2603055/projects/tuijian/Digital-Calligraphy-FFT-Analysis/experiments/generated/shen_yinmo_01__0671D.png,/home/intern_2603055/projects/tuijian/Digital-Calligraphy-FFT-Analysis/data/paired/target/shen_yinmo_01/0671D_font_00_0010.png,/home/intern_2603055/projects/tuijian/Digital-Calligraphy-FFT-Analysis/data/paired/source/0671D.png,/home/intern_2603055/projects/tuijian/Digital-Calligraphy-FFT-Analysis/data/paired/target/shen_yinmo_01/076C8_font_00_0174.png
shen_yinmo_01,065B9,/home/intern_2603055/projects/tuijian/Digital-Calligraphy-FFT-Analysis/experiments/generated/shen_yinmo_01__065B9.png,/home/intern_2603055/projects/tuijian/Digital-Calligraphy-FFT-Analysis/data/paired/target/shen_yinmo_01/065B9_font_00_0727.png,/home/intern_2603055/projects/tuijian/Digital-Calligraphy-FFT-Analysis/data/paired/source/065B9.png,/home/intern_2603055/projects/tuijian/Digital-Calligraphy-FFT-Analysis/data/paired/target/shen_yinmo_01/05B57_font_00_0798.png
shen_yinmo_01,0670D,/home/intern_2603055/projects/tuijian/Digital-Calligraphy-FFT-Analysis/experiments/generated/shen_yinmo_01__0670D.png,/home/intern_2603055/projects/tuijian/Digital-Calligraphy-FFT-Analysis/data/paired/target/shen_yinmo_01/0670D_font_00_0373.png,/home/intern_2603055/projects/tuijian/Digital-Calligraphy-FFT-Analysis/data/paired/source/0670D.png,/home/intern_2603055/projects/tuijian/Digital-Calligraphy-FFT-Analysis/data/paired/target/shen_yinmo_01/080B2_font_00_0473.png
shen_yinmo_01,05B57,/home/intern_2603055/projects/tuijian/Digital-Calligraphy-FFT-Analysis/experiments/generated/shen_yinmo_01__05B57.png,/home/intern_2603055/projects/tuijian/Digital-Calligraphy-FFT-Analysis/data/paired/target/shen_yinmo_01/05B57_font_00_0798.png,/home/intern_2603055/projects/tuijian/Digital-Calligraphy-FFT-Analysis/data/paired/source/05B57.png,/home/intern_2603055/projects/tuijian/Digital-Calligraphy-FFT-Analysis/data/paired/target/shen_yinmo_01/0611B_font_00_0332.png
shen_yinmo_01,0865E,/home/intern_2603055/projects/tuijian/Digital-Calligraphy-FFT-Analysis/experiments/generated/shen_yinmo_01__0865E.png,/home/intern_2603055/projects/tuijian/Digital-Calligraphy-FFT-Analysis/data/paired/target/shen_yinmo_01/0865E_font_00_0663.png,/home/intern_2603055/projects/tuijian/Digital-Calligraphy-FFT-Analysis/data/paired/source/0865E.png,/home/intern_2603055/projects/tuijian/Digital-Calligraphy-FFT-Analysis/data/paired/target/shen_yinmo_01/065E5_font_00_0652.png
shen_yinmo_01,06548,/home/intern_2603055/projects/tuijian/Digital-Calligraphy-FFT-Analysis/experiments/generated/shen_yinmo_01__06548.png,/home/intern_2603055/projects/tuijian/Digital-Calligraphy-FFT-Analysis/data/paired/target/shen_yinmo_01/06548_font_00_0828.png,/home/intern_2603055/projects/tuijian/Digital-Calligraphy-FFT-Analysis/data/paired/source/06548.png,/home/intern_2603055/projects/tuijian/Digital-Calligraphy-FFT-Analysis/data/paired/target/shen_yinmo_01/07ACB_font_00_0563.png
shen_yinmo_01,084CB,/home/intern_2603055/projects/tuijian/Digital-Calligraphy-FFT-Analysis/experiments/generated/shen_yinmo_01__084CB.png,/home/intern_2603055/projects/tuijian/Digital-Calligraphy-FFT-Analysis/data/paired/target/shen_yinmo_01/084CB_font_00_0768.png,/home/intern_2603055/projects/tuijian/Digital-Calligraphy-FFT-Analysis/data/paired/source/084CB.png,/home/intern_2603055/projects/tuijian/Digital-Calligraphy-FFT-Analysis/data/paired/target/shen_yinmo_01/06B63_font_00_0036.png
shen_yinmo_01,06043,/home/intern_2603055/projects/tuijian/Digital-Calligraphy-FFT-Analysis/experiments/generated/shen_yinmo_01__06043.png,/home/intern_2603055/projects/tuijian/Digital-Calligraphy-FFT-Analysis/data/paired/target/shen_yinmo_01/06043_font_00_0167.png,/home/intern_2603055/projects/tuijian/Digital-Calligraphy-FFT-Analysis/data/paired/source/06043.png,/home/intern_2603055/projects/tuijian/Digital-Calligraphy-FFT-Analysis/data/paired/target/shen_yinmo_01/07AEF_font_00_0212.png
shen_yinmo_01,0570B,/home/intern_2603055/projects/tuijian/Digital-Calligraphy-FFT-Analysis/experiments/generated/shen_yinmo_01__0570B.png,/home/intern_2603055/projects/tuijian/Digital-Calligraphy-FFT-Analysis/data/paired/target/shen_yinmo_01/0570B_font_00_0025.png,/home/intern_2603055/projects/tuijian/Digital-Calligraphy-FFT-Analysis/data/paired/source/0570B.png,/home/intern_2603055/projects/tuijian/Digital-Calligraphy-FFT-Analysis/data/paired/target/shen_yinmo_01/06D77_font_00_0376.png
shen_yinmo_01,0540D,/home/intern_2603055/projects/tuijian/Digital-Calligraphy-FFT-Analysis/experiments/generated/shen_yinmo_01__0540D.png,/home/intern_2603055/projects/tuijian/Digital-Calligraphy-FFT-Analysis/data/paired/target/shen_yinmo_01/0540D_font_00_0639.png,/home/intern_2603055/projects/tuijian/Digital-Calligraphy-FFT-Analysis/data/paired/source/0540D.png,/home/intern_2603055/projects/tuijian/Digital-Calligraphy-FFT-Analysis/data/paired/target/shen_yinmo_01/0554F_font_00_0301.png
shen_yinmo_01,06562,/home/intern_2603055/projects/tuijian/Digital-Calligraphy-FFT-Analysis/experiments/generated/shen_yinmo_01__06562.png,/home/intern_2603055/projects/tuijian/Digital-Calligraphy-FFT-Analysis/data/paired/target/shen_yinmo_01/06562_font_00_0826.png,/home/intern_2603055/projects/tuijian/Digital-Calligraphy-FFT-Analysis/data/paired/source/06562.png,/home/intern_2603055/projects/tuijian/Digital-Calligraphy-FFT-Analysis/data/paired/target/shen_yinmo_01/060DF_font_00_0735.png
shen_yinmo_01,05584,/home/intern_2603055/projects/tuijian/Digital-Calligraphy-FFT-Analysis/experiments/generated/shen_yinmo_01__05584.png,/home/intern_2603055/projects/tuijian/Digital-Calligraphy-FFT-Analysis/data/paired/target/shen_yinmo_01/05584_font_00_0717.png,/home/intern_2603055/projects/tuijian/Digital-Calligraphy-FFT-Analysis/data/paired/source/05584.png,/home/intern_2603055/projects/tuijian/Digital-Calligraphy-FFT-Analysis/data/paired/target/shen_yinmo_01/083AB_font_00_0822.png
shen_yinmo_01,0611B,/home/intern_2603055/projects/tuijian/Digital-Calligraphy-FFT-Analysis/experiments/generated/shen_yinmo_01__0611B.png,/home/intern_2603055/projects/tuijian/Digital-Calligraphy-FFT-Analysis/data/paired/target/shen_yinmo_01/0611B_font_00_0332.png,/home/intern_2603055/projects/tuijian/Digital-Calligraphy-FFT-Analysis/data/paired/source/0611B.png,/home/intern_2603055/projects/tuijian/Digital-Calligraphy-FFT-Analysis/data/paired/target/shen_yinmo_01/081F4_font_00_0173.png
shen_yinmo_01,09996,/home/intern_2603055/projects/tuijian/Digital-Calligraphy-FFT-Analysis/experiments/generated/shen_yinmo_01__09996.png,/home/intern_2603055/projects/tuijian/Digital-Calligraphy-FFT-Analysis/data/paired/target/shen_yinmo_01/09996_font_00_0327.png,/home/intern_2603055/projects/tuijian/Digital-Calligraphy-FFT-Analysis/data/paired/source/09996.png,/home/intern_2603055/projects/tuijian/Digital-Calligraphy-FFT-Analysis/data/paired/target/shen_yinmo_01/07A4D_font_00_0743.png
shen_yinmo_01,05802,/home/intern_2603055/projects/tuijian/Digital-Calligraphy-FFT-Analysis/experiments/generated/shen_yinmo_01__05802.png,/home/intern_2603055/projects/tuijian/Digital-Calligraphy-FFT-Analysis/data/paired/target/shen_yinmo_01/05802_font_00_0207.png,/home/intern_2603055/projects/tuijian/Digital-Calligraphy-FFT-Analysis/data/paired/source/05802.png,/home/intern_2603055/projects/tuijian/Digital-Calligraphy-FFT-Analysis/data/paired/target/shen_yinmo_01/07387_font_00_0057.png
shen_yinmo_01,080B2,/home/intern_2603055/projects/tuijian/Digital-Calligraphy-FFT-Analysis/experiments/generated/shen_yinmo_01__080B2.png,/home/intern_2603055/projects/tuijian/Digital-Calligraphy-FFT-Analysis/data/paired/target/shen_yinmo_01/080B2_font_00_0473.png,/home/intern_2603055/projects/tuijian/Digital-Calligraphy-FFT-Analysis/data/paired/source/080B2.png,/home/intern_2603055/projects/tuijian/Digital-Calligraphy-FFT-Analysis/data/paired/target/shen_yinmo_01/065B9_font_00_0727.png
shen_yinmo_01,0865B,/home/intern_2603055/projects/tuijian/Digital-Calligraphy-FFT-Analysis/experiments/generated/shen_yinmo_01__0865B.png,/home/intern_2603055/projects/tuijian/Digital-Calligraphy-FFT-Analysis/data/paired/target/shen_yinmo_01/0865B_font_00_0634.png,/home/intern_2603055/projects/tuijian/Digital-Calligraphy-FFT-Analysis/data/paired/source/0865B.png,/home/intern_2603055/projects/tuijian/Digital-Calligraphy-FFT-Analysis/data/paired/target/shen_yinmo_01/05F97_font_00_0547.png
shen_yinmo_01,08CD3,/home/intern_2603055/projects/tuijian/Digital-Calligraphy-FFT-Analysis/experiments/generated/shen_yinmo_01__08CD3.png,/home/intern_2603055/projects/tuijian/Digital-Calligraphy-FFT-Analysis/data/paired/target/shen_yinmo_01/08CD3_font_00_0856.png,/home/intern_2603055/projects/tuijian/Digital-Calligraphy-FFT-Analysis/data/paired/source/08CD3.png,/home/intern_2603055/projects/tuijian/Digital-Calligraphy-FFT-Analysis/data/paired/target/shen_yinmo_01/060B2_font_00_0811.png
shen_yinmo_01,0990A,/home/intern_2603055/projects/tuijian/Digital-Calligraphy-FFT-Analysis/experiments/generated/shen_yinmo_01__0990A.png,/home/intern_2603055/projects/tuijian/Digital-Calligraphy-FFT-Analysis/data/paired/target/shen_yinmo_01/0990A_font_00_0086.png,/home/intern_2603055/projects/tuijian/Digital-Calligraphy-FFT-Analysis/data/paired/source/0990A.png,/home/intern_2603055/projects/tuijian/Digital-Calligraphy-FFT-Analysis/data/paired/target/shen_yinmo_01/059CB_font_00_0788.png
shen_yinmo_01,056DB,/home/intern_2603055/projects/tuijian/Digital-Calligraphy-FFT-Analysis/experiments/generated/shen_yinmo_01__056DB.png,/home/intern_2603055/projects/tuijian/Digital-Calligraphy-FFT-Analysis/data/paired/target/shen_yinmo_01/056DB_font_00_0151.png,/home/intern_2603055/projects/tuijian/Digital-Calligraphy-FFT-Analysis/data/paired/source/056DB.png,/home/intern_2603055/projects/tuijian/Digital-Calligraphy-FFT-Analysis/data/paired/target/shen_yinmo_01/05468_font_00_0292.png
