book,label,char,path
zhiyong_00,zhiyong,天,Fonts/my_fonts/00/char_0001.png
shen_yinmo_01,shen_yinmo,天,Fonts/my_fonts/01/font_00_0570.png
liu_gongquan_02,liu_gongquan,天,Fonts/my_fonts/02/char_0511.png
liu_gongquan_02,liu_gongquan,天,Fonts/my_fonts/02/char_1498.png
ouyang_xun_03,ouyang_xun,天,Fonts/my_fonts/03/char_0793.png
ouyang_xun_03,ouyang_xun,天,Fonts/my_fonts/03/char_0927.png
ouyang_xun_03,ouyang_xun,天,Fonts/my_fonts/03/char_0934.png
ouyang_xun_03,ouyang_xun,天,Fonts/my_fonts/03/char_1049.png
zhao_mengfu_04,zhao_mengfu,天,Fonts/my_fonts/04/char_0001.png
zhao_mengfu_04,zhao_mengfu,天,Fonts/my_fonts/04/char_0288.png
zhao_mengfu_04,zhao_mengfu,天,Fonts/my_fonts/04/char_0391.png
yu_shinan_06,yu_shinan,天,Fonts/my_fonts/06/char_0225.png
yu_shinan_06,yu_shinan,天,Fonts/my_fonts/06/char_0293.png
yan_zhenqing_07,yan_zhenqing,天,Fonts/my_fonts/07/char_0540.png
yan_zhenqing_07,yan_zhenqing,天,Fonts/my_fonts/07/char_0555.png
yan_zhenqing_07,yan_zhenqing,天,Fonts/my_fonts/07/char_0634.png
yan_zhenqing_07,yan_zhenqing,天,Fonts/my_fonts/07/char_0661.png
yan_zhenqing_07,yan_zhenqing,天,Fonts/my_fonts/07/char_0750.png
yan_zhenqing_07,yan_zhenqing,天,Fonts/my_fonts/07/char_1146.png
yan_zhenqing_07,yan_zhenqing,天,Fonts/my_fonts/07/char_1302.png
yan_zhenqing_07,yan_zhenqing,天,Fonts/my_fonts/07/char_1441.png
yan_zhenqing_07,yan_zhenqing,天,Fonts/my_fonts/07/char_1539.png
yan_zhenqing_07,yan_zhenqing,天,Fonts/my_fonts/07/char_1798.png
yan_zhenqing_07,yan_zhenqing,天,Fonts/my_fonts/07/char_1961.png
zhiyong_00,zhiyong,地,Fonts/my_fonts/00/char_0002.png
ouyang_xun_03,ouyang_xun,地,Fonts/my_fonts/03/char_0161.png
ouyang_xun_03,ouyang_xun,地,Fonts/my_fonts/03/char_0228.png
zhao_mengfu_04,zhao_mengfu,地,Fonts/my_fonts/04/char_0002.png
yu_shinan_06,yu_shinan,地,Fonts/my_fonts/06/char_0199.png
yan_zhenqing_07,yan_zhenqing,地,Fonts/my_fonts/07/char_0362.png
yan_zhenqing_07,yan_zhenqing,地,Fonts/my_fonts/07/char_0431.png
yan_zhenqing_07,yan_zhenqing,地,Fonts/my_fonts/07/char_1248.png
zhiyong_00,zhiyong,玄,Fonts/my_fonts/00/char_0003.png
shen_yinmo_01,shen_yinmo,玄,Fonts/my_fonts/01/font_00_0732.png
liu_gongquan_02,liu_gongquan,玄,Fonts/my_fonts/02/char_0729.png
liu_gongquan_02,liu_gongquan,玄,Fonts/my_fonts/02/char_0793.png
liu_gongquan_02,liu_gongquan,玄,Fonts/my_fonts/02/char_1221.png
ouyang_xun_03,ouyang_xun,玄,Fonts/my_fonts/03/char_0225.png
ouyang_xun_03,ouyang_xun,玄,Fonts/my_fonts/03/char_0613.png
ouyang_xun_03,ouyang_xun,玄,Fonts/my_fonts/03/char_0791.png
ouyang_xun_03,ouyang_xun,玄,Fonts/my_fonts/03/char_0909.png
zhao_mengfu_04,zhao_mengfu,玄,Fonts/my_fonts/04/char_0037.png
zhao_mengfu_04,zhao_mengfu,玄,Fonts/my_fonts/04/char_0085.png
zhao_mengfu_04,zhao_mengfu,玄,Fonts/my_fonts/04/char_0337.png
zhao_mengfu_04,zhao_mengfu,玄,Fonts/my_fonts/04/char_0340.png
yan_zhenqing_07,yan_zhenqing,玄,Fonts/my_fonts/07/char_1483.png
zhiyong_00,zhiyong,黃,Fonts/my_fonts/00/char_0004.png
liu_gongquan_02,liu_gongquan,黃,Fonts/my_fonts/02/char_0100.png
liu_gongquan_02,liu_gongquan,黃,Fonts/my_fonts/02/char_0169.png
liu_gongquan_02,liu_gongquan,黃,Fonts/my_fonts/02/char_1445.png
ouyang_xun_03,ouyang_xun,黃,Fonts/my_fonts/03/char_1045.png
zhao_mengfu_04,zhao_mengfu,黃,Fonts/my_fonts/04/char_0021.png
yan_zhenqing_07,yan_zhenqing,黃,Fonts/my_fonts/07/char_1280.png
zhiyong_00,zhiyong,宇,Fonts/my_fonts/00/char_0005.png
ouyang_xun_03,ouyang_xun,宇,Fonts/my_fonts/03/char_0075.png
ouyang_xun_03,ouyang_xun,宇,Fonts/my_fonts/03/char_0844.png
ouyang_xun_03,ouyang_xun,宇,Fonts/my_fonts/03/char_1040.png
yan_zhenqing_07,yan_zhenqing,宇,Fonts/my_fonts/07/char_1290.png
yan_zhenqing_07,yan_zhenqing,宇,Fonts/my_fonts/07/char_1932.png
zhiyong_00,zhiyong,洪,Fonts/my_fonts/00/char_0007.png
shen_yinmo_01,shen_yinmo,洪,Fonts/my_fonts/01/font_00_0364.png
zhiyong_00,zhiyong,日,Fonts/my_fonts/00/char_0009.png
shen_yinmo_01,shen_yinmo,日,Fonts/my_fonts/01/font_00_0033.png
shen_yinmo_01,shen_yinmo,日,Fonts/my_fonts/01/font_00_0042.png
shen_yinmo_01,shen_yinmo,日,Fonts/my_fonts/01/font_00_0051.png
shen_yinmo_01,shen_yinmo,日,Fonts/my_fonts/01/font_00_0117.png
shen_yinmo_01,shen_yinmo,日,Fonts/my_fonts/01/font_00_0215.png
shen_yinmo_01,shen_yinmo,日,Fonts/my_fonts/01/font_00_0305.png
shen_yinmo_01,shen_yinmo,日,Fonts/my_fonts/01/font_00_0315.png
shen_yinmo_01,shen_yinmo,日,Fonts/my_fonts/01/font_00_0652.png
shen_yinmo_01,shen_yinmo,日,Fonts/my_fonts/01/font_00_0807.png
liu_gongquan_02,liu_gongquan,日,Fonts/my_fonts/02/char_0065.png
liu_gongquan_02,liu_gongquan,日,Fonts/my_fonts/02/char_0588.png
liu_gongquan_02,liu_gongquan,日,Fonts/my_fonts/02/char_1525.png
ouyang_xun_03,ouyang_xun,日,Fonts/my_fonts/03/char_0110.png
ouyang_xun_03,ouyang_xun,日,Fonts/my_fonts/03/char_0498.png
ouyang_xun_03,ouyang_xun,日,Fonts/my_fonts/03/char_0973.png
ouyang_xun_03,ouyang_xun,日,Fonts/my_fonts/03/char_1015.png
zhao_mengfu_04,zhao_mengfu,日,Fonts/my_fonts/04/char_0015.png
zhao_mengfu_04,zhao_mengfu,日,Fonts/my_fonts/04/char_0197.png
yu_shinan_06,yu_shinan,日,Fonts/my_fonts/06/char_0268.png
yan_zhenqing_07,yan_zhenqing,日,Fonts/my_fonts/07/char_0581.png
yan_zhenqing_07,yan_zhenqing,日,Fonts/my_fonts/07/char_0613.png
yan_zhenqing_07,yan_zhenqing,日,Fonts/my_fonts/07/char_0654.png
yan_zhenqing_07,yan_zhenqing,日,Fonts/my_fonts/07/char_0755.png
yan_zhenqing_07,yan_zhenqing,日,Fonts/my_fonts/07/char_1977.png
shen_yinmo_08,shen_yinmo,日,Fonts/my_fonts/08/char_0533.png
zhiyong_00,zhiyong,月,Fonts/my_fonts/00/char_0010.png
shen_yinmo_01,shen_yinmo,月,Fonts/my_fonts/01/font_00_0030.png
shen_yinmo_01,shen_yinmo,月,Fonts/my_fonts/01/font_00_0040.png
shen_yinmo_01,shen_yinmo,月,Fonts/my_fonts/01/font_00_0216.png
liu_gongquan_02,liu_gongquan,月,Fonts/my_fonts/02/char_0331.png
liu_gongquan_02,liu_gongquan,月,Fonts/my_fonts/02/char_0371.png
liu_gongquan_02,liu_gongquan,月,Fonts/my_fonts/02/char_0387.png
liu_gongquan_02,liu_gongquan,月,Fonts/my_fonts/02/char_0398.png
liu_gongquan_02,liu_gongquan,月,Fonts/my_fonts/02/char_0407.png
liu_gongquan_02,liu_gongquan,月,Fonts/my_fonts/02/char_0443.png
ouyang_xun_03,ouyang_xun,月,Fonts/my_fonts/03/char_0032.png
ouyang_xun_03,ouyang_xun,月,Fonts/my_fonts/03/char_0111.png
ouyang_xun_03,ouyang_xun,月,Fonts/my_fonts/03/char_0491.png
zhao_mengfu_04,zhao_mengfu,月,Fonts/my_fonts/04/char_0016.png
yu_shinan_06,yu_shinan,月,Fonts/my_fonts/06/char_0158.png
yu_shinan_06,yu_shinan,月,Fonts/my_fonts/06/char_0269.png
yan_zhenqing_07,yan_zhenqing,月,Fonts/my_fonts/07/char_0143.png
yan_zhenqing_07,yan_zhenqing,月,Fonts/my_fonts/07/char_0578.png
yan_zhenqing_07,yan_zhenqing,月,Fonts/my_fonts/07/char_0756.png
yan_zhenqing_07,yan_zhenqing,月,Fonts/my_fonts/07/char_1537.png
yan_zhenqing_07,yan_zhenqing,月,Fonts/my_fonts/07/char_1593.png
yan_zhenqing_07,yan_zhenqing,月,Fonts/my_fonts/07/char_1971.png
shen_yinmo_08,shen_yinmo,月,Fonts/my_fonts/08/char_0487.png
shen_yinmo_08,shen_yinmo,月,Fonts/my_fonts/08/char_0532.png
shen_yinmo_10,shen_yinmo,月,Fonts/my_fonts/10/char_0496.png
zhiyong_00,zhiyong,盈,Fonts/my_fonts/00/char_0011.png
shen_yinmo_01,shen_yinmo,盈,Fonts/my_fonts/01/font_00_0174.png
liu_gongquan_02,liu_gongquan,盈,Fonts/my_fonts/02/char_1271.png
yan_zhenqing_07,yan_zhenqing,盈,Fonts/my_fonts/07/char_1251.png
yan_zhenqing_07,yan_zhenqing,盈,Fonts/my_fonts/07/char_1399.png
zhiyong_00,zhiyong,辰,Fonts/my_fonts/00/char_0013.png
zhao_mengfu_04,zhao_mengfu,辰,Fonts/my_fonts/04/char_0158.png
yan_zhenqing_07,yan_zhenqing,辰,Fonts/my_fonts/07/char_1969.png
zhiyong_00,zhiyong,宿,Fonts/my_fonts/00/char_0014.png
yu_shinan_06,yu_shinan,宿,Fonts/my_fonts/06/char_0165.png
yan_zhenqing_07,yan_zhenqing,宿,Fonts/my_fonts/07/char_0200.png
yan_zhenqing_07,yan_zhenqing,宿,Fonts/my_fonts/07/char_0855.png
yan_zhenqing_07,yan_zhenqing,宿,Fonts/my_fonts/07/char_1543.png
zhiyong_00,zhiyong,列,Fonts/my_fonts/00/char_0015.png
shen_yinmo_01,shen_yinmo,列,Fonts/my_fonts/01/font_00_0638.png
ouyang_xun_03,ouyang_xun,列,Fonts/my_fonts/03/char_0229.png
zhao_mengfu_04,zhao_mengfu,列,Fonts/my_fonts/04/char_0477.png
yan_zhenqing_07,yan_zhenqing,列,Fonts/my_fonts/07/char_1381.png
yan_zhenqing_07,yan_zhenqing,列,Fonts/my_fonts/07/char_1542.png
shen_yinmo_08,shen_yinmo,列,Fonts/my_fonts/08/char_0148.png
shen_yinmo_10,shen_yinmo,列,Fonts/my_fonts/10/char_0177.png
zhiyong_00,zhiyong,張,Fonts/my_fonts/00/char_0016.png
shen_yinmo_01,shen_yinmo,張,Fonts/my_fonts/01/font_00_0384.png
liu_gongquan_02,liu_gongquan,張,Fonts/my_fonts/02/char_0903.png
liu_gongquan_02,liu_gongquan,張,Fonts/my_fonts/02/char_1317.png
shen_yinmo_08,shen_yinmo,張,Fonts/my_fonts/08/char_0472.png
shen_yinmo_10,shen_yinmo,張,Fonts/my_fonts/10/char_0481.png
zhiyong_00,zhiyong,來,Fonts/my_fonts/00/char_0018.png
shen_yinmo_01,shen_yinmo,來,Fonts/my_fonts/01/font_00_0389.png
shen_yinmo_01,shen_yinmo,來,Fonts/my_fonts/01/font_00_0406.png
shen_yinmo_01,shen_yinmo,來,Fonts/my_fonts/01/font_00_0519.png
shen_yinmo_01,shen_yinmo,來,Fonts/my_fonts/01/font_00_0771.png
shen_yinmo_01,shen_yinmo,來,Fonts/my_fonts/01/font_00_0867.png
ouyang_xun_03,ouyang_xun,來,Fonts/my_fonts/03/char_0217.png
ouyang_xun_03,ouyang_xun,來,Fonts/my_fonts/03/char_0730.png
yu_shinan_06,yu_shinan,來,Fonts/my_fonts/06/char_0334.png
yan_zhenqing_07,yan_zhenqing,來,Fonts/my_fonts/07/char_0342.png
yan_zhenqing_07,yan_zhenqing,來,Fonts/my_fonts/07/char_1175.png
yan_zhenqing_07,yan_zhenqing,來,Fonts/my_fonts/07/char_1446.png
shen_yinmo_08,shen_yinmo,來,Fonts/my_fonts/08/char_0187.png
zhiyong_00,zhiyong,暑,Fonts/my_fonts/00/char_0019.png
ouyang_xun_03,ouyang_xun,暑,Fonts/my_fonts/03/char_0036.png
ouyang_xun_03,ouyang_xun,暑,Fonts/my_fonts/03/char_0307.png
zhiyong_00,zhiyong,往,Fonts/my_fonts/00/char_0020.png
ouyang_xun_03,ouyang_xun,往,Fonts/my_fonts/03/char_0419.png
ouyang_xun_03,ouyang_xun,往,Fonts/my_fonts/03/char_0775.png
yu_shinan_06,yu_shinan,往,Fonts/my_fonts/06/char_0257.png
zhiyong_00,zhiyong,秋,Fonts/my_fonts/00/char_0021.png
shen_yinmo_01,shen_yinmo,秋,Fonts/my_fonts/01/font_00_0147.png
shen_yinmo_01,shen_yinmo,秋,Fonts/my_fonts/01/font_00_0362.png
liu_gongquan_02,liu_gongquan,秋,Fonts/my_fonts/02/char_1038.png
yan_zhenqing_07,yan_zhenqing,秋,Fonts/my_fonts/07/char_0910.png
shen_yinmo_09,shen_yinmo,秋,Fonts/my_fonts/09/char_0271.png
zhiyong_00,zhiyong,收,Fonts/my_fonts/00/char_0022.png
yan_zhenqing_07,yan_zhenqing,收,Fonts/my_fonts/07/char_0239.png
zhiyong_00,zhiyong,藏,Fonts/my_fonts/00/char_0024.png
yu_shinan_06,yu_shinan,藏,Fonts/my_fonts/06/char_0218.png
yu_shinan_06,yu_shinan,藏,Fonts/my_fonts/06/char_0267.png
yan_zhenqing_07,yan_zhenqing,藏,Fonts/my_fonts/07/char_0065.png
yan_zhenqing_07,yan_zhenqing,藏,Fonts/my_fonts/07/char_0193.png
yan_zhenqing_07,yan_zhenqing,藏,Fonts/my_fonts/07/char_0241.png
yan_zhenqing_07,yan_zhenqing,藏,Fonts/my_fonts/07/char_1370.png
yan_zhenqing_07,yan_zhenqing,藏,Fonts/my_fonts/07/char_1529.png
shen_yinmo_10,shen_yinmo,藏,Fonts/my_fonts/10/char_0534.png
zhiyong_00,zhiyong,餘,Fonts/my_fonts/00/char_0026.png
shen_yinmo_01,shen_yinmo,餘,Fonts/my_fonts/01/font_00_0221.png
shen_yinmo_01,shen_yinmo,餘,Fonts/my_fonts/01/font_00_0739.png
liu_gongquan_02,liu_gongquan,餘,Fonts/my_fonts/02/char_0225.png
shen_yinmo_08,shen_yinmo,餘,Fonts/my_fonts/08/char_0279.png
shen_yinmo_10,shen_yinmo,餘,Fonts/my_fonts/10/char_0290.png
zhiyong_00,zhiyong,成,Fonts/my_fonts/00/char_0027.png
shen_yinmo_01,shen_yinmo,成,Fonts/my_fonts/01/font_00_0410.png
shen_yinmo_01,shen_yinmo,成,Fonts/my_fonts/01/font_00_0562.png
liu_gongquan_02,liu_gongquan,成,Fonts/my_fonts/02/char_0594.png
liu_gongquan_02,liu_gongquan,成,Fonts/my_fonts/02/char_1522.png
ouyang_xun_03,ouyang_xun,成,Fonts/my_fonts/03/char_0002.png
ouyang_xun_03,ouyang_xun,成,Fonts/my_fonts/03/char_0039.png
ouyang_xun_03,ouyang_xun,成,Fonts/my_fonts/03/char_0278.png
zhao_mengfu_04,zhao_mengfu,成,Fonts/my_fonts/04/char_0220.png
yu_shinan_06,yu_shinan,成,Fonts/my_fonts/06/char_0097.png
yan_zhenqing_07,yan_zhenqing,成,Fonts/my_fonts/07/char_0463.png
yan_zhenqing_07,yan_zhenqing,成,Fonts/my_fonts/07/char_1152.png
yan_zhenqing_07,yan_zhenqing,成,Fonts/my_fonts/07/char_1222.png
yan_zhenqing_07,yan_zhenqing,成,Fonts/my_fonts/07/char_1509.png
yan_zhenqing_07,yan_zhenqing,成,Fonts/my_fonts/07/char_1886.png
shen_yinmo_08,shen_yinmo,成,Fonts/my_fonts/08/char_0502.png
shen_yinmo_10,shen_yinmo,成,Fonts/my_fonts/10/char_0511.png
zhiyong_00,zhiyong,歲,Fonts/my_fonts/00/char_0028.png
shen_yinmo_01,shen_yinmo,歲,Fonts/my_fonts/01/font_00_0444.png
zhao_mengfu_04,zhao_mengfu,歲,Fonts/my_fonts/04/char_0161.png
yan_zhenqing_07,yan_zhenqing,歲,Fonts/my_fonts/07/char_0183.png
yan_zhenqing_07,yan_zhenqing,歲,Fonts/my_fonts/07/char_0217.png
yan_zhenqing_07,yan_zhenqing,歲,Fonts/my_fonts/07/char_1966.png
shen_yinmo_08,shen_yinmo,歲,Fonts/my_fonts/08/char_0167.png
shen_yinmo_10,shen_yinmo,歲,Fonts/my_fonts/10/char_0212.png
zhiyong_00,zhiyong,調,Fonts/my_fonts/00/char_0031.png
liu_gongquan_02,liu_gongquan,調,Fonts/my_fonts/02/char_0777.png
zhiyong_00,zhiyong,陽,Fonts/my_fonts/00/char_0032.png
liu_gongquan_02,liu_gongquan,陽,Fonts/my_fonts/02/char_1412.png
ouyang_xun_03,ouyang_xun,陽,Fonts/my_fonts/03/char_1096.png
zhao_mengfu_04,zhao_mengfu,陽,Fonts/my_fonts/04/char_0261.png
zhao_mengfu_04,zhao_mengfu,陽,Fonts/my_fonts/04/char_0465.png
yan_zhenqing_07,yan_zhenqing,陽,Fonts/my_fonts/07/char_0017.png
zhiyong_00,zhiyong,雲,Fonts/my_fonts/00/char_0033.png
liu_gongquan_02,liu_gongquan,雲,Fonts/my_fonts/02/char_0172.png
liu_gongquan_02,liu_gongquan,雲,Fonts/my_fonts/02/char_0231.png
ouyang_xun_03,ouyang_xun,雲,Fonts/my_fonts/03/char_0106.png
ouyang_xun_03,ouyang_xun,雲,Fonts/my_fonts/03/char_0965.png
yu_shinan_06,yu_shinan,雲,Fonts/my_fonts/06/char_0105.png
yan_zhenqing_07,yan_zhenqing,雲,Fonts/my_fonts/07/char_0745.png
yan_zhenqing_07,yan_zhenqing,雲,Fonts/my_fonts/07/char_0787.png
yan_zhenqing_07,yan_zhenqing,雲,Fonts/my_fonts/07/char_0823.png
yan_zhenqing_07,yan_zhenqing,雲,Fonts/my_fonts/07/char_1239.png
shen_yinmo_08,shen_yinmo,雲,Fonts/my_fonts/08/char_0152.png
shen_yinmo_10,shen_yinmo,雲,Fonts/my_fonts/10/char_0181.png
zhiyong_00,zhiyong,致,Fonts/my_fonts/00/char_0035.png
shen_yinmo_01,shen_yinmo,致,Fonts/my_fonts/01/font_00_0173.png
ouyang_xun_03,ouyang_xun,致,Fonts/my_fonts/03/char_0481.png
yu_shinan_06,yu_shinan,致,Fonts/my_fonts/06/char_0211.png
zhiyong_00,zhiyong,雨,Fonts/my_fonts/00/char_0036.png
ouyang_xun_03,ouyang_xun,雨,Fonts/my_fonts/03/char_0271.png
yan_zhenqing_07,yan_zhenqing,雨,Fonts/my_fonts/07/char_0309.png
zhiyong_00,zhiyong,露,Fonts/my_fonts/00/char_0037.png
zhao_mengfu_04,zhao_mengfu,露,Fonts/my_fonts/04/char_0446.png
yu_shinan_06,yu_shinan,露,Fonts/my_fonts/06/char_0166.png
zhiyong_00,zhiyong,結,Fonts/my_fonts/00/char_0038.png
shen_yinmo_10,shen_yinmo,結,Fonts/my_fonts/10/char_0034.png
zhiyong_00,zhiyong,金,Fonts/my_fonts/00/char_0041.png
liu_gongquan_02,liu_gongquan,金,Fonts/my_fonts/02/char_1078.png
ouyang_xun_03,ouyang_xun,金,Fonts/my_fonts/03/char_0100.png
ouyang_xun_03,ouyang_xun,金,Fonts/my_fonts/03/char_0135.png
yu_shinan_06,yu_shinan,金,Fonts/my_fonts/06/char_0057.png
yu_shinan_06,yu_shinan,金,Fonts/my_fonts/06/char_0177.png
yu_shinan_06,yu_shinan,金,Fonts/my_fonts/06/char_0306.png
yan_zhenqing_07,yan_zhenqing,金,Fonts/my_fonts/07/char_0095.png
yan_zhenqing_07,yan_zhenqing,金,Fonts/my_fonts/07/char_0206.png
yan_zhenqing_07,yan_zhenqing,金,Fonts/my_fonts/07/char_0512.png
yan_zhenqing_07,yan_zhenqing,金,Fonts/my_fonts/07/char_1085.png
yan_zhenqing_07,yan_zhenqing,金,Fonts/my_fonts/07/char_1121.png
yan_zhenqing_07,yan_zhenqing,金,Fonts/my_fonts/07/char_1371.png
yan_zhenqing_07,yan_zhenqing,金,Fonts/my_fonts/07/char_1943.png
shen_yinmo_10,shen_yinmo,金,Fonts/my_fonts/10/char_0539.png
zhiyong_00,zhiyong,生,Fonts/my_fonts/00/char_0042.png
shen_yinmo_01,shen_yinmo,生,Fonts/my_fonts/01/font_00_0095.png
shen_yinmo_01,shen_yinmo,生,Fonts/my_fonts/01/font_00_0404.png
shen_yinmo_01,shen_yinmo,生,Fonts/my_fonts/01/font_00_0439.png
shen_yinmo_01,shen_yinmo,生,Fonts/my_fonts/01/font_00_0455.png
shen_yinmo_01,shen_yinmo,生,Fonts/my_fonts/01/font_00_0498.png
shen_yinmo_01,shen_yinmo,生,Fonts/my_fonts/01/font_00_0674.png
ouyang_xun_03,ouyang_xun,生,Fonts/my_fonts/03/char_0245.png
ouyang_xun_03,ouyang_xun,生,Fonts/my_fonts/03/char_0603.png
yu_shinan_06,yu_shinan,生,Fonts/my_fonts/06/char_0084.png
yu_shinan_06,yu_shinan,生,Fonts/my_fonts/06/char_0206.png
yan_zhenqing_07,yan_zhenqing,生,Fonts/my_fonts/07/char_0129.png
yan_zhenqing_07,yan_zhenqing,生,Fonts/my_fonts/07/char_0303.png
yan_zhenqing_07,yan_zhenqing,生,Fonts/my_fonts/07/char_1075.png
yan_zhenqing_07,yan_zhenqing,生,Fonts/my_fonts/07/char_1459.png
yan_zhenqing_07,yan_zhenqing,生,Fonts/my_fonts/07/char_1910.png
shen_yinmo_09,shen_yinmo,生,Fonts/my_fonts/09/char_0070.png
zhiyong_00,zhiyong,麗,Fonts/my_fonts/00/char_0043.png
ouyang_xun_03,ouyang_xun,麗,Fonts/my_fonts/03/char_0413.png
zhao_mengfu_04,zhao_mengfu,麗,Fonts/my_fonts/04/char_0073.png
yan_zhenqing_07,yan_zhenqing,麗,Fonts/my_fonts/07/char_1538.png
zhiyong_00,zhiyong,水,Fonts/my_fonts/00/char_0044.png
liu_gongquan_02,liu_gongquan,水,Fonts/my_fonts/02/char_1390.png
ouyang_xun_03,ouyang_xun,水,Fonts/my_fonts/03/char_0059.png
ouyang_xun_03,ouyang_xun,水,Fonts/my_fonts/03/char_0466.png
yan_zhenqing_07,yan_zhenqing,水,Fonts/my_fonts/07/char_0215.png
yan_zhenqing_07,yan_zhenqing,水,Fonts/my_fonts/07/char_0386.png
yan_zhenqing_07,yan_zhenqing,水,Fonts/my_fonts/07/char_0446.png
yan_zhenqing_07,yan_zhenqing,水,Fonts/my_fonts/07/char_0509.png
yan_zhenqing_07,yan_zhenqing,水,Fonts/my_fonts/07/char_0862.png
shen_yinmo_08,shen_yinmo,水,Fonts/my_fonts/08/char_0019.png
shen_yinmo_10,shen_yinmo,水,Fonts/my_fonts/10/char_0016.png
zhiyong_00,zhiyong,玉,Fonts/my_fonts/00/char_0045.png
ouyang_xun_03,ouyang_xun,玉,Fonts/my_fonts/03/char_0398.png
yan_zhenqing_07,yan_zhenqing,玉,Fonts/my_fonts/07/char_1275.png
yan_zhenqing_07,yan_zhenqing,玉,Fonts/my_fonts/07/char_1619.png
yan_zhenqing_07,yan_zhenqing,玉,Fonts/my_fonts/07/char_1685.png
yan_zhenqing_07,yan_zhenqing,玉,Fonts/my_fonts/07/char_1941.png
zhiyong_00,zhiyong,出,Fonts/my_fonts/00/char_0046.png
shen_yinmo_01,shen_yinmo,出,Fonts/my_fonts/01/font_00_0328.png
liu_gongquan_02,liu_gongquan,出,Fonts/my_fonts/02/char_0427.png
ouyang_xun_03,ouyang_xun,出,Fonts/my_fonts/03/char_0540.png
ouyang_xun_03,ouyang_xun,出,Fonts/my_fonts/03/char_0652.png
ouyang_xun_03,ouyang_xun,出,Fonts/my_fonts/03/char_0679.png
ouyang_xun_03,ouyang_xun,出,Fonts/my_fonts/03/char_0696.png
ouyang_xun_03,ouyang_xun,出,Fonts/my_fonts/03/char_0715.png
zhao_mengfu_04,zhao_mengfu,出,Fonts/my_fonts/04/char_0017.png
zhao_mengfu_04,zhao_mengfu,出,Fonts/my_fonts/04/char_0401.png
yan_zhenqing_07,yan_zhenqing,出,Fonts/my_fonts/07/char_0190.png
yan_zhenqing_07,yan_zhenqing,出,Fonts/my_fonts/07/char_0316.png
shen_yinmo_08,shen_yinmo,出,Fonts/my_fonts/08/char_0025.png
shen_yinmo_10,shen_yinmo,出,Fonts/my_fonts/10/char_0046.png
zhiyong_00,zhiyong,岡,Fonts/my_fonts/00/char_0048.png
yu_shinan_06,yu_shinan,岡,Fonts/my_fonts/06/char_0243.png
zhiyong_00,zhiyong,劍,Fonts/my_fonts/00/char_0049.png
liu_gongquan_02,liu_gongquan,劍,Fonts/my_fonts/02/char_0906.png
zhiyong_00,zhiyong,號,Fonts/my_fonts/00/char_0050.png
yan_zhenqing_07,yan_zhenqing,號,Fonts/my_fonts/07/char_0093.png
shen_yinmo_08,shen_yinmo,號,Fonts/my_fonts/08/char_0028.png
shen_yinmo_10,shen_yinmo,號,Fonts/my_fonts/10/char_0049.png
zhiyong_00,zhiyong,巨,Fonts/my_fonts/00/char_0051.png
zhao_mengfu_04,zhao_mengfu,巨,Fonts/my_fonts/04/char_0072.png
yan_zhenqing_07,yan_zhenqing,巨,Fonts/my_fonts/07/char_0175.png
yan_zhenqing_07,yan_zhenqing,巨,Fonts/my_fonts/07/char_1321.png
zhiyong_00,zhiyong,闕,Fonts/my_fonts/00/char_0052.png
liu_gongquan_02,liu_gongquan,闕,Fonts/my_fonts/02/char_1031.png
liu_gongquan_02,liu_gongquan,闕,Fonts/my_fonts/02/char_1064.png
liu_gongquan_02,liu_gongquan,闕,Fonts/my_fonts/02/char_1633.png
ouyang_xun_03,ouyang_xun,闕,Fonts/my_fonts/03/char_0065.png
ouyang_xun_03,ouyang_xun,闕,Fonts/my_fonts/03/char_0226.png
ouyang_xun_03,ouyang_xun,闕,Fonts/my_fonts/03/char_0569.png
ouyang_xun_03,ouyang_xun,闕,Fonts/my_fonts/03/char_0654.png
yu_shinan_06,yu_shinan,闕,Fonts/my_fonts/06/char_0043.png
zhiyong_00,zhiyong,珠,Fonts/my_fonts/00/char_0053.png
ouyang_xun_03,ouyang_xun,珠,Fonts/my_fonts/03/char_0096.png
yu_shinan_06,yu_shinan,珠,Fonts/my_fonts/06/char_0003.png
yu_shinan_06,yu_shinan,珠,Fonts/my_fonts/06/char_0065.png
zhiyong_00,zhiyong,稱,Fonts/my_fonts/00/char_0054.png
shen_yinmo_01,shen_yinmo,稱,Fonts/my_fonts/01/font_00_0114.png
zhao_mengfu_04,zhao_mengfu,稱,Fonts/my_fonts/04/char_0247.png
yan_zhenqing_07,yan_zhenqing,稱,Fonts/my_fonts/07/char_1875.png
zhiyong_00,zhiyong,夜,Fonts/my_fonts/00/char_0055.png
shen_yinmo_01,shen_yinmo,夜,Fonts/my_fonts/01/font_00_0659.png
yan_zhenqing_07,yan_zhenqing,夜,Fonts/my_fonts/07/char_0120.png
yan_zhenqing_07,yan_zhenqing,夜,Fonts/my_fonts/07/char_0262.png
yan_zhenqing_07,yan_zhenqing,夜,Fonts/my_fonts/07/char_0382.png
yan_zhenqing_07,yan_zhenqing,夜,Fonts/my_fonts/07/char_0525.png
yan_zhenqing_07,yan_zhenqing,夜,Fonts/my_fonts/07/char_0882.png
yan_zhenqing_07,yan_zhenqing,夜,Fonts/my_fonts/07/char_1054.png
yan_zhenqing_07,yan_zhenqing,夜,Fonts/my_fonts/07/char_1851.png
zhiyong_00,zhiyong,光,Fonts/my_fonts/00/char_0056.png
liu_gongquan_02,liu_gongquan,光,Fonts/my_fonts/02/char_1517.png
liu_gongquan_02,liu_gongquan,光,Fonts/my_fonts/02/char_1591.png
ouyang_xun_03,ouyang_xun,光,Fonts/my_fonts/03/char_0707.png
yu_shinan_06,yu_shinan,光,Fonts/my_fonts/06/char_0092.png
yan_zhenqing_07,yan_zhenqing,光,Fonts/my_fonts/07/char_0435.png
yan_zhenqing_07,yan_zhenqing,光,Fonts/my_fonts/07/char_0676.png
yan_zhenqing_07,yan_zhenqing,光,Fonts/my_fonts/07/char_0758.png
yan_zhenqing_07,yan_zhenqing,光,Fonts/my_fonts/07/char_0805.png
yan_zhenqing_07,yan_zhenqing,光,Fonts/my_fonts/07/char_0987.png
yan_zhenqing_07,yan_zhenqing,光,Fonts/my_fonts/07/char_1541.png
yan_zhenqing_07,yan_zhenqing,光,Fonts/my_fonts/07/char_1687.png
zhiyong_00,zhiyong,果,Fonts/my_fonts/00/char_0057.png
yan_zhenqing_07,yan_zhenqing,果,Fonts/my_fonts/07/char_1154.png
yan_zhenqing_07,yan_zhenqing,果,Fonts/my_fonts/07/char_1587.png
zhiyong_00,zhiyong,珍,Fonts/my_fonts/00/char_0058.png
zhao_mengfu_04,zhao_mengfu,珍,Fonts/my_fonts/04/char_0433.png
yan_zhenqing_07,yan_zhenqing,珍,Fonts/my_fonts/07/char_0240.png
yan_zhenqing_07,yan_zhenqing,珍,Fonts/my_fonts/07/char_0347.png
zhiyong_00,zhiyong,李,Fonts/my_fonts/00/char_0059.png
liu_gongquan_02,liu_gongquan,李,Fonts/my_fonts/02/char_0941.png
shen_yinmo_08,shen_yinmo,李,Fonts/my_fonts/08/char_0438.png
shen_yinmo_10,shen_yinmo,李,Fonts/my_fonts/10/char_0448.png
zhiyong_00,zhiyong,重,Fonts/my_fonts/00/char_0062.png
shen_yinmo_01,shen_yinmo,重,Fonts/my_fonts/01/font_00_0653.png
ouyang_xun_03,ouyang_xun,重,Fonts/my_fonts/03/char_0215.png
ouyang_xun_03,ouyang_xun,重,Fonts/my_fonts/03/char_0358.png
zhao_mengfu_04,zhao_mengfu,重,Fonts/my_fonts/04/char_0053.png
yu_shinan_06,yu_shinan,重,Fonts/my_fonts/06/char_0012.png
yan_zhenqing_07,yan_zhenqing,重,Fonts/my_fonts/07/char_1283.png
zhiyong_00,zhiyong,芥,Fonts/my_fonts/00/char_0063.png
yan_zhenqing_07,yan_zhenqing,芥,Fonts/my_fonts/07/char_1417.png
zhiyong_00,zhiyong,海,Fonts/my_fonts/00/char_0065.png
shen_yinmo_01,shen_yinmo,海,Fonts/my_fonts/01/font_00_0376.png
liu_gongquan_02,liu_gongquan,海,Fonts/my_fonts/02/char_0774.png
ouyang_xun_03,ouyang_xun,海,Fonts/my_fonts/03/char_0193.png
ouyang_xun_03,ouyang_xun,海,Fonts/my_fonts/03/char_1092.png
yu_shinan_06,yu_shinan,海,Fonts/my_fonts/06/char_0104.png
yu_shinan_06,yu_shinan,海,Fonts/my_fonts/06/char_0235.png
yan_zhenqing_07,yan_zhenqing,海,Fonts/my_fonts/07/char_0051.png
yan_zhenqing_07,yan_zhenqing,海,Fonts/my_fonts/07/char_0176.png
yan_zhenqing_07,yan_zhenqing,海,Fonts/my_fonts/07/char_1547.png
yan_zhenqing_07,yan_zhenqing,海,Fonts/my_fonts/07/char_1866.png
yan_zhenqing_07,yan_zhenqing,海,Fonts/my_fonts/07/char_1902.png
zhiyong_00,zhiyong,河,Fonts/my_fonts/00/char_0067.png
liu_gongquan_02,liu_gongquan,河,Fonts/my_fonts/02/char_1396.png
liu_gongquan_02,liu_gongquan,河,Fonts/my_fonts/02/char_1416.png
yan_zhenqing_07,yan_zhenqing,河,Fonts/my_fonts/07/char_2008.png
zhiyong_00,zhiyong,潛,Fonts/my_fonts/00/char_0070.png
shen_yinmo_01,shen_yinmo,潛,Fonts/my_fonts/01/font_00_0525.png
ouyang_xun_03,ouyang_xun,潛,Fonts/my_fonts/03/char_0911.png
yan_zhenqing_07,yan_zhenqing,潛,Fonts/my_fonts/07/char_0202.png
shen_yinmo_08,shen_yinmo,潛,Fonts/my_fonts/08/char_0123.png
shen_yinmo_10,shen_yinmo,潛,Fonts/my_fonts/10/char_0148.png
zhiyong_00,zhiyong,羽,Fonts/my_fonts/00/char_0071.png
zhao_mengfu_04,zhao_mengfu,羽,Fonts/my_fonts/04/char_0209.png
zhao_mengfu_04,zhao_mengfu,羽,Fonts/my_fonts/04/char_0457.png
zhiyong_00,zhiyong,翔,Fonts/my_fonts/00/char_0072.png
liu_gongquan_02,liu_gongquan,翔,Fonts/my_fonts/02/char_1328.png
zhiyong_00,zhiyong,龍,Fonts/my_fonts/00/char_0073.png
liu_gongquan_02,liu_gongquan,龍,Fonts/my_fonts/02/char_0601.png
ouyang_xun_03,ouyang_xun,龍,Fonts/my_fonts/03/char_0967.png
yu_shinan_06,yu_shinan,龍,Fonts/my_fonts/06/char_0237.png
yan_zhenqing_07,yan_zhenqing,龍,Fonts/my_fonts/07/char_0130.png
yan_zhenqing_07,yan_zhenqing,龍,Fonts/my_fonts/07/char_0223.png
yan_zhenqing_07,yan_zhenqing,龍,Fonts/my_fonts/07/char_0389.png
yan_zhenqing_07,yan_zhenqing,龍,Fonts/my_fonts/07/char_0746.png
yan_zhenqing_07,yan_zhenqing,龍,Fonts/my_fonts/07/char_1322.png
yan_zhenqing_07,yan_zhenqing,龍,Fonts/my_fonts/07/char_1369.png
yan_zhenqing_07,yan_zhenqing,龍,Fonts/my_fonts/07/char_1856.png
shen_yinmo_08,shen_yinmo,龍,Fonts/my_fonts/08/char_0249.png
shen_yinmo_10,shen_yinmo,龍,Fonts/my_fonts/10/char_0273.png
zhiyong_00,zhiyong,師,Fonts/my_fonts/00/char_0074.png
liu_gongquan_02,liu_gongquan,師,Fonts/my_fonts/02/char_0485.png
liu_gongquan_02,liu_gongquan,師,Fonts/my_fonts/02/char_0913.png
ouyang_xun_03,ouyang_xun,師,Fonts/my_fonts/03/char_0717.png
yan_zhenqing_07,yan_zhenqing,師,Fonts/my_fonts/07/char_0091.png
yan_zhenqing_07,yan_zhenqing,師,Fonts/my_fonts/07/char_0350.png
yan_zhenqing_07,yan_zhenqing,師,Fonts/my_fonts/07/char_0378.png
yan_zhenqing_07,yan_zhenqing,師,Fonts/my_fonts/07/char_0483.png
yan_zhenqing_07,yan_zhenqing,師,Fonts/my_fonts/07/char_0523.png
yan_zhenqing_07,yan_zhenqing,師,Fonts/my_fonts/07/char_0568.png
yan_zhenqing_07,yan_zhenqing,師,Fonts/my_fonts/07/char_0603.png
yan_zhenqing_07,yan_zhenqing,師,Fonts/my_fonts/07/char_0709.png
yan_zhenqing_07,yan_zhenqing,師,Fonts/my_fonts/07/char_0813.png
yan_zhenqing_07,yan_zhenqing,師,Fonts/my_fonts/07/char_0991.png
yan_zhenqing_07,yan_zhenqing,師,Fonts/my_fonts/07/char_1138.png
yan_zhenqing_07,yan_zhenqing,師,Fonts/my_fonts/07/char_1181.png
yan_zhenqing_07,yan_zhenqing,師,Fonts/my_fonts/07/char_1433.png
yan_zhenqing_07,yan_zhenqing,師,Fonts/my_fonts/07/char_1462.png
yan_zhenqing_07,yan_zhenqing,師,Fonts/my_fonts/07/char_1571.png
yan_zhenqing_07,yan_zhenqing,師,Fonts/my_fonts/07/char_1617.png
yan_zhenqing_07,yan_zhenqing,師,Fonts/my_fonts/07/char_1643.png
shen_yinmo_08,shen_yinmo,師,Fonts/my_fonts/08/char_0492.png
shen_yinmo_10,shen_yinmo,師,Fonts/my_fonts/10/char_0502.png
zhiyong_00,zhiyong,火,Fonts/my_fonts/00/char_0075.png
yan_zhenqing_07,yan_zhenqing,火,Fonts/my_fonts/07/char_0870.png
zhiyong_00,zhiyong,帝,Fonts/my_fonts/00/char_0076.png
liu_gongquan_02,liu_gongquan,帝,Fonts/my_fonts/02/char_0059.png
ouyang_xun_03,ouyang_xun,帝,Fonts/my_fonts/03/char_0034.png
ouyang_xun_03,ouyang_xun,帝,Fonts/my_fonts/03/char_0171.png
ouyang_xun_03,ouyang_xun,帝,Fonts/my_fonts/03/char_0790.png
ouyang_xun_03,ouyang_xun,帝,Fonts/my_fonts/03/char_0931.png
zhao_mengfu_04,zhao_mengfu,帝,Fonts/my_fonts/04/char_0275.png
yan_zhenqing_07,yan_zhenqing,帝,Fonts/my_fonts/07/char_0575.png
yan_zhenqing_07,yan_zhenqing,帝,Fonts/my_fonts/07/char_0773.png
yan_zhenqing_07,yan_zhenqing,帝,Fonts/my_fonts/07/char_1637.png
yan_zhenqing_07,yan_zhenqing,帝,Fonts/my_fonts/07/char_1794.png
yan_zhenqing_07,yan_zhenqing,帝,Fonts/my_fonts/07/char_1830.png
shen_yinmo_08,shen_yinmo,帝,Fonts/my_fonts/08/char_0380.png
shen_yinmo_10,shen_yinmo,帝,Fonts/my_fonts/10/char_0392.png
zhiyong_00,zhiyong,鳥,Fonts/my_fonts/00/char_0077.png
yan_zhenqing_07,yan_zhenqing,鳥,Fonts/my_fonts/07/char_1314.png
zhiyong_00,zhiyong,官,Fonts/my_fonts/00/char_0078.png
liu_gongquan_02,liu_gongquan,官,Fonts/my_fonts/02/char_0447.png
liu_gongquan_02,liu_gongquan,官,Fonts/my_fonts/02/char_0657.png
liu_gongquan_02,liu_gongquan,官,Fonts/my_fonts/02/char_0911.png
liu_gongquan_02,liu_gongquan,官,Fonts/my_fonts/02/char_1073.png
liu_gongquan_02,liu_gongquan,官,Fonts/my_fonts/02/char_1145.png
liu_gongquan_02,liu_gongquan,官,Fonts/my_fonts/02/char_1149.png
liu_gongquan_02,liu_gongquan,官,Fonts/my_fonts/02/char_1186.png
liu_gongquan_02,liu_gongquan,官,Fonts/my_fonts/02/char_1220.png
liu_gongquan_02,liu_gongquan,官,Fonts/my_fonts/02/char_1286.png
liu_gongquan_02,liu_gongquan,官,Fonts/my_fonts/02/char_1325.png
ouyang_xun_03,ouyang_xun,官,Fonts/my_fonts/03/char_0968.png
yan_zhenqing_07,yan_zhenqing,官,Fonts/my_fonts/07/char_0047.png
yan_zhenqing_07,yan_zhenqing,官,Fonts/my_fonts/07/char_1997.png
zhiyong_00,zhiyong,人,Fonts/my_fonts/00/char_0079.png
liu_gongquan_02,liu_gongquan,人,Fonts/my_fonts/02/char_0046.png
liu_gongquan_02,liu_gongquan,人,Fonts/my_fonts/02/char_0124.png
liu_gongquan_02,liu_gongquan,人,Fonts/my_fonts/02/char_0274.png
liu_gongquan_02,liu_gongquan,人,Fonts/my_fonts/02/char_0522.png
liu_gongquan_02,liu_gongquan,人,Fonts/my_fonts/02/char_0566.png
liu_gongquan_02,liu_gongquan,人,Fonts/my_fonts/02/char_0614.png
liu_gongquan_02,liu_gongquan,人,Fonts/my_fonts/02/char_0680.png
liu_gongquan_02,liu_gongquan,人,Fonts/my_fonts/02/char_0688.png
liu_gongquan_02,liu_gongquan,人,Fonts/my_fonts/02/char_0791.png
liu_gongquan_02,liu_gongquan,人,Fonts/my_fonts/02/char_1047.png
liu_gongquan_02,liu_gongquan,人,Fonts/my_fonts/02/char_1468.png
ouyang_xun_03,ouyang_xun,人,Fonts/my_fonts/03/char_0123.png
ouyang_xun_03,ouyang_xun,人,Fonts/my_fonts/03/char_0201.png
ouyang_xun_03,ouyang_xun,人,Fonts/my_fonts/03/char_0232.png
ouyang_xun_03,ouyang_xun,人,Fonts/my_fonts/03/char_0261.png
ouyang_xun_03,ouyang_xun,人,Fonts/my_fonts/03/char_0434.png
ouyang_xun_03,ouyang_xun,人,Fonts/my_fonts/03/char_0478.png
ouyang_xun_03,ouyang_xun,人,Fonts/my_fonts/03/char_0661.png
ouyang_xun_03,ouyang_xun,人,Fonts/my_fonts/03/char_0700.png
ouyang_xun_03,ouyang_xun,人,Fonts/my_fonts/03/char_0884.png
ouyang_xun_03,ouyang_xun,人,Fonts/my_fonts/03/char_1053.png
zhao_mengfu_04,zhao_mengfu,人,Fonts/my_fonts/04/char_0109.png
zhao_mengfu_04,zhao_mengfu,人,Fonts/my_fonts/04/char_0143.png
zhao_mengfu_04,zhao_mengfu,人,Fonts/my_fonts/04/char_0283.png
yu_shinan_06,yu_shinan,人,Fonts/my_fonts/06/char_0136.png
yu_shinan_06,yu_shinan,人,Fonts/my_fonts/06/char_0247.png
yan_zhenqing_07,yan_zhenqing,人,Fonts/my_fonts/07/char_0100.png
yan_zhenqing_07,yan_zhenqing,人,Fonts/my_fonts/07/char_0424.png
yan_zhenqing_07,yan_zhenqing,人,Fonts/my_fonts/07/char_0783.png
yan_zhenqing_07,yan_zhenqing,人,Fonts/my_fonts/07/char_0921.png
yan_zhenqing_07,yan_zhenqing,人,Fonts/my_fonts/07/char_1145.png
yan_zhenqing_07,yan_zhenqing,人,Fonts/my_fonts/07/char_1657.png
yan_zhenqing_07,yan_zhenqing,人,Fonts/my_fonts/07/char_1799.png
shen_yinmo_08,shen_yinmo,人,Fonts/my_fonts/08/char_0195.png
shen_yinmo_08,shen_yinmo,人,Fonts/my_fonts/08/char_0404.png
shen_yinmo_08,shen_yinmo,人,Fonts/my_fonts/08/char_0422.png
shen_yinmo_08,shen_yinmo,人,Fonts/my_fonts/08/char_0482.png
shen_yinmo_10,shen_yinmo,人,Fonts/my_fonts/10/char_0218.png
shen_yinmo_10,shen_yinmo,人,Fonts/my_fonts/10/char_0415.png
shen_yinmo_10,shen_yinmo,人,Fonts/my_fonts/10/char_0433.png
shen_yinmo_10,shen_yinmo,人,Fonts/my_fonts/10/char_0491.png
zhiyong_00,zhiyong,皇,Fonts/my_fonts/00/char_0080.png
ouyang_xun_03,ouyang_xun,皇,Fonts/my_fonts/03/char_0033.png
ouyang_xun_03,ouyang_xun,皇,Fonts/my_fonts/03/char_0170.png
ouyang_xun_03,ouyang_xun,皇,Fonts/my_fonts/03/char_0838.png
zhao_mengfu_04,zhao_mengfu,皇,Fonts/my_fonts/04/char_0279.png
yan_zhenqing_07,yan_zhenqing,皇,Fonts/my_fonts/07/char_0660.png
zhiyong_00,zhiyong,始,Fonts/my_fonts/00/char_0081.png
shen_yinmo_01,shen_yinmo,始,Fonts/my_fonts/01/font_00_0788.png
shen_yinmo_01,shen_yinmo,始,Fonts/my_fonts/01/font_00_0842.png
liu_gongquan_02,liu_gongquan,始,Fonts/my_fonts/02/char_0113.png
ouyang_xun_03,ouyang_xun,始,Fonts/my_fonts/03/char_0188.png
zhao_mengfu_04,zhao_mengfu,始,Fonts/my_fonts/04/char_0244.png
zhao_mengfu_04,zhao_mengfu,始,Fonts/my_fonts/04/char_0347.png
yan_zhenqing_07,yan_zhenqing,始,Fonts/my_fonts/07/char_1214.png
shen_yinmo_08,shen_yinmo,始,Fonts/my_fonts/08/char_0477.png
shen_yinmo_10,shen_yinmo,始,Fonts/my_fonts/10/char_0486.png
zhiyong_00,zhiyong,制,Fonts/my_fonts/00/char_0082.png
liu_gongquan_02,liu_gongquan,制,Fonts/my_fonts/02/char_0444.png
zhao_mengfu_04,zhao_mengfu,制,Fonts/my_fonts/04/char_0069.png
zhiyong_00,zhiyong,文,Fonts/my_fonts/00/char_0083.png
liu_gongquan_02,liu_gongquan,文,Fonts/my_fonts/02/char_0088.png
liu_gongquan_02,liu_gongquan,文,Fonts/my_fonts/02/char_0133.png
liu_gongquan_02,liu_gongquan,文,Fonts/my_fonts/02/char_0431.png
liu_gongquan_02,liu_gongquan,文,Fonts/my_fonts/02/char_0434.png
liu_gongquan_02,liu_gongquan,文,Fonts/my_fonts/02/char_0504.png
liu_gongquan_02,liu_gongquan,文,Fonts/my_fonts/02/char_0578.png
liu_gongquan_02,liu_gongquan,文,Fonts/my_fonts/02/char_0828.png
liu_gongquan_02,liu_gongquan,文,Fonts/my_fonts/02/char_1003.png
liu_gongquan_02,liu_gongquan,文,Fonts/my_fonts/02/char_1125.png
liu_gongquan_02,liu_gongquan,文,Fonts/my_fonts/02/char_1290.png
liu_gongquan_02,liu_gongquan,文,Fonts/my_fonts/02/char_1356.png
liu_gongquan_02,liu_gongquan,文,Fonts/my_fonts/02/char_1562.png
ouyang_xun_03,ouyang_xun,文,Fonts/my_fonts/03/char_0197.png
ouyang_xun_03,ouyang_xun,文,Fonts/my_fonts/03/char_0881.png
ouyang_xun_03,ouyang_xun,文,Fonts/my_fonts/03/char_1066.png
zhao_mengfu_04,zhao_mengfu,文,Fonts/my_fonts/04/char_0130.png
yu_shinan_06,yu_shinan,文,Fonts/my_fonts/06/char_0093.png
yan_zhenqing_07,yan_zhenqing,文,Fonts/my_fonts/07/char_0015.png
yan_zhenqing_07,yan_zhenqing,文,Fonts/my_fonts/07/char_0751.png
yan_zhenqing_07,yan_zhenqing,文,Fonts/my_fonts/07/char_1197.png
yan_zhenqing_07,yan_zhenqing,文,Fonts/my_fonts/07/char_1675.png
yan_zhenqing_07,yan_zhenqing,文,Fonts/my_fonts/07/char_1724.png
shen_yinmo_08,shen_yinmo,文,Fonts/my_fonts/08/char_0379.png
shen_yinmo_10,shen_yinmo,文,Fonts/my_fonts/10/char_0391.png
zhiyong_00,zhiyong,字,Fonts/my_fonts/00/char_0084.png
shen_yinmo_01,shen_yinmo,字,Fonts/my_fonts/01/font_00_0798.png
liu_gongquan_02,liu_gongquan,字,Fonts/my_fonts/02/char_0040.png
yan_zhenqing_07,yan_zhenqing,字,Fonts/my_fonts/07/char_1086.png
yan_zhenqing_07,yan_zhenqing,字,Fonts/my_fonts/07/char_1725.png
shen_yinmo_08,shen_yinmo,字,Fonts/my_fonts/08/char_0050.png
shen_yinmo_08,shen_yinmo,字,Fonts/my_fonts/08/char_0072.png
shen_yinmo_08,shen_yinmo,字,Fonts/my_fonts/08/char_0243.png
shen_yinmo_08,shen_yinmo,字,Fonts/my_fonts/08/char_0272.png
shen_yinmo_08,shen_yinmo,字,Fonts/my_fonts/08/char_0280.png
shen_yinmo_08,shen_yinmo,字,Fonts/my_fonts/08/char_0401.png
shen_yinmo_08,shen_yinmo,字,Fonts/my_fonts/08/char_0411.png
shen_yinmo_10,shen_yinmo,字,Fonts/my_fonts/10/char_0072.png
shen_yinmo_10,shen_yinmo,字,Fonts/my_fonts/10/char_0093.png
shen_yinmo_10,shen_yinmo,字,Fonts/my_fonts/10/char_0267.png
shen_yinmo_10,shen_yinmo,字,Fonts/my_fonts/10/char_0291.png
shen_yinmo_10,shen_yinmo,字,Fonts/my_fonts/10/char_0412.png
shen_yinmo_10,shen_yinmo,字,Fonts/my_fonts/10/char_0422.png
zhiyong_00,zhiyong,乃,Fonts/my_fonts/00/char_0085.png
shen_yinmo_01,shen_yinmo,乃,Fonts/my_fonts/01/font_00_0120.png
liu_gongquan_02,liu_gongquan,乃,Fonts/my_fonts/02/char_0457.png
liu_gongquan_02,liu_gongquan,乃,Fonts/my_fonts/02/char_0561.png
ouyang_xun_03,ouyang_xun,乃,Fonts/my_fonts/03/char_0541.png
ouyang_xun_03,ouyang_xun,乃,Fonts/my_fonts/03/char_0788.png
ouyang_xun_03,ouyang_xun,乃,Fonts/my_fonts/03/char_0873.png
ouyang_xun_03,ouyang_xun,乃,Fonts/my_fonts/03/char_0875.png
zhao_mengfu_04,zhao_mengfu,乃,Fonts/my_fonts/04/char_0431.png
zhao_mengfu_04,zhao_mengfu,乃,Fonts/my_fonts/04/char_0435.png
yu_shinan_06,yu_shinan,乃,Fonts/my_fonts/06/char_0207.png
yan_zhenqing_07,yan_zhenqing,乃,Fonts/my_fonts/07/char_0413.png
yan_zhenqing_07,yan_zhenqing,乃,Fonts/my_fonts/07/char_0519.png
yan_zhenqing_07,yan_zhenqing,乃,Fonts/my_fonts/07/char_1021.png
yan_zhenqing_07,yan_zhenqing,乃,Fonts/my_fonts/07/char_1348.png
yan_zhenqing_07,yan_zhenqing,乃,Fonts/my_fonts/07/char_1792.png
shen_yinmo_08,shen_yinmo,乃,Fonts/my_fonts/08/char_0112.png
shen_yinmo_08,shen_yinmo,乃,Fonts/my_fonts/08/char_0209.png
shen_yinmo_08,shen_yinmo,乃,Fonts/my_fonts/08/char_0501.png
shen_yinmo_09,shen_yinmo,乃,Fonts/my_fonts/09/char_0109.png
shen_yinmo_09,shen_yinmo,乃,Fonts/my_fonts/09/char_0123.png
shen_yinmo_10,shen_yinmo,乃,Fonts/my_fonts/10/char_0136.png
shen_yinmo_10,shen_yinmo,乃,Fonts/my_fonts/10/char_0232.png
zhiyong_00,zhiyong,服,Fonts/my_fonts/00/char_0086.png
shen_yinmo_01,shen_yinmo,服,Fonts/my_fonts/01/font_00_0373.png
liu_gongquan_02,liu_gongquan,服,Fonts/my_fonts/02/char_0575.png
zhiyong_00,zhiyong,衣,Fonts/my_fonts/00/char_0087.png
yan_zhenqing_07,yan_zhenqing,衣,Fonts/my_fonts/07/char_0312.png
zhiyong_00,zhiyong,推,Fonts/my_fonts/00/char_0089.png
shen_yinmo_01,shen_yinmo,推,Fonts/my_fonts/01/font_00_0620.png
liu_gongquan_02,liu_gongquan,推,Fonts/my_fonts/02/char_0095.png
liu_gongquan_02,liu_gongquan,推,Fonts/my_fonts/02/char_1501.png
ouyang_xun_03,ouyang_xun,推,Fonts/my_fonts/03/char_0763.png
zhiyong_00,zhiyong,位,Fonts/my_fonts/00/char_0090.png
shen_yinmo_01,shen_yinmo,位,Fonts/my_fonts/01/font_00_0080.png
liu_gongquan_02,liu_gongquan,位,Fonts/my_fonts/02/char_0289.png
zhiyong_00,zhiyong,國,Fonts/my_fonts/00/char_0092.png
shen_yinmo_01,shen_yinmo,國,Fonts/my_fonts/01/font_00_0025.png
shen_yinmo_01,shen_yinmo,國,Fonts/my_fonts/01/font_00_0358.png
liu_gongquan_02,liu_gongquan,國,Fonts/my_fonts/02/char_0029.png
liu_gongquan_02,liu_gongquan,國,Fonts/my_fonts/02/char_0156.png
liu_gongquan_02,liu_gongquan,國,Fonts/my_fonts/02/char_0796.png
liu_gongquan_02,liu_gongquan,國,Fonts/my_fonts/02/char_0834.png
liu_gongquan_02,liu_gongquan,國,Fonts/my_fonts/02/char_0895.png
liu_gongquan_02,liu_gongquan,國,Fonts/my_fonts/02/char_1074.png
liu_gongquan_02,liu_gongquan,國,Fonts/my_fonts/02/char_1204.png
ouyang_xun_03,ouyang_xun,國,Fonts/my_fonts/03/char_0818.png
zhiyong_00,zhiyong,有,Fonts/my_fonts/00/char_0093.png
shen_yinmo_01,shen_yinmo,有,Fonts/my_fonts/01/font_00_0088.png
shen_yinmo_01,shen_yinmo,有,Fonts/my_fonts/01/font_00_0150.png
shen_yinmo_01,shen_yinmo,有,Fonts/my_fonts/01/font_00_0157.png
shen_yinmo_01,shen_yinmo,有,Fonts/my_fonts/01/font_00_0166.png
shen_yinmo_01,shen_yinmo,有,Fonts/my_fonts/01/font_00_0241.png
shen_yinmo_01,shen_yinmo,有,Fonts/my_fonts/01/font_00_0560.png
shen_yinmo_01,shen_yinmo,有,Fonts/my_fonts/01/font_00_0595.png
shen_yinmo_01,shen_yinmo,有,Fonts/my_fonts/01/font_00_0688.png
shen_yinmo_01,shen_yinmo,有,Fonts/my_fonts/01/font_00_0712.png
shen_yinmo_01,shen_yinmo,有,Fonts/my_fonts/01/font_00_0723.png
shen_yinmo_01,shen_yinmo,有,Fonts/my_fonts/01/font_00_0770.png
shen_yinmo_01,shen_yinmo,有,Fonts/my_fonts/01/font_00_0786.png
liu_gongquan_02,liu_gongquan,有,Fonts/my_fonts/02/char_0090.png
liu_gongquan_02,liu_gongquan,有,Fonts/my_fonts/02/char_0111.png
liu_gongquan_02,liu_gongquan,有,Fonts/my_fonts/02/char_0880.png
liu_gongquan_02,liu_gongquan,有,Fonts/my_fonts/02/char_0919.png
liu_gongquan_02,liu_gongquan,有,Fonts/my_fonts/02/char_1085.png
liu_gongquan_02,liu_gongquan,有,Fonts/my_fonts/02/char_1102.png
liu_gongquan_02,liu_gongquan,有,Fonts/my_fonts/02/char_1166.png
liu_gongquan_02,liu_gongquan,有,Fonts/my_fonts/02/char_1234.png
liu_gongquan_02,liu_gongquan,有,Fonts/my_fonts/02/char_1376.png
liu_gongquan_02,liu_gongquan,有,Fonts/my_fonts/02/char_1585.png
ouyang_xun_03,ouyang_xun,有,Fonts/my_fonts/03/char_0145.png
ouyang_xun_03,ouyang_xun,有,Fonts/my_fonts/03/char_0496.png
ouyang_xun_03,ouyang_xun,有,Fonts/my_fonts/03/char_0527.png
ouyang_xun_03,ouyang_xun,有,Fonts/my_fonts/03/char_0535.png
ouyang_xun_03,ouyang_xun,有,Fonts/my_fonts/03/char_0766.png
ouyang_xun_03,ouyang_xun,有,Fonts/my_fonts/03/char_0822.png
zhao_mengfu_04,zhao_mengfu,有,Fonts/my_fonts/04/char_0141.png
zhao_mengfu_04,zhao_mengfu,有,Fonts/my_fonts/04/char_0286.png
zhao_mengfu_04,zhao_mengfu,有,Fonts/my_fonts/04/char_0400.png
zhao_mengfu_04,zhao_mengfu,有,Fonts/my_fonts/04/char_0451.png
yan_zhenqing_07,yan_zhenqing,有,Fonts/my_fonts/07/char_0089.png
yan_zhenqing_07,yan_zhenqing,有,Fonts/my_fonts/07/char_0126.png
yan_zhenqing_07,yan_zhenqing,有,Fonts/my_fonts/07/char_0374.png
yan_zhenqing_07,yan_zhenqing,有,Fonts/my_fonts/07/char_0384.png
yan_zhenqing_07,yan_zhenqing,有,Fonts/my_fonts/07/char_0400.png
yan_zhenqing_07,yan_zhenqing,有,Fonts/my_fonts/07/char_0462.png
yan_zhenqing_07,yan_zhenqing,有,Fonts/my_fonts/07/char_0606.png
yan_zhenqing_07,yan_zhenqing,有,Fonts/my_fonts/07/char_0674.png
yan_zhenqing_07,yan_zhenqing,有,Fonts/my_fonts/07/char_0784.png
yan_zhenqing_07,yan_zhenqing,有,Fonts/my_fonts/07/char_1331.png
yan_zhenqing_07,yan_zhenqing,有,Fonts/my_fonts/07/char_1718.png
yan_zhenqing_07,yan_zhenqing,有,Fonts/my_fonts/07/char_1737.png
yan_zhenqing_07,yan_zhenqing,有,Fonts/my_fonts/07/char_1858.png
shen_yinmo_08,shen_yinmo,有,Fonts/my_fonts/08/char_0194.png
shen_yinmo_08,shen_yinmo,有,Fonts/my_fonts/08/char_0235.png
shen_yinmo_08,shen_yinmo,有,Fonts/my_fonts/08/char_0274.png
shen_yinmo_08,shen_yinmo,有,Fonts/my_fonts/08/char_0332.png
shen_yinmo_08,shen_yinmo,有,Fonts/my_fonts/08/char_0364.png
shen_yinmo_08,shen_yinmo,有,Fonts/my_fonts/08/char_0386.png
shen_yinmo_08,shen_yinmo,有,Fonts/my_fonts/08/char_0509.png
shen_yinmo_09,shen_yinmo,有,Fonts/my_fonts/09/char_0169.png
shen_yinmo_10,shen_yinmo,有,Fonts/my_fonts/10/char_0217.png
shen_yinmo_10,shen_yinmo,有,Fonts/my_fonts/10/char_0259.png
shen_yinmo_10,shen_yinmo,有,Fonts/my_fonts/10/char_0343.png
shen_yinmo_10,shen_yinmo,有,Fonts/my_fonts/10/char_0375.png
shen_yinmo_10,shen_yinmo,有,Fonts/my_fonts/10/char_0398.png
shen_yinmo_10,shen_yinmo,有,Fonts/my_fonts/10/char_0518.png
zhiyong_00,zhiyong,虞,Fonts/my_fonts/00/char_0094.png
shen_yinmo_01,shen_yinmo,虞,Fonts/my_fonts/01/font_00_0663.png
yu_shinan_06,yu_shinan,虞,Fonts/my_fonts/06/char_0343.png
zhiyong_00,zhiyong,唐,Fonts/my_fonts/00/char_0096.png
liu_gongquan_02,liu_gongquan,唐,Fonts/my_fonts/02/char_0001.png
liu_gongquan_02,liu_gongquan,唐,Fonts/my_fonts/02/char_0296.png
yan_zhenqing_07,yan_zhenqing,唐,Fonts/my_fonts/07/char_0002.png
zhiyong_00,zhiyong,民,Fonts/my_fonts/00/char_0098.png
shen_yinmo_01,shen_yinmo,民,Fonts/my_fonts/01/font_00_0024.png
shen_yinmo_01,shen_yinmo,民,Fonts/my_fonts/01/font_00_0357.png
zhao_mengfu_04,zhao_mengfu,民,Fonts/my_fonts/04/char_0394.png
zhao_mengfu_04,zhao_mengfu,民,Fonts/my_fonts/04/char_0449.png
zhiyong_00,zhiyong,罪,Fonts/my_fonts/00/char_0100.png
ouyang_xun_03,ouyang_xun,罪,Fonts/my_fonts/03/char_0640.png
zhiyong_00,zhiyong,周,Fonts/my_fonts/00/char_0101.png
shen_yinmo_01,shen_yinmo,周,Fonts/my_fonts/01/font_00_0292.png
liu_gongquan_02,liu_gongquan,周,Fonts/my_fonts/02/char_0074.png
ouyang_xun_03,ouyang_xun,周,Fonts/my_fonts/03/char_0068.png
zhao_mengfu_04,zhao_mengfu,周,Fonts/my_fonts/04/char_0041.png
zhao_mengfu_04,zhao_mengfu,周,Fonts/my_fonts/04/char_0204.png
zhiyong_00,zhiyong,發,Fonts/my_fonts/00/char_0102.png
zhao_mengfu_04,zhao_mengfu,發,Fonts/my_fonts/04/char_0428.png
yan_zhenqing_07,yan_zhenqing,發,Fonts/my_fonts/07/char_0077.png
yan_zhenqing_07,yan_zhenqing,發,Fonts/my_fonts/07/char_0387.png
yan_zhenqing_07,yan_zhenqing,發,Fonts/my_fonts/07/char_1365.png
yan_zhenqing_07,yan_zhenqing,發,Fonts/my_fonts/07/char_1696.png
yan_zhenqing_07,yan_zhenqing,發,Fonts/my_fonts/07/char_1772.png
shen_yinmo_08,shen_yinmo,發,Fonts/my_fonts/08/char_0161.png
shen_yinmo_08,shen_yinmo,發,Fonts/my_fonts/08/char_0403.png
shen_yinmo_08,shen_yinmo,發,Fonts/my_fonts/08/char_0415.png
shen_yinmo_10,shen_yinmo,發,Fonts/my_fonts/10/char_0191.png
shen_yinmo_10,shen_yinmo,發,Fonts/my_fonts/10/char_0414.png
shen_yinmo_10,shen_yinmo,發,Fonts/my_fonts/10/char_0426.png
zhiyong_00,zhiyong,殷,Fonts/my_fonts/00/char_0103.png
liu_gongquan_02,liu_gongquan,殷,Fonts/my_fonts/02/char_0207.png
liu_gongquan_02,liu_gongquan,殷,Fonts/my_fonts/02/char_0683.png
liu_gongquan_02,liu_gongquan,殷,Fonts/my_fonts/02/char_1483.png
zhiyong_00,zhiyong,朝,Fonts/my_fonts/00/char_0106.png
shen_yinmo_01,shen_yinmo,朝,Fonts/my_fonts/01/font_00_0010.png
shen_yinmo_01,shen_yinmo,朝,Fonts/my_fonts/01/font_00_0288.png
shen_yinmo_01,shen_yinmo,朝,Fonts/my_fonts/01/font_00_0312.png
liu_gongquan_02,liu_gongquan,朝,Fonts/my_fonts/02/char_0339.png
liu_gongquan_02,liu_gongquan,朝,Fonts/my_fonts/02/char_1528.png
liu_gongquan_02,liu_gongquan,朝,Fonts/my_fonts/02/char_1530.png
zhao_mengfu_04,zhao_mengfu,朝,Fonts/my_fonts/04/char_0196.png
zhao_mengfu_04,zhao_mengfu,朝,Fonts/my_fonts/04/char_0239.png
zhao_mengfu_04,zhao_mengfu,朝,Fonts/my_fonts/04/char_0476.png
yan_zhenqing_07,yan_zhenqing,朝,Fonts/my_fonts/07/char_0021.png
yan_zhenqing_07,yan_zhenqing,朝,Fonts/my_fonts/07/char_0038.png
yan_zhenqing_07,yan_zhenqing,朝,Fonts/my_fonts/07/char_1342.png
zhiyong_00,zhiyong,問,Fonts/my_fonts/00/char_0107.png
shen_yinmo_01,shen_yinmo,問,Fonts/my_fonts/01/font_00_0301.png
yan_zhenqing_07,yan_zhenqing,問,Fonts/my_fonts/07/char_0601.png
zhiyong_00,zhiyong,道,Fonts/my_fonts/00/char_0108.png
liu_gongquan_02,liu_gongquan,道,Fonts/my_fonts/02/char_0022.png
liu_gongquan_02,liu_gongquan,道,Fonts/my_fonts/02/char_0582.png
liu_gongquan_02,liu_gongquan,道,Fonts/my_fonts/02/char_0717.png
liu_gongquan_02,liu_gongquan,道,Fonts/my_fonts/02/char_0731.png
liu_gongquan_02,liu_gongquan,道,Fonts/my_fonts/02/char_0848.png
liu_gongquan_02,liu_gongquan,道,Fonts/my_fonts/02/char_1111.png
liu_gongquan_02,liu_gongquan,道,Fonts/my_fonts/02/char_1236.png
ouyang_xun_03,ouyang_xun,道,Fonts/my_fonts/03/char_0902.png
ouyang_xun_03,ouyang_xun,道,Fonts/my_fonts/03/char_1021.png
zhao_mengfu_04,zhao_mengfu,道,Fonts/my_fonts/04/char_0022.png
zhao_mengfu_04,zhao_mengfu,道,Fonts/my_fonts/04/char_0395.png
yu_shinan_06,yu_shinan,道,Fonts/my_fonts/06/char_0116.png
yan_zhenqing_07,yan_zhenqing,道,Fonts/my_fonts/07/char_0160.png
yan_zhenqing_07,yan_zhenqing,道,Fonts/my_fonts/07/char_0537.png
yan_zhenqing_07,yan_zhenqing,道,Fonts/my_fonts/07/char_0679.png
yan_zhenqing_07,yan_zhenqing,道,Fonts/my_fonts/07/char_0777.png
yan_zhenqing_07,yan_zhenqing,道,Fonts/my_fonts/07/char_0937.png
yan_zhenqing_07,yan_zhenqing,道,Fonts/my_fonts/07/char_0958.png
yan_zhenqing_07,yan_zhenqing,道,Fonts/my_fonts/07/char_1169.png
yan_zhenqing_07,yan_zhenqing,道,Fonts/my_fonts/07/char_1511.png
yan_zhenqing_07,yan_zhenqing,道,Fonts/my_fonts/07/char_1846.png
shen_yinmo_09,shen_yinmo,道,Fonts/my_fonts/09/char_0137.png
zhiyong_00,zhiyong,垂,Fonts/my_fonts/00/char_0109.png
ouyang_xun_03,ouyang_xun,垂,Fonts/my_fonts/03/char_0425.png
yu_shinan_06,yu_shinan,垂,Fonts/my_fonts/06/char_0273.png
yan_zhenqing_07,yan_zhenqing,垂,Fonts/my_fonts/07/char_1065.png
yan_zhenqing_07,yan_zhenqing,垂,Fonts/my_fonts/07/char_1240.png
zhiyong_00,zhiyong,拱,Fonts/my_fonts/00/char_0110.png
yu_shinan_06,yu_shinan,拱,Fonts/my_fonts/06/char_0114.png
zhiyong_00,zhiyong,平,Fonts/my_fonts/00/char_0111.png
shen_yinmo_01,shen_yinmo,平,Fonts/my_fonts/01/font_00_0675.png
liu_gongquan_02,liu_gongquan,平,Fonts/my_fonts/02/char_0335.png
liu_gongquan_02,liu_gongquan,平,Fonts/my_fonts/02/char_1089.png
yu_shinan_06,yu_shinan,平,Fonts/my_fonts/06/char_0102.png
yan_zhenqing_07,yan_zhenqing,平,Fonts/my_fonts/07/char_0099.png
yan_zhenqing_07,yan_zhenqing,平,Fonts/my_fonts/07/char_0652.png
shen_yinmo_08,shen_yinmo,平,Fonts/my_fonts/08/char_0056.png
shen_yinmo_08,shen_yinmo,平,Fonts/my_fonts/08/char_0074.png
shen_yinmo_08,shen_yinmo,平,Fonts/my_fonts/08/char_0088.png
shen_yinmo_08,shen_yinmo,平,Fonts/my_fonts/08/char_0266.png
shen_yinmo_10,shen_yinmo,平,Fonts/my_fonts/10/char_0078.png
shen_yinmo_10,shen_yinmo,平,Fonts/my_fonts/10/char_0095.png
shen_yinmo_10,shen_yinmo,平,Fonts/my_fonts/10/char_0110.png
zhiyong_00,zhiyong,章,Fonts/my_fonts/00/char_0112.png
shen_yinmo_01,shen_yinmo,章,Fonts/my_fonts/01/font_00_0532.png
yu_shinan_06,yu_shinan,章,Fonts/my_fonts/06/char_0058.png
yan_zhenqing_07,yan_zhenqing,章,Fonts/my_fonts/07/char_0166.png
yan_zhenqing_07,yan_zhenqing,章,Fonts/my_fonts/07/char_1210.png
yan_zhenqing_07,yan_zhenqing,章,Fonts/my_fonts/07/char_1805.png
shen_yinmo_08,shen_yinmo,章,Fonts/my_fonts/08/char_0333.png
shen_yinmo_08,shen_yinmo,章,Fonts/my_fonts/08/char_0336.png
shen_yinmo_08,shen_yinmo,章,Fonts/my_fonts/08/char_0397.png
shen_yinmo_10,shen_yinmo,章,Fonts/my_fonts/10/char_0344.png
shen_yinmo_10,shen_yinmo,章,Fonts/my_fonts/10/char_0347.png
shen_yinmo_10,shen_yinmo,章,Fonts/my_fonts/10/char_0408.png
zhiyong_00,zhiyong,愛,Fonts/my_fonts/00/char_0113.png
shen_yinmo_01,shen_yinmo,愛,Fonts/my_fonts/01/font_00_0332.png
ouyang_xun_03,ouyang_xun,愛,Fonts/my_fonts/03/char_0322.png
yan_zhenqing_07,yan_zhenqing,愛,Fonts/my_fonts/07/char_0833.png
zhiyong_00,zhiyong,育,Fonts/my_fonts/00/char_0114.png
shen_yinmo_01,shen_yinmo,育,Fonts/my_fonts/01/font_00_0473.png
liu_gongquan_02,liu_gongquan,育,Fonts/my_fonts/02/char_0523.png
zhiyong_00,zhiyong,首,Fonts/my_fonts/00/char_0116.png
shen_yinmo_01,shen_yinmo,首,Fonts/my_fonts/01/font_00_0327.png
liu_gongquan_02,liu_gongquan,首,Fonts/my_fonts/02/char_0226.png
zhao_mengfu_04,zhao_mengfu,首,Fonts/my_fonts/04/char_0192.png
yan_zhenqing_07,yan_zhenqing,首,Fonts/my_fonts/07/char_0344.png
zhiyong_00,zhiyong,臣,Fonts/my_fonts/00/char_0117.png
ouyang_xun_03,ouyang_xun,臣,Fonts/my_fonts/03/char_0018.png
ouyang_xun_03,ouyang_xun,臣,Fonts/my_fonts/03/char_0798.png
ouyang_xun_03,ouyang_xun,臣,Fonts/my_fonts/03/char_0892.png
ouyang_xun_03,ouyang_xun,臣,Fonts/my_fonts/03/char_1094.png
yu_shinan_06,yu_shinan,臣,Fonts/my_fonts/06/char_0004.png
yu_shinan_06,yu_shinan,臣,Fonts/my_fonts/06/char_0071.png
yu_shinan_06,yu_shinan,臣,Fonts/my_fonts/06/char_0119.png
yu_shinan_06,yu_shinan,臣,Fonts/my_fonts/06/char_0175.png
yu_shinan_06,yu_shinan,臣,Fonts/my_fonts/06/char_0223.png
yu_shinan_06,yu_shinan,臣,Fonts/my_fonts/06/char_0278.png
zhiyong_00,zhiyong,伏,Fonts/my_fonts/00/char_0118.png
shen_yinmo_01,shen_yinmo,伏,Fonts/my_fonts/01/font_00_0876.png
yan_zhenqing_07,yan_zhenqing,伏,Fonts/my_fonts/07/char_1607.png
shen_yinmo_08,shen_yinmo,伏,Fonts/my_fonts/08/char_0258.png
zhiyong_00,zhiyong,遐,Fonts/my_fonts/00/char_0121.png
ouyang_xun_03,ouyang_xun,遐,Fonts/my_fonts/03/char_0745.png
zhiyong_00,zhiyong,邇,Fonts/my_fonts/00/char_0122.png
ouyang_xun_03,ouyang_xun,邇,Fonts/my_fonts/03/char_0240.png
zhiyong_00,zhiyong,壹,Fonts/my_fonts/00/char_0123.png
ouyang_xun_03,ouyang_xun,壹,Fonts/my_fonts/03/char_0192.png
ouyang_xun_03,ouyang_xun,壹,Fonts/my_fonts/03/char_0842.png
zhao_mengfu_04,zhao_mengfu,壹,Fonts/my_fonts/04/char_0459.png
zhiyong_00,zhiyong,體,Fonts/my_fonts/00/char_0124.png
ouyang_xun_03,ouyang_xun,體,Fonts/my_fonts/03/char_0152.png
yan_zhenqing_07,yan_zhenqing,體,Fonts/my_fonts/07/char_0983.png
shen_yinmo_08,shen_yinmo,體,Fonts/my_fonts/08/char_0244.png
shen_yinmo_08,shen_yinmo,體,Fonts/my_fonts/08/char_0388.png
shen_yinmo_08,shen_yinmo,體,Fonts/my_fonts/08/char_0463.png
shen_yinmo_10,shen_yinmo,體,Fonts/my_fonts/10/char_0268.png
shen_yinmo_10,shen_yinmo,體,Fonts/my_fonts/10/char_0400.png
zhiyong_00,zhiyong,率,Fonts/my_fonts/00/char_0125.png
shen_yinmo_01,shen_yinmo,率,Fonts/my_fonts/01/font_00_0057.png
liu_gongquan_02,liu_gongquan,率,Fonts/my_fonts/02/char_1112.png
ouyang_xun_03,ouyang_xun,率,Fonts/my_fonts/03/char_1088.png
zhiyong_00,zhiyong,賓,Fonts/my_fonts/00/char_0126.png
shen_yinmo_01,shen_yinmo,賓,Fonts/my_fonts/01/font_00_0856.png
yan_zhenqing_07,yan_zhenqing,賓,Fonts/my_fonts/07/char_0808.png
zhiyong_00,zhiyong,歸,Fonts/my_fonts/00/char_0127.png
zhao_mengfu_04,zhao_mengfu,歸,Fonts/my_fonts/04/char_0371.png
yu_shinan_06,yu_shinan,歸,Fonts/my_fonts/06/char_0180.png
yan_zhenqing_07,yan_zhenqing,歸,Fonts/my_fonts/07/char_0110.png
yan_zhenqing_07,yan_zhenqing,歸,Fonts/my_fonts/07/char_0771.png
yan_zhenqing_07,yan_zhenqing,歸,Fonts/my_fonts/07/char_1524.png
yan_zhenqing_07,yan_zhenqing,歸,Fonts/my_fonts/07/char_1828.png
yan_zhenqing_07,yan_zhenqing,歸,Fonts/my_fonts/07/char_1960.png
zhiyong_00,zhiyong,王,Fonts/my_fonts/00/char_0128.png
shen_yinmo_01,shen_yinmo,王,Fonts/my_fonts/01/font_00_0492.png
liu_gongquan_02,liu_gongquan,王,Fonts/my_fonts/02/char_0083.png
liu_gongquan_02,liu_gongquan,王,Fonts/my_fonts/02/char_0151.png
liu_gongquan_02,liu_gongquan,王,Fonts/my_fonts/02/char_0188.png
liu_gongquan_02,liu_gongquan,王,Fonts/my_fonts/02/char_0430.png
liu_gongquan_02,liu_gongquan,王,Fonts/my_fonts/02/char_0460.png
liu_gongquan_02,liu_gongquan,王,Fonts/my_fonts/02/char_0468.png
liu_gongquan_02,liu_gongquan,王,Fonts/my_fonts/02/char_0700.png
liu_gongquan_02,liu_gongquan,王,Fonts/my_fonts/02/char_0702.png
liu_gongquan_02,liu_gongquan,王,Fonts/my_fonts/02/char_0831.png
liu_gongquan_02,liu_gongquan,王,Fonts/my_fonts/02/char_1135.png
liu_gongquan_02,liu_gongquan,王,Fonts/my_fonts/02/char_1343.png
ouyang_xun_03,ouyang_xun,王,Fonts/my_fonts/03/char_0218.png
ouyang_xun_03,ouyang_xun,王,Fonts/my_fonts/03/char_0635.png
ouyang_xun_03,ouyang_xun,王,Fonts/my_fonts/03/char_0684.png
yan_zhenqing_07,yan_zhenqing,王,Fonts/my_fonts/07/char_0330.png
yan_zhenqing_07,yan_zhenqing,王,Fonts/my_fonts/07/char_0811.png
yan_zhenqing_07,yan_zhenqing,王,Fonts/my_fonts/07/char_1545.png
yan_zhenqing_07,yan_zhenqing,王,Fonts/my_fonts/07/char_1954.png
zhiyong_00,zhiyong,鳴,Fonts/my_fonts/00/char_0129.png
zhao_mengfu_04,zhao_mengfu,鳴,Fonts/my_fonts/04/char_0230.png
zhiyong_00,zhiyong,鳳,Fonts/my_fonts/00/char_0130.png
liu_gongquan_02,liu_gongquan,鳳,Fonts/my_fonts/02/char_0675.png
liu_gongquan_02,liu_gongquan,鳳,Fonts/my_fonts/02/char_1327.png
ouyang_xun_03,ouyang_xun,鳳,Fonts/my_fonts/03/char_0971.png
yu_shinan_06,yu_shinan,鳳,Fonts/my_fonts/06/char_0042.png
zhiyong_00,zhiyong,在,Fonts/my_fonts/00/char_0131.png
shen_yinmo_01,shen_yinmo,在,Fonts/my_fonts/01/font_00_0130.png
shen_yinmo_01,shen_yinmo,在,Fonts/my_fonts/01/font_00_0304.png
shen_yinmo_01,shen_yinmo,在,Fonts/my_fonts/01/font_00_0569.png
liu_gongquan_02,liu_gongquan,在,Fonts/my_fonts/02/char_0234.png
ouyang_xun_03,ouyang_xun,在,Fonts/my_fonts/03/char_0173.png
ouyang_xun_03,ouyang_xun,在,Fonts/my_fonts/03/char_0472.png
ouyang_xun_03,ouyang_xun,在,Fonts/my_fonts/03/char_0808.png
ouyang_xun_03,ouyang_xun,在,Fonts/my_fonts/03/char_1079.png
yu_shinan_06,yu_shinan,在,Fonts/my_fonts/06/char_0109.png
yan_zhenqing_07,yan_zhenqing,在,Fonts/my_fonts/07/char_0085.png
yan_zhenqing_07,yan_zhenqing,在,Fonts/my_fonts/07/char_0198.png
yan_zhenqing_07,yan_zhenqing,在,Fonts/my_fonts/07/char_0283.png
shen_yinmo_08,shen_yinmo,在,Fonts/my_fonts/08/char_0066.png
shen_yinmo_09,shen_yinmo,在,Fonts/my_fonts/09/char_0011.png
shen_yinmo_10,shen_yinmo,在,Fonts/my_fonts/10/char_0087.png
zhiyong_00,zhiyong,樹,Fonts/my_fonts/00/char_0132.png
zhao_mengfu_04,zhao_mengfu,樹,Fonts/my_fonts/04/char_0208.png
yan_zhenqing_07,yan_zhenqing,樹,Fonts/my_fonts/07/char_0161.png
zhiyong_00,zhiyong,白,Fonts/my_fonts/00/char_0133.png
liu_gongquan_02,liu_gongquan,白,Fonts/my_fonts/02/char_1139.png
yu_shinan_06,yu_shinan,白,Fonts/my_fonts/06/char_0203.png
zhiyong_00,zhiyong,食,Fonts/my_fonts/00/char_0135.png
liu_gongquan_02,liu_gongquan,食,Fonts/my_fonts/02/char_0063.png
ouyang_xun_03,ouyang_xun,食,Fonts/my_fonts/03/char_0689.png
ouyang_xun_03,ouyang_xun,食,Fonts/my_fonts/03/char_0924.png
yan_zhenqing_07,yan_zhenqing,食,Fonts/my_fonts/07/char_0314.png
zhiyong_00,zhiyong,場,Fonts/my_fonts/00/char_0136.png
yan_zhenqing_07,yan_zhenqing,場,Fonts/my_fonts/07/char_0938.png
yan_zhenqing_07,yan_zhenqing,場,Fonts/my_fonts/07/char_0959.png
zhiyong_00,zhiyong,化,Fonts/my_fonts/00/char_0137.png
shen_yinmo_01,shen_yinmo,化,Fonts/my_fonts/01/font_00_0313.png
zhao_mengfu_04,zhao_mengfu,化,Fonts/my_fonts/04/char_0353.png
yu_shinan_06,yu_shinan,化,Fonts/my_fonts/06/char_0048.png
yu_shinan_06,yu_shinan,化,Fonts/my_fonts/06/char_0078.png
yan_zhenqing_07,yan_zhenqing,化,Fonts/my_fonts/07/char_0253.png
yan_zhenqing_07,yan_zhenqing,化,Fonts/my_fonts/07/char_0656.png
zhiyong_00,zhiyong,草,Fonts/my_fonts/00/char_0139.png
liu_gongquan_02,liu_gongquan,草,Fonts/my_fonts/02/char_0994.png
liu_gongquan_02,liu_gongquan,草,Fonts/my_fonts/02/char_1012.png
liu_gongquan_02,liu_gongquan,草,Fonts/my_fonts/02/char_1053.png
yan_zhenqing_07,yan_zhenqing,草,Fonts/my_fonts/07/char_1810.png
shen_yinmo_08,shen_yinmo,草,Fonts/my_fonts/08/char_0232.png
shen_yinmo_08,shen_yinmo,草,Fonts/my_fonts/08/char_0298.png
shen_yinmo_08,shen_yinmo,草,Fonts/my_fonts/08/char_0334.png
shen_yinmo_08,shen_yinmo,草,Fonts/my_fonts/08/char_0398.png
shen_yinmo_10,shen_yinmo,草,Fonts/my_fonts/10/char_0256.png
shen_yinmo_10,shen_yinmo,草,Fonts/my_fonts/10/char_0309.png
shen_yinmo_10,shen_yinmo,草,Fonts/my_fonts/10/char_0345.png
shen_yinmo_10,shen_yinmo,草,Fonts/my_fonts/10/char_0409.png
zhiyong_00,zhiyong,木,Fonts/my_fonts/00/char_0140.png
zhao_mengfu_04,zhao_mengfu,木,Fonts/my_fonts/04/char_0265.png
yu_shinan_06,yu_shinan,木,Fonts/my_fonts/06/char_0080.png
yan_zhenqing_07,yan_zhenqing,木,Fonts/my_fonts/07/char_0562.png
yan_zhenqing_07,yan_zhenqing,木,Fonts/my_fonts/07/char_0866.png
yan_zhenqing_07,yan_zhenqing,木,Fonts/my_fonts/07/char_1566.png
zhiyong_00,zhiyong,及,Fonts/my_fonts/00/char_0142.png
liu_gongquan_02,liu_gongquan,及,Fonts/my_fonts/02/char_1265.png
liu_gongquan_02,liu_gongquan,及,Fonts/my_fonts/02/char_1611.png
ouyang_xun_03,ouyang_xun,及,Fonts/my_fonts/03/char_0502.png
ouyang_xun_03,ouyang_xun,及,Fonts/my_fonts/03/char_0665.png
ouyang_xun_03,ouyang_xun,及,Fonts/my_fonts/03/char_0669.png
ouyang_xun_03,ouyang_xun,及,Fonts/my_fonts/03/char_0673.png
yan_zhenqing_07,yan_zhenqing,及,Fonts/my_fonts/07/char_0332.png
yan_zhenqing_07,yan_zhenqing,及,Fonts/my_fonts/07/char_0481.png
yan_zhenqing_07,yan_zhenqing,及,Fonts/my_fonts/07/char_1073.png
shen_yinmo_08,shen_yinmo,及,Fonts/my_fonts/08/char_0222.png
shen_yinmo_08,shen_yinmo,及,Fonts/my_fonts/08/char_0335.png
shen_yinmo_08,shen_yinmo,及,Fonts/my_fonts/08/char_0377.png
shen_yinmo_08,shen_yinmo,及,Fonts/my_fonts/08/char_0429.png
shen_yinmo_08,shen_yinmo,及,Fonts/my_fonts/08/char_0515.png
shen_yinmo_10,shen_yinmo,及,Fonts/my_fonts/10/char_0246.png
shen_yinmo_10,shen_yinmo,及,Fonts/my_fonts/10/char_0346.png
shen_yinmo_10,shen_yinmo,及,Fonts/my_fonts/10/char_0389.png
shen_yinmo_10,shen_yinmo,及,Fonts/my_fonts/10/char_0439.png
shen_yinmo_10,shen_yinmo,及,Fonts/my_fonts/10/char_0525.png
zhiyong_00,zhiyong,萬,Fonts/my_fonts/00/char_0143.png
shen_yinmo_01,shen_yinmo,萬,Fonts/my_fonts/01/font_00_0734.png
liu_gongquan_02,liu_gongquan,萬,Fonts/my_fonts/02/char_0668.png
liu_gongquan_02,liu_gongquan,萬,Fonts/my_fonts/02/char_1318.png
ouyang_xun_03,ouyang_xun,萬,Fonts/my_fonts/03/char_0604.png
ouyang_xun_03,ouyang_xun,萬,Fonts/my_fonts/03/char_0674.png
ouyang_xun_03,ouyang_xun,萬,Fonts/my_fonts/03/char_0849.png
zhao_mengfu_04,zhao_mengfu,萬,Fonts/my_fonts/04/char_0102.png
yu_shinan_06,yu_shinan,萬,Fonts/my_fonts/06/char_0111.png
yan_zhenqing_07,yan_zhenqing,萬,Fonts/my_fonts/07/char_0618.png
yan_zhenqing_07,yan_zhenqing,萬,Fonts/my_fonts/07/char_0782.png
yan_zhenqing_07,yan_zhenqing,萬,Fonts/my_fonts/07/char_1401.png
yan_zhenqing_07,yan_zhenqing,萬,Fonts/my_fonts/07/char_1527.png
shen_yinmo_08,shen_yinmo,萬,Fonts/my_fonts/08/char_0166.png
shen_yinmo_10,shen_yinmo,萬,Fonts/my_fonts/10/char_0211.png
zhiyong_00,zhiyong,方,Fonts/my_fonts/00/char_0144.png
shen_yinmo_01,shen_yinmo,方,Fonts/my_fonts/01/font_00_0557.png
shen_yinmo_01,shen_yinmo,方,Fonts/my_fonts/01/font_00_0727.png
liu_gongquan_02,liu_gongquan,方,Fonts/my_fonts/02/char_1308.png
ouyang_xun_03,ouyang_xun,方,Fonts/my_fonts/03/char_0179.png
yu_shinan_06,yu_shinan,方,Fonts/my_fonts/06/char_0016.png
yu_shinan_06,yu_shinan,方,Fonts/my_fonts/06/char_0112.png
yan_zhenqing_07,yan_zhenqing,方,Fonts/my_fonts/07/char_0401.png
yan_zhenqing_07,yan_zhenqing,方,Fonts/my_fonts/07/char_1395.png
yan_zhenqing_07,yan_zhenqing,方,Fonts/my_fonts/07/char_1493.png
yan_zhenqing_07,yan_zhenqing,方,Fonts/my_fonts/07/char_2007.png
shen_yinmo_08,shen_yinmo,方,Fonts/my_fonts/08/char_0084.png
shen_yinmo_10,shen_yinmo,方,Fonts/my_fonts/10/char_0105.png
zhiyong_00,zhiyong,蓋,Fonts/my_fonts/00/char_0145.png
shen_yinmo_01,shen_yinmo,蓋,Fonts/my_fonts/01/font_00_0768.png
zhao_mengfu_04,zhao_mengfu,蓋,Fonts/my_fonts/04/char_0367.png
yan_zhenqing_07,yan_zhenqing,蓋,Fonts/my_fonts/07/char_1241.png
yan_zhenqing_07,yan_zhenqing,蓋,Fonts/my_fonts/07/char_1420.png
zhiyong_00,zhiyong,此,Fonts/my_fonts/00/char_0146.png
shen_yinmo_01,shen_yinmo,此,Fonts/my_fonts/01/font_00_0214.png
shen_yinmo_01,shen_yinmo,此,Fonts/my_fonts/01/font_00_0250.png
shen_yinmo_01,shen_yinmo,此,Fonts/my_fonts/01/font_00_0416.png
shen_yinmo_01,shen_yinmo,此,Fonts/my_fonts/01/font_00_0564.png
shen_yinmo_01,shen_yinmo,此,Fonts/my_fonts/01/font_00_0745.png
shen_yinmo_01,shen_yinmo,此,Fonts/my_fonts/01/font_00_0797.png
ouyang_xun_03,ouyang_xun,此,Fonts/my_fonts/03/char_0042.png
ouyang_xun_03,ouyang_xun,此,Fonts/my_fonts/03/char_0430.png
yan_zhenqing_07,yan_zhenqing,此,Fonts/my_fonts/07/char_0480.png
shen_yinmo_08,shen_yinmo,此,Fonts/my_fonts/08/char_0109.png
shen_yinmo_08,shen_yinmo,此,Fonts/my_fonts/08/char_0213.png
shen_yinmo_08,shen_yinmo,此,Fonts/my_fonts/08/char_0227.png
shen_yinmo_08,shen_yinmo,此,Fonts/my_fonts/08/char_0343.png
shen_yinmo_08,shen_yinmo,此,Fonts/my_fonts/08/char_0387.png
shen_yinmo_10,shen_yinmo,此,Fonts/my_fonts/10/char_0126.png
shen_yinmo_10,shen_yinmo,此,Fonts/my_fonts/10/char_0236.png
shen_yinmo_10,shen_yinmo,此,Fonts/my_fonts/10/char_0251.png
shen_yinmo_10,shen_yinmo,此,Fonts/my_fonts/10/char_0354.png
shen_yinmo_10,shen_yinmo,此,Fonts/my_fonts/10/char_0399.png
zhiyong_00,zhiyong,身,Fonts/my_fonts/00/char_0147.png
ouyang_xun_03,ouyang_xun,身,Fonts/my_fonts/03/char_0265.png
zhao_mengfu_04,zhao_mengfu,身,Fonts/my_fonts/04/char_0115.png
yan_zhenqing_07,yan_zhenqing,身,Fonts/my_fonts/07/char_0270.png
yan_zhenqing_07,yan_zhenqing,身,Fonts/my_fonts/07/char_0289.png
yan_zhenqing_07,yan_zhenqing,身,Fonts/my_fonts/07/char_0902.png
yan_zhenqing_07,yan_zhenqing,身,Fonts/my_fonts/07/char_0995.png
yan_zhenqing_07,yan_zhenqing,身,Fonts/my_fonts/07/char_1035.png
yan_zhenqing_07,yan_zhenqing,身,Fonts/my_fonts/07/char_1404.png
shen_yinmo_09,shen_yinmo,身,Fonts/my_fonts/09/char_0097.png
zhiyong_00,zhiyong,髮,Fonts/my_fonts/00/char_0148.png
yan_zhenqing_07,yan_zhenqing,髮,Fonts/my_fonts/07/char_0219.png
zhiyong_00,zhiyong,四,Fonts/my_fonts/00/char_0149.png
shen_yinmo_01,shen_yinmo,四,Fonts/my_fonts/01/font_00_0151.png
shen_yinmo_01,shen_yinmo,四,Fonts/my_fonts/01/font_00_0784.png
liu_gongquan_02,liu_gongquan,四,Fonts/my_fonts/02/char_1175.png
liu_gongquan_02,liu_gongquan,四,Fonts/my_fonts/02/char_1469.png
ouyang_xun_03,ouyang_xun,四,Fonts/my_fonts/03/char_0072.png
ouyang_xun_03,ouyang_xun,四,Fonts/my_fonts/03/char_0178.png
ouyang_xun_03,ouyang_xun,四,Fonts/my_fonts/03/char_0490.png
zhao_mengfu_04,zhao_mengfu,四,Fonts/my_fonts/04/char_0447.png
yu_shinan_06,yu_shinan,四,Fonts/my_fonts/06/char_0103.png
yu_shinan_06,yu_shinan,四,Fonts/my_fonts/06/char_0285.png
yan_zhenqing_07,yan_zhenqing,四,Fonts/my_fonts/07/char_0087.png
yan_zhenqing_07,yan_zhenqing,四,Fonts/my_fonts/07/char_0761.png
yan_zhenqing_07,yan_zhenqing,四,Fonts/my_fonts/07/char_0778.png
yan_zhenqing_07,yan_zhenqing,四,Fonts/my_fonts/07/char_0918.png
yan_zhenqing_07,yan_zhenqing,四,Fonts/my_fonts/07/char_1935.png
yan_zhenqing_07,yan_zhenqing,四,Fonts/my_fonts/07/char_1970.png
shen_yinmo_08,shen_yinmo,四,Fonts/my_fonts/08/char_0529.png
shen_yinmo_08,shen_yinmo,四,Fonts/my_fonts/08/char_0531.png
zhiyong_00,zhiyong,大,Fonts/my_fonts/00/char_0150.png
shen_yinmo_01,shen_yinmo,大,Fonts/my_fonts/01/font_00_0281.png
shen_yinmo_01,shen_yinmo,大,Fonts/my_fonts/01/font_00_0308.png
shen_yinmo_01,shen_yinmo,大,Fonts/my_fonts/01/font_00_0464.png
shen_yinmo_01,shen_yinmo,大,Fonts/my_fonts/01/font_00_0617.png
liu_gongquan_02,liu_gongquan,大,Fonts/my_fonts/02/char_0205.png
liu_gongquan_02,liu_gongquan,大,Fonts/my_fonts/02/char_0228.png
liu_gongquan_02,liu_gongquan,大,Fonts/my_fonts/02/char_0237.png
liu_gongquan_02,liu_gongquan,大,Fonts/my_fonts/02/char_0343.png
liu_gongquan_02,liu_gongquan,大,Fonts/my_fonts/02/char_1312.png
ouyang_xun_03,ouyang_xun,大,Fonts/my_fonts/03/char_0437.png
ouyang_xun_03,ouyang_xun,大,Fonts/my_fonts/03/char_0855.png
ouyang_xun_03,ouyang_xun,大,Fonts/my_fonts/03/char_0901.png
zhao_mengfu_04,zhao_mengfu,大,Fonts/my_fonts/04/char_0198.png
zhao_mengfu_04,zhao_mengfu,大,Fonts/my_fonts/04/char_0397.png
zhao_mengfu_04,zhao_mengfu,大,Fonts/my_fonts/04/char_0478.png
yu_shinan_06,yu_shinan,大,Fonts/my_fonts/06/char_0049.png
yu_shinan_06,yu_shinan,大,Fonts/my_fonts/06/char_0117.png
yan_zhenqing_07,yan_zhenqing,大,Fonts/my_fonts/07/char_0001.png
yan_zhenqing_07,yan_zhenqing,大,Fonts/my_fonts/07/char_0040.png
yan_zhenqing_07,yan_zhenqing,大,Fonts/my_fonts/07/char_0655.png
yan_zhenqing_07,yan_zhenqing,大,Fonts/my_fonts/07/char_0800.png
yan_zhenqing_07,yan_zhenqing,大,Fonts/my_fonts/07/char_0916.png
yan_zhenqing_07,yan_zhenqing,大,Fonts/my_fonts/07/char_1182.png
yan_zhenqing_07,yan_zhenqing,大,Fonts/my_fonts/07/char_1403.png
yan_zhenqing_07,yan_zhenqing,大,Fonts/my_fonts/07/char_1431.png
yan_zhenqing_07,yan_zhenqing,大,Fonts/my_fonts/07/char_1766.png
yan_zhenqing_07,yan_zhenqing,大,Fonts/my_fonts/07/char_1863.png
yan_zhenqing_07,yan_zhenqing,大,Fonts/my_fonts/07/char_1865.png
yan_zhenqing_07,yan_zhenqing,大,Fonts/my_fonts/07/char_1988.png
shen_yinmo_08,shen_yinmo,大,Fonts/my_fonts/08/char_0052.png
shen_yinmo_08,shen_yinmo,大,Fonts/my_fonts/08/char_0218.png
shen_yinmo_08,shen_yinmo,大,Fonts/my_fonts/08/char_0267.png
shen_yinmo_08,shen_yinmo,大,Fonts/my_fonts/08/char_0427.png
shen_yinmo_09,shen_yinmo,大,Fonts/my_fonts/09/char_0213.png
shen_yinmo_09,shen_yinmo,大,Fonts/my_fonts/09/char_0217.png
shen_yinmo_10,shen_yinmo,大,Fonts/my_fonts/10/char_0074.png
shen_yinmo_10,shen_yinmo,大,Fonts/my_fonts/10/char_0241.png
shen_yinmo_10,shen_yinmo,大,Fonts/my_fonts/10/char_0437.png
zhiyong_00,zhiyong,五,Fonts/my_fonts/00/char_0151.png
shen_yinmo_01,shen_yinmo,五,Fonts/my_fonts/01/font_00_0027.png
liu_gongquan_02,liu_gongquan,五,Fonts/my_fonts/02/char_1283.png
liu_gongquan_02,liu_gongquan,五,Fonts/my_fonts/02/char_1300.png
ouyang_xun_03,ouyang_xun,五,Fonts/my_fonts/03/char_0868.png
ouyang_xun_03,ouyang_xun,五,Fonts/my_fonts/03/char_0975.png
yu_shinan_06,yu_shinan,五,Fonts/my_fonts/06/char_0324.png
yan_zhenqing_07,yan_zhenqing,五,Fonts/my_fonts/07/char_0616.png
yan_zhenqing_07,yan_zhenqing,五,Fonts/my_fonts/07/char_0785.png
yan_zhenqing_07,yan_zhenqing,五,Fonts/my_fonts/07/char_1128.png
shen_yinmo_08,shen_yinmo,五,Fonts/my_fonts/08/char_0507.png
shen_yinmo_09,shen_yinmo,五,Fonts/my_fonts/09/char_0025.png
shen_yinmo_10,shen_yinmo,五,Fonts/my_fonts/10/char_0516.png
zhiyong_00,zhiyong,常,Fonts/my_fonts/00/char_0152.png
liu_gongquan_02,liu_gongquan,常,Fonts/my_fonts/02/char_0927.png
liu_gongquan_02,liu_gongquan,常,Fonts/my_fonts/02/char_0930.png
ouyang_xun_03,ouyang_xun,常,Fonts/my_fonts/03/char_0616.png
zhao_mengfu_04,zhao_mengfu,常,Fonts/my_fonts/04/char_0469.png
yan_zhenqing_07,yan_zhenqing,常,Fonts/my_fonts/07/char_0900.png
yan_zhenqing_07,yan_zhenqing,常,Fonts/my_fonts/07/char_1653.png
yan_zhenqing_07,yan_zhenqing,常,Fonts/my_fonts/07/char_1849.png
yan_zhenqing_07,yan_zhenqing,常,Fonts/my_fonts/07/char_1914.png
shen_yinmo_08,shen_yinmo,常,Fonts/my_fonts/08/char_0107.png
shen_yinmo_08,shen_yinmo,常,Fonts/my_fonts/08/char_0130.png
shen_yinmo_08,shen_yinmo,常,Fonts/my_fonts/08/char_0137.png
shen_yinmo_10,shen_yinmo,常,Fonts/my_fonts/10/char_0124.png
shen_yinmo_10,shen_yinmo,常,Fonts/my_fonts/10/char_0156.png
shen_yinmo_10,shen_yinmo,常,Fonts/my_fonts/10/char_0165.png
zhiyong_00,zhiyong,恭,Fonts/my_fonts/00/char_0153.png
liu_gongquan_02,liu_gongquan,恭,Fonts/my_fonts/02/char_1533.png
zhiyong_00,zhiyong,惟,Fonts/my_fonts/00/char_0154.png
shen_yinmo_01,shen_yinmo,惟,Fonts/my_fonts/01/font_00_0265.png
shen_yinmo_01,shen_yinmo,惟,Fonts/my_fonts/01/font_00_0512.png
shen_yinmo_01,shen_yinmo,惟,Fonts/my_fonts/01/font_00_0662.png
shen_yinmo_01,shen_yinmo,惟,Fonts/my_fonts/01/font_00_0735.png
shen_yinmo_01,shen_yinmo,惟,Fonts/my_fonts/01/font_00_0776.png
liu_gongquan_02,liu_gongquan,惟,Fonts/my_fonts/02/char_0812.png
ouyang_xun_03,ouyang_xun,惟,Fonts/my_fonts/03/char_0837.png
zhao_mengfu_04,zhao_mengfu,惟,Fonts/my_fonts/04/char_0079.png
zhao_mengfu_04,zhao_mengfu,惟,Fonts/my_fonts/04/char_0274.png
zhao_mengfu_04,zhao_mengfu,惟,Fonts/my_fonts/04/char_0278.png
zhao_mengfu_04,zhao_mengfu,惟,Fonts/my_fonts/04/char_0419.png
yu_shinan_06,yu_shinan,惟,Fonts/my_fonts/06/char_0086.png
yu_shinan_06,yu_shinan,惟,Fonts/my_fonts/06/char_0262.png
yu_shinan_06,yu_shinan,惟,Fonts/my_fonts/06/char_0301.png
yan_zhenqing_07,yan_zhenqing,惟,Fonts/my_fonts/07/char_0610.png
yan_zhenqing_07,yan_zhenqing,惟,Fonts/my_fonts/07/char_1568.png
shen_yinmo_08,shen_yinmo,惟,Fonts/my_fonts/08/char_0331.png
shen_yinmo_10,shen_yinmo,惟,Fonts/my_fonts/10/char_0342.png
zhiyong_00,zhiyong,鞠,Fonts/my_fonts/00/char_0155.png
shen_yinmo_01,shen_yinmo,鞠,Fonts/my_fonts/01/font_00_0110.png
zhiyong_00,zhiyong,養,Fonts/my_fonts/00/char_0156.png
shen_yinmo_01,shen_yinmo,養,Fonts/my_fonts/01/font_00_0086.png
ouyang_xun_03,ouyang_xun,養,Fonts/my_fonts/03/char_0157.png
ouyang_xun_03,ouyang_xun,養,Fonts/my_fonts/03/char_0318.png
ouyang_xun_03,ouyang_xun,養,Fonts/my_fonts/03/char_0589.png
yan_zhenqing_07,yan_zhenqing,養,Fonts/my_fonts/07/char_1906.png
zhiyong_00,zhiyong,豈,Fonts/my_fonts/00/char_0157.png
ouyang_xun_03,ouyang_xun,豈,Fonts/my_fonts/03/char_0797.png
yu_shinan_06,yu_shinan,豈,Fonts/my_fonts/06/char_0283.png
yan_zhenqing_07,yan_zhenqing,豈,Fonts/my_fonts/07/char_0832.png
zhiyong_00,zhiyong,敢,Fonts/my_fonts/00/char_0158.png
shen_yinmo_01,shen_yinmo,敢,Fonts/my_fonts/01/font_00_0073.png
shen_yinmo_01,shen_yinmo,敢,Fonts/my_fonts/01/font_00_0594.png
shen_yinmo_01,shen_yinmo,敢,Fonts/my_fonts/01/font_00_0687.png
shen_yinmo_01,shen_yinmo,敢,Fonts/my_fonts/01/font_00_0826.png
shen_yinmo_01,shen_yinmo,敢,Fonts/my_fonts/01/font_00_0896.png
ouyang_xun_03,ouyang_xun,敢,Fonts/my_fonts/03/char_0826.png
shen_yinmo_08,shen_yinmo,敢,Fonts/my_fonts/08/char_0119.png
shen_yinmo_10,shen_yinmo,敢,Fonts/my_fonts/10/char_0144.png
zhiyong_00,zhiyong,毀,Fonts/my_fonts/00/char_0159.png
ouyang_xun_03,ouyang_xun,毀,Fonts/my_fonts/03/char_0355.png
zhiyong_00,zhiyong,女,Fonts/my_fonts/00/char_0161.png
shen_yinmo_01,shen_yinmo,女,Fonts/my_fonts/01/font_00_0409.png
shen_yinmo_01,shen_yinmo,女,Fonts/my_fonts/01/font_00_0441.png
shen_yinmo_01,shen_yinmo,女,Fonts/my_fonts/01/font_00_0449.png
shen_yinmo_01,shen_yinmo,女,Fonts/my_fonts/01/font_00_0501.png
liu_gongquan_02,liu_gongquan,女,Fonts/my_fonts/02/char_0210.png
yan_zhenqing_07,yan_zhenqing,女,Fonts/my_fonts/07/char_0338.png
zhiyong_00,zhiyong,貞,Fonts/my_fonts/00/char_0163.png
liu_gongquan_02,liu_gongquan,貞,Fonts/my_fonts/02/char_0382.png
liu_gongquan_02,liu_gongquan,貞,Fonts/my_fonts/02/char_0813.png
ouyang_xun_03,ouyang_xun,貞,Fonts/my_fonts/03/char_0025.png
ouyang_xun_03,ouyang_xun,貞,Fonts/my_fonts/03/char_1083.png
yan_zhenqing_07,yan_zhenqing,貞,Fonts/my_fonts/07/char_1066.png
zhiyong_00,zhiyong,男,Fonts/my_fonts/00/char_0165.png
shen_yinmo_01,shen_yinmo,男,Fonts/my_fonts/01/font_00_0054.png
liu_gongquan_02,liu_gongquan,男,Fonts/my_fonts/02/char_1080.png
liu_gongquan_02,liu_gongquan,男,Fonts/my_fonts/02/char_1263.png
ouyang_xun_03,ouyang_xun,男,Fonts/my_fonts/03/char_1093.png
zhiyong_00,zhiyong,效,Fonts/my_fonts/00/char_0166.png
shen_yinmo_01,shen_yinmo,效,Fonts/my_fonts/01/font_00_0828.png
ouyang_xun_03,ouyang_xun,效,Fonts/my_fonts/03/char_0947.png
zhiyong_00,zhiyong,才,Fonts/my_fonts/00/char_0167.png
liu_gongquan_02,liu_gongquan,才,Fonts/my_fonts/02/char_0900.png
zhiyong_00,zhiyong,良,Fonts/my_fonts/00/char_0168.png
shen_yinmo_01,shen_yinmo,良,Fonts/my_fonts/01/font_00_0064.png
ouyang_xun_03,ouyang_xun,良,Fonts/my_fonts/03/char_0126.png
zhiyong_00,zhiyong,知,Fonts/my_fonts/00/char_0169.png
ouyang_xun_03,ouyang_xun,知,Fonts/my_fonts/03/char_0930.png
zhao_mengfu_04,zhao_mengfu,知,Fonts/my_fonts/04/char_0336.png
yu_shinan_06,yu_shinan,知,Fonts/my_fonts/06/char_0252.png
yu_shinan_06,yu_shinan,知,Fonts/my_fonts/06/char_0290.png
yan_zhenqing_07,yan_zhenqing,知,Fonts/my_fonts/07/char_0627.png
yan_zhenqing_07,yan_zhenqing,知,Fonts/my_fonts/07/char_1891.png
shen_yinmo_08,shen_yinmo,知,Fonts/my_fonts/08/char_0478.png
shen_yinmo_09,shen_yinmo,知,Fonts/my_fonts/09/char_0205.png
shen_yinmo_10,shen_yinmo,知,Fonts/my_fonts/10/char_0487.png
zhiyong_00,zhiyong,過,Fonts/my_fonts/00/char_0170.png
liu_gongquan_02,liu_gongquan,過,Fonts/my_fonts/02/char_1612.png
yan_zhenqing_07,yan_zhenqing,過,Fonts/my_fonts/07/char_1611.png
shen_yinmo_08,shen_yinmo,過,Fonts/my_fonts/08/char_0131.png
shen_yinmo_08,shen_yinmo,過,Fonts/my_fonts/08/char_0330.png
shen_yinmo_10,shen_yinmo,過,Fonts/my_fonts/10/char_0158.png
shen_yinmo_10,shen_yinmo,過,Fonts/my_fonts/10/char_0341.png
zhiyong_00,zhiyong,必,Fonts/my_fonts/00/char_0171.png
shen_yinmo_01,shen_yinmo,必,Fonts/my_fonts/01/font_00_0234.png
ouyang_xun_03,ouyang_xun,必,Fonts/my_fonts/03/char_0365.png
zhiyong_00,zhiyong,改,Fonts/my_fonts/00/char_0172.png
ouyang_xun_03,ouyang_xun,改,Fonts/my_fonts/03/char_0366.png
zhao_mengfu_04,zhao_mengfu,改,Fonts/my_fonts/04/char_0091.png
shen_yinmo_08,shen_yinmo,改,Fonts/my_fonts/08/char_0125.png
shen_yinmo_08,shen_yinmo,改,Fonts/my_fonts/08/char_0490.png
shen_yinmo_10,shen_yinmo,改,Fonts/my_fonts/10/char_0150.png
shen_yinmo_10,shen_yinmo,改,Fonts/my_fonts/10/char_0500.png
zhiyong_00,zhiyong,得,Fonts/my_fonts/00/char_0173.png
shen_yinmo_01,shen_yinmo,得,Fonts/my_fonts/01/font_00_0377.png
shen_yinmo_01,shen_yinmo,得,Fonts/my_fonts/01/font_00_0547.png
liu_gongquan_02,liu_gongquan,得,Fonts/my_fonts/02/char_0753.png
ouyang_xun_03,ouyang_xun,得,Fonts/my_fonts/03/char_0645.png
yu_shinan_06,yu_shinan,得,Fonts/my_fonts/06/char_0198.png
yan_zhenqing_07,yan_zhenqing,得,Fonts/my_fonts/07/char_0869.png
yan_zhenqing_07,yan_zhenqing,得,Fonts/my_fonts/07/char_0975.png
shen_yinmo_08,shen_yinmo,得,Fonts/my_fonts/08/char_0095.png
shen_yinmo_08,shen_yinmo,得,Fonts/my_fonts/08/char_0204.png
shen_yinmo_08,shen_yinmo,得,Fonts/my_fonts/08/char_0263.png
shen_yinmo_08,shen_yinmo,得,Fonts/my_fonts/08/char_0312.png
shen_yinmo_09,shen_yinmo,得,Fonts/my_fonts/09/char_0142.png
shen_yinmo_09,shen_yinmo,得,Fonts/my_fonts/09/char_0146.png
shen_yinmo_09,shen_yinmo,得,Fonts/my_fonts/09/char_0194.png
shen_yinmo_10,shen_yinmo,得,Fonts/my_fonts/10/char_0116.png
shen_yinmo_10,shen_yinmo,得,Fonts/my_fonts/10/char_0227.png
shen_yinmo_10,shen_yinmo,得,Fonts/my_fonts/10/char_0324.png
zhiyong_00,zhiyong,能,Fonts/my_fonts/00/char_0174.png
shen_yinmo_01,shen_yinmo,能,Fonts/my_fonts/01/font_00_0795.png
liu_gongquan_02,liu_gongquan,能,Fonts/my_fonts/02/char_1168.png
ouyang_xun_03,ouyang_xun,能,Fonts/my_fonts/03/char_0167.png
ouyang_xun_03,ouyang_xun,能,Fonts/my_fonts/03/char_0803.png
zhao_mengfu_04,zhao_mengfu,能,Fonts/my_fonts/04/char_0147.png
yan_zhenqing_07,yan_zhenqing,能,Fonts/my_fonts/07/char_0477.png
yan_zhenqing_07,yan_zhenqing,能,Fonts/my_fonts/07/char_0515.png
yan_zhenqing_07,yan_zhenqing,能,Fonts/my_fonts/07/char_0836.png
yan_zhenqing_07,yan_zhenqing,能,Fonts/my_fonts/07/char_1409.png
yan_zhenqing_07,yan_zhenqing,能,Fonts/my_fonts/07/char_1508.png
yan_zhenqing_07,yan_zhenqing,能,Fonts/my_fonts/07/char_1879.png
shen_yinmo_08,shen_yinmo,能,Fonts/my_fonts/08/char_0413.png
shen_yinmo_08,shen_yinmo,能,Fonts/my_fonts/08/char_0428.png
shen_yinmo_09,shen_yinmo,能,Fonts/my_fonts/09/char_0229.png
shen_yinmo_10,shen_yinmo,能,Fonts/my_fonts/10/char_0424.png
shen_yinmo_10,shen_yinmo,能,Fonts/my_fonts/10/char_0438.png
zhiyong_00,zhiyong,莫,Fonts/my_fonts/00/char_0175.png
shen_yinmo_01,shen_yinmo,莫,Fonts/my_fonts/01/font_00_0822.png
liu_gongquan_02,liu_gongquan,莫,Fonts/my_fonts/02/char_1620.png
ouyang_xun_03,ouyang_xun,莫,Fonts/my_fonts/03/char_0915.png
yan_zhenqing_07,yan_zhenqing,莫,Fonts/my_fonts/07/char_0796.png
yan_zhenqing_07,yan_zhenqing,莫,Fonts/my_fonts/07/char_0980.png
zhiyong_00,zhiyong,忘,Fonts/my_fonts/00/char_0176.png
ouyang_xun_03,ouyang_xun,忘,Fonts/my_fonts/03/char_0487.png
zhiyong_00,zhiyong,罔,Fonts/my_fonts/00/char_0177.png
shen_yinmo_01,shen_yinmo,罔,Fonts/my_fonts/01/font_00_0686.png
shen_yinmo_01,shen_yinmo,罔,Fonts/my_fonts/01/font_00_0817.png
zhiyong_00,zhiyong,彼,Fonts/my_fonts/00/char_0179.png
ouyang_xun_03,ouyang_xun,彼,Fonts/my_fonts/03/char_0441.png
ouyang_xun_03,ouyang_xun,彼,Fonts/my_fonts/03/char_0744.png
zhao_mengfu_04,zhao_mengfu,彼,Fonts/my_fonts/04/char_0408.png
yan_zhenqing_07,yan_zhenqing,彼,Fonts/my_fonts/07/char_1206.png
yan_zhenqing_07,yan_zhenqing,彼,Fonts/my_fonts/07/char_1834.png
zhiyong_00,zhiyong,短,Fonts/my_fonts/00/char_0180.png
liu_gongquan_02,liu_gongquan,短,Fonts/my_fonts/02/char_1350.png
zhiyong_00,zhiyong,靡,Fonts/my_fonts/00/char_0181.png
ouyang_xun_03,ouyang_xun,靡,Fonts/my_fonts/03/char_0925.png
yu_shinan_06,yu_shinan,靡,Fonts/my_fonts/06/char_0229.png
zhiyong_00,zhiyong,恃,Fonts/my_fonts/00/char_0182.png
shen_yinmo_01,shen_yinmo,恃,Fonts/my_fonts/01/font_00_0167.png
zhiyong_00,zhiyong,己,Fonts/my_fonts/00/char_0183.png
ouyang_xun_03,ouyang_xun,己,Fonts/my_fonts/03/char_0499.png
zhiyong_00,zhiyong,長,Fonts/my_fonts/00/char_0184.png
shen_yinmo_01,shen_yinmo,長,Fonts/my_fonts/01/font_00_0448.png
shen_yinmo_01,shen_yinmo,長,Fonts/my_fonts/01/font_00_0691.png
liu_gongquan_02,liu_gongquan,長,Fonts/my_fonts/02/char_0014.png
liu_gongquan_02,liu_gongquan,長,Fonts/my_fonts/02/char_0122.png
liu_gongquan_02,liu_gongquan,長,Fonts/my_fonts/02/char_0149.png
liu_gongquan_02,liu_gongquan,長,Fonts/my_fonts/02/char_0629.png
liu_gongquan_02,liu_gongquan,長,Fonts/my_fonts/02/char_1092.png
liu_gongquan_02,liu_gongquan,長,Fonts/my_fonts/02/char_1197.png
liu_gongquan_02,liu_gongquan,長,Fonts/my_fonts/02/char_1381.png
liu_gongquan_02,liu_gongquan,長,Fonts/my_fonts/02/char_1622.png
ouyang_xun_03,ouyang_xun,長,Fonts/my_fonts/03/char_0070.png
yu_shinan_06,yu_shinan,長,Fonts/my_fonts/06/char_0256.png
yu_shinan_06,yu_shinan,長,Fonts/my_fonts/06/char_0314.png
zhiyong_00,zhiyong,信,Fonts/my_fonts/00/char_0185.png
shen_yinmo_01,shen_yinmo,信,Fonts/my_fonts/01/font_00_0059.png
shen_yinmo_01,shen_yinmo,信,Fonts/my_fonts/01/font_00_0061.png
shen_yinmo_01,shen_yinmo,信,Fonts/my_fonts/01/font_00_0063.png
ouyang_xun_03,ouyang_xun,信,Fonts/my_fonts/03/char_0150.png
yan_zhenqing_07,yan_zhenqing,信,Fonts/my_fonts/07/char_0105.png
yan_zhenqing_07,yan_zhenqing,信,Fonts/my_fonts/07/char_0337.png
yan_zhenqing_07,yan_zhenqing,信,Fonts/my_fonts/07/char_1160.png
zhiyong_00,zhiyong,使,Fonts/my_fonts/00/char_0186.png
liu_gongquan_02,liu_gongquan,使,Fonts/my_fonts/02/char_1134.png
liu_gongquan_02,liu_gongquan,使,Fonts/my_fonts/02/char_1158.png
liu_gongquan_02,liu_gongquan,使,Fonts/my_fonts/02/char_1391.png
ouyang_xun_03,ouyang_xun,使,Fonts/my_fonts/03/char_0817.png
yan_zhenqing_07,yan_zhenqing,使,Fonts/my_fonts/07/char_0701.png
yan_zhenqing_07,yan_zhenqing,使,Fonts/my_fonts/07/char_1050.png
yan_zhenqing_07,yan_zhenqing,使,Fonts/my_fonts/07/char_1985.png
shen_yinmo_08,shen_yinmo,使,Fonts/my_fonts/08/char_0264.png
zhiyong_00,zhiyong,可,Fonts/my_fonts/00/char_0187.png
shen_yinmo_01,shen_yinmo,可,Fonts/my_fonts/01/font_00_0251.png
shen_yinmo_01,shen_yinmo,可,Fonts/my_fonts/01/font_00_0417.png
ouyang_xun_03,ouyang_xun,可,Fonts/my_fonts/03/char_0315.png
ouyang_xun_03,ouyang_xun,可,Fonts/my_fonts/03/char_0353.png
ouyang_xun_03,ouyang_xun,可,Fonts/my_fonts/03/char_0414.png
ouyang_xun_03,ouyang_xun,可,Fonts/my_fonts/03/char_0586.png
ouyang_xun_03,ouyang_xun,可,Fonts/my_fonts/03/char_0592.png
ouyang_xun_03,ouyang_xun,可,Fonts/my_fonts/03/char_0736.png
ouyang_xun_03,ouyang_xun,可,Fonts/my_fonts/03/char_0816.png
zhao_mengfu_04,zhao_mengfu,可,Fonts/my_fonts/04/char_0206.png
zhao_mengfu_04,zhao_mengfu,可,Fonts/my_fonts/04/char_0211.png
zhao_mengfu_04,zhao_mengfu,可,Fonts/my_fonts/04/char_0216.png
zhao_mengfu_04,zhao_mengfu,可,Fonts/my_fonts/04/char_0228.png
yu_shinan_06,yu_shinan,可,Fonts/my_fonts/06/char_0039.png
yan_zhenqing_07,yan_zhenqing,可,Fonts/my_fonts/07/char_0256.png
yan_zhenqing_07,yan_zhenqing,可,Fonts/my_fonts/07/char_0826.png
yan_zhenqing_07,yan_zhenqing,可,Fonts/my_fonts/07/char_1455.png
yan_zhenqing_07,yan_zhenqing,可,Fonts/my_fonts/07/char_1955.png
shen_yinmo_10,shen_yinmo,可,Fonts/my_fonts/10/char_0533.png
zhiyong_00,zhiyong,覆,Fonts/my_fonts/00/char_0188.png
yan_zhenqing_07,yan_zhenqing,覆,Fonts/my_fonts/07/char_1424.png
yan_zhenqing_07,yan_zhenqing,覆,Fonts/my_fonts/07/char_1789.png
zhiyong_00,zhiyong,欲,Fonts/my_fonts/00/char_0190.png
ouyang_xun_03,ouyang_xun,欲,Fonts/my_fonts/03/char_0125.png
zhao_mengfu_04,zhao_mengfu,欲,Fonts/my_fonts/04/char_0312.png
yu_shinan_06,yu_shinan,欲,Fonts/my_fonts/06/char_0195.png
yan_zhenqing_07,yan_zhenqing,欲,Fonts/my_fonts/07/char_0952.png
shen_yinmo_08,shen_yinmo,欲,Fonts/my_fonts/08/char_0038.png
shen_yinmo_08,shen_yinmo,欲,Fonts/my_fonts/08/char_0230.png
shen_yinmo_10,shen_yinmo,欲,Fonts/my_fonts/10/char_0059.png
shen_yinmo_10,shen_yinmo,欲,Fonts/my_fonts/10/char_0243.png
shen_yinmo_10,shen_yinmo,欲,Fonts/my_fonts/10/char_0254.png
zhiyong_00,zhiyong,難,Fonts/my_fonts/00/char_0191.png
shen_yinmo_01,shen_yinmo,難,Fonts/my_fonts/01/font_00_0242.png
shen_yinmo_01,shen_yinmo,難,Fonts/my_fonts/01/font_00_0370.png
shen_yinmo_01,shen_yinmo,難,Fonts/my_fonts/01/font_00_0517.png
yan_zhenqing_07,yan_zhenqing,難,Fonts/my_fonts/07/char_1847.png
zhiyong_00,zhiyong,量,Fonts/my_fonts/00/char_0192.png
liu_gongquan_02,liu_gongquan,量,Fonts/my_fonts/02/char_0304.png
zhiyong_00,zhiyong,墨,Fonts/my_fonts/00/char_0193.png
yan_zhenqing_07,yan_zhenqing,墨,Fonts/my_fonts/07/char_1062.png
shen_yinmo_08,shen_yinmo,墨,Fonts/my_fonts/08/char_0014.png
shen_yinmo_08,shen_yinmo,墨,Fonts/my_fonts/08/char_0043.png
shen_yinmo_08,shen_yinmo,墨,Fonts/my_fonts/08/char_0315.png
shen_yinmo_10,shen_yinmo,墨,Fonts/my_fonts/10/char_0011.png
shen_yinmo_10,shen_yinmo,墨,Fonts/my_fonts/10/char_0065.png
shen_yinmo_10,shen_yinmo,墨,Fonts/my_fonts/10/char_0327.png
zhiyong_00,zhiyong,悲,Fonts/my_fonts/00/char_0194.png
shen_yinmo_01,shen_yinmo,悲,Fonts/my_fonts/01/font_00_0811.png
yan_zhenqing_07,yan_zhenqing,悲,Fonts/my_fonts/07/char_0302.png
zhiyong_00,zhiyong,詩,Fonts/my_fonts/00/char_0197.png
liu_gongquan_02,liu_gongquan,詩,Fonts/my_fonts/02/char_0569.png
liu_gongquan_02,liu_gongquan,詩,Fonts/my_fonts/02/char_0992.png
liu_gongquan_02,liu_gongquan,詩,Fonts/my_fonts/02/char_1036.png
liu_gongquan_02,liu_gongquan,詩,Fonts/my_fonts/02/char_1046.png
zhao_mengfu_04,zhao_mengfu,詩,Fonts/my_fonts/04/char_0383.png
zhiyong_00,zhiyong,景,Fonts/my_fonts/00/char_0201.png
ouyang_xun_03,ouyang_xun,景,Fonts/my_fonts/03/char_0133.png
ouyang_xun_03,ouyang_xun,景,Fonts/my_fonts/03/char_0959.png
yu_shinan_06,yu_shinan,景,Fonts/my_fonts/06/char_0129.png
yan_zhenqing_07,yan_zhenqing,景,Fonts/my_fonts/07/char_0681.png
yan_zhenqing_07,yan_zhenqing,景,Fonts/my_fonts/07/char_0704.png
zhiyong_00,zhiyong,行,Fonts/my_fonts/00/char_0202.png
shen_yinmo_01,shen_yinmo,行,Fonts/my_fonts/01/font_00_0411.png
shen_yinmo_01,shen_yinmo,行,Fonts/my_fonts/01/font_00_0585.png
shen_yinmo_01,shen_yinmo,行,Fonts/my_fonts/01/font_00_0613.png
shen_yinmo_01,shen_yinmo,行,Fonts/my_fonts/01/font_00_0679.png
liu_gongquan_02,liu_gongquan,行,Fonts/my_fonts/02/char_0389.png
liu_gongquan_02,liu_gongquan,行,Fonts/my_fonts/02/char_0593.png
liu_gongquan_02,liu_gongquan,行,Fonts/my_fonts/02/char_0746.png
liu_gongquan_02,liu_gongquan,行,Fonts/my_fonts/02/char_1022.png
liu_gongquan_02,liu_gongquan,行,Fonts/my_fonts/02/char_1193.png
liu_gongquan_02,liu_gongquan,行,Fonts/my_fonts/02/char_1494.png
zhao_mengfu_04,zhao_mengfu,行,Fonts/my_fonts/04/char_0480.png
yu_shinan_06,yu_shinan,行,Fonts/my_fonts/06/char_0118.png
yan_zhenqing_07,yan_zhenqing,行,Fonts/my_fonts/07/char_0294.png
yan_zhenqing_07,yan_zhenqing,行,Fonts/my_fonts/07/char_0536.png
yan_zhenqing_07,yan_zhenqing,行,Fonts/my_fonts/07/char_0631.png
yan_zhenqing_07,yan_zhenqing,行,Fonts/my_fonts/07/char_0852.png
yan_zhenqing_07,yan_zhenqing,行,Fonts/my_fonts/07/char_0915.png
yan_zhenqing_07,yan_zhenqing,行,Fonts/my_fonts/07/char_0922.png
yan_zhenqing_07,yan_zhenqing,行,Fonts/my_fonts/07/char_1017.png
yan_zhenqing_07,yan_zhenqing,行,Fonts/my_fonts/07/char_1615.png
yan_zhenqing_07,yan_zhenqing,行,Fonts/my_fonts/07/char_1640.png
yan_zhenqing_07,yan_zhenqing,行,Fonts/my_fonts/07/char_1697.png
yan_zhenqing_07,yan_zhenqing,行,Fonts/my_fonts/07/char_1773.png
yan_zhenqing_07,yan_zhenqing,行,Fonts/my_fonts/07/char_1990.png
shen_yinmo_08,shen_yinmo,行,Fonts/my_fonts/08/char_0181.png
shen_yinmo_08,shen_yinmo,行,Fonts/my_fonts/08/char_0223.png
shen_yinmo_08,shen_yinmo,行,Fonts/my_fonts/08/char_0338.png
shen_yinmo_09,shen_yinmo,行,Fonts/my_fonts/09/char_0014.png
shen_yinmo_09,shen_yinmo,行,Fonts/my_fonts/09/char_0055.png
shen_yinmo_09,shen_yinmo,行,Fonts/my_fonts/09/char_0090.png
shen_yinmo_10,shen_yinmo,行,Fonts/my_fonts/10/char_0247.png
shen_yinmo_10,shen_yinmo,行,Fonts/my_fonts/10/char_0349.png
zhiyong_00,zhiyong,維,Fonts/my_fonts/00/char_0203.png
shen_yinmo_01,shen_yinmo,維,Fonts/my_fonts/01/font_00_0021.png
shen_yinmo_01,shen_yinmo,維,Fonts/my_fonts/01/font_00_0760.png
shen_yinmo_01,shen_yinmo,維,Fonts/my_fonts/01/font_00_0877.png
ouyang_xun_03,ouyang_xun,維,Fonts/my_fonts/03/char_0024.png
zhiyong_00,zhiyong,賢,Fonts/my_fonts/00/char_0204.png
liu_gongquan_02,liu_gongquan,賢,Fonts/my_fonts/02/char_0421.png
liu_gongquan_02,liu_gongquan,賢,Fonts/my_fonts/02/char_0502.png
liu_gongquan_02,liu_gongquan,賢,Fonts/my_fonts/02/char_0542.png
zhao_mengfu_04,zhao_mengfu,賢,Fonts/my_fonts/04/char_0472.png
yan_zhenqing_07,yan_zhenqing,賢,Fonts/my_fonts/07/char_0968.png
yan_zhenqing_07,yan_zhenqing,賢,Fonts/my_fonts/07/char_1016.png
zhiyong_00,zhiyong,克,Fonts/my_fonts/00/char_0205.png
ouyang_xun_03,ouyang_xun,克,Fonts/my_fonts/03/char_0878.png
yan_zhenqing_07,yan_zhenqing,克,Fonts/my_fonts/07/char_1221.png
yan_zhenqing_07,yan_zhenqing,克,Fonts/my_fonts/07/char_1463.png
zhiyong_00,zhiyong,念,Fonts/my_fonts/00/char_0206.png
shen_yinmo_01,shen_yinmo,念,Fonts/my_fonts/01/font_00_0522.png
ouyang_xun_03,ouyang_xun,念,Fonts/my_fonts/03/char_1077.png
zhao_mengfu_04,zhao_mengfu,念,Fonts/my_fonts/04/char_0132.png
yan_zhenqing_07,yan_zhenqing,念,Fonts/my_fonts/07/char_1487.png
yan_zhenqing_07,yan_zhenqing,念,Fonts/my_fonts/07/char_1833.png
zhiyong_00,zhiyong,作,Fonts/my_fonts/00/char_0207.png
liu_gongquan_02,liu_gongquan,作,Fonts/my_fonts/02/char_0007.png
liu_gongquan_02,liu_gongquan,作,Fonts/my_fonts/02/char_0177.png
liu_gongquan_02,liu_gongquan,作,Fonts/my_fonts/02/char_0401.png
liu_gongquan_02,liu_gongquan,作,Fonts/my_fonts/02/char_0477.png
ouyang_xun_03,ouyang_xun,作,Fonts/my_fonts/03/char_0367.png
ouyang_xun_03,ouyang_xun,作,Fonts/my_fonts/03/char_0415.png
ouyang_xun_03,ouyang_xun,作,Fonts/my_fonts/03/char_0440.png
zhao_mengfu_04,zhao_mengfu,作,Fonts/my_fonts/04/char_0381.png
yu_shinan_06,yu_shinan,作,Fonts/my_fonts/06/char_0018.png
shen_yinmo_08,shen_yinmo,作,Fonts/my_fonts/08/char_0071.png
shen_yinmo_08,shen_yinmo,作,Fonts/my_fonts/08/char_0108.png
shen_yinmo_08,shen_yinmo,作,Fonts/my_fonts/08/char_0128.png
shen_yinmo_08,shen_yinmo,作,Fonts/my_fonts/08/char_0135.png
shen_yinmo_08,shen_yinmo,作,Fonts/my_fonts/08/char_0143.png
shen_yinmo_08,shen_yinmo,作,Fonts/my_fonts/08/char_0154.png
shen_yinmo_08,shen_yinmo,作,Fonts/my_fonts/08/char_0163.png
shen_yinmo_08,shen_yinmo,作,Fonts/my_fonts/08/char_0176.png
shen_yinmo_08,shen_yinmo,作,Fonts/my_fonts/08/char_0271.png
shen_yinmo_08,shen_yinmo,作,Fonts/my_fonts/08/char_0278.png
shen_yinmo_08,shen_yinmo,作,Fonts/my_fonts/08/char_0295.png
shen_yinmo_08,shen_yinmo,作,Fonts/my_fonts/08/char_0321.png
shen_yinmo_10,shen_yinmo,作,Fonts/my_fonts/10/char_0092.png
shen_yinmo_10,shen_yinmo,作,Fonts/my_fonts/10/char_0125.png
shen_yinmo_10,shen_yinmo,作,Fonts/my_fonts/10/char_0162.png
shen_yinmo_10,shen_yinmo,作,Fonts/my_fonts/10/char_0172.png
shen_yinmo_10,shen_yinmo,作,Fonts/my_fonts/10/char_0183.png
shen_yinmo_10,shen_yinmo,作,Fonts/my_fonts/10/char_0193.png
shen_yinmo_10,shen_yinmo,作,Fonts/my_fonts/10/char_0207.png
shen_yinmo_10,shen_yinmo,作,Fonts/my_fonts/10/char_0216.png
shen_yinmo_10,shen_yinmo,作,Fonts/my_fonts/10/char_0289.png
shen_yinmo_10,shen_yinmo,作,Fonts/my_fonts/10/char_0306.png
shen_yinmo_10,shen_yinmo,作,Fonts/my_fonts/10/char_0332.png
zhiyong_00,zhiyong,聖,Fonts/my_fonts/00/char_0208.png
ouyang_xun_03,ouyang_xun,聖,Fonts/my_fonts/03/char_0320.png
ouyang_xun_03,ouyang_xun,聖,Fonts/my_fonts/03/char_0438.png
ouyang_xun_03,ouyang_xun,聖,Fonts/my_fonts/03/char_0482.png
ouyang_xun_03,ouyang_xun,聖,Fonts/my_fonts/03/char_0660.png
ouyang_xun_03,ouyang_xun,聖,Fonts/my_fonts/03/char_0734.png
ouyang_xun_03,ouyang_xun,聖,Fonts/my_fonts/03/char_0874.png
yan_zhenqing_07,yan_zhenqing,聖,Fonts/my_fonts/07/char_0296.png
yan_zhenqing_07,yan_zhenqing,聖,Fonts/my_fonts/07/char_0550.png
yan_zhenqing_07,yan_zhenqing,聖,Fonts/my_fonts/07/char_0604.png
yan_zhenqing_07,yan_zhenqing,聖,Fonts/my_fonts/07/char_0740.png
yan_zhenqing_07,yan_zhenqing,聖,Fonts/my_fonts/07/char_1196.png
yan_zhenqing_07,yan_zhenqing,聖,Fonts/my_fonts/07/char_1225.png
yan_zhenqing_07,yan_zhenqing,聖,Fonts/my_fonts/07/char_1387.png
yan_zhenqing_07,yan_zhenqing,聖,Fonts/my_fonts/07/char_1516.png
yan_zhenqing_07,yan_zhenqing,聖,Fonts/my_fonts/07/char_1812.png
yan_zhenqing_07,yan_zhenqing,聖,Fonts/my_fonts/07/char_1907.png
zhiyong_00,zhiyong,德,Fonts/my_fonts/00/char_0209.png
shen_yinmo_01,shen_yinmo,德,Fonts/my_fonts/01/font_00_0385.png
shen_yinmo_01,shen_yinmo,德,Fonts/my_fonts/01/font_00_0526.png
shen_yinmo_01,shen_yinmo,德,Fonts/my_fonts/01/font_00_0730.png
liu_gongquan_02,liu_gongquan,德,Fonts/my_fonts/02/char_0355.png
liu_gongquan_02,liu_gongquan,德,Fonts/my_fonts/02/char_0524.png
liu_gongquan_02,liu_gongquan,德,Fonts/my_fonts/02/char_0589.png
liu_gongquan_02,liu_gongquan,德,Fonts/my_fonts/02/char_0842.png
liu_gongquan_02,liu_gongquan,德,Fonts/my_fonts/02/char_1493.png
liu_gongquan_02,liu_gongquan,德,Fonts/my_fonts/02/char_1557.png
liu_gongquan_02,liu_gongquan,德,Fonts/my_fonts/02/char_1580.png
liu_gongquan_02,liu_gongquan,德,Fonts/my_fonts/02/char_1629.png
ouyang_xun_03,ouyang_xun,德,Fonts/my_fonts/03/char_0198.png
ouyang_xun_03,ouyang_xun,德,Fonts/my_fonts/03/char_0663.png
ouyang_xun_03,ouyang_xun,德,Fonts/my_fonts/03/char_0796.png
ouyang_xun_03,ouyang_xun,德,Fonts/my_fonts/03/char_0906.png
ouyang_xun_03,ouyang_xun,德,Fonts/my_fonts/03/char_0908.png
ouyang_xun_03,ouyang_xun,德,Fonts/my_fonts/03/char_0946.png
yu_shinan_06,yu_shinan,德,Fonts/my_fonts/06/char_0067.png
yu_shinan_06,yu_shinan,德,Fonts/my_fonts/06/char_0094.png
yu_shinan_06,yu_shinan,德,Fonts/my_fonts/06/char_0281.png
yan_zhenqing_07,yan_zhenqing,德,Fonts/my_fonts/07/char_0472.png
yan_zhenqing_07,yan_zhenqing,德,Fonts/my_fonts/07/char_0917.png
yan_zhenqing_07,yan_zhenqing,德,Fonts/my_fonts/07/char_1885.png
zhiyong_00,zhiyong,建,Fonts/my_fonts/00/char_0210.png
ouyang_xun_03,ouyang_xun,建,Fonts/my_fonts/03/char_0069.png
ouyang_xun_03,ouyang_xun,建,Fonts/my_fonts/03/char_0311.png
zhao_mengfu_04,zhao_mengfu,建,Fonts/my_fonts/04/char_0031.png
zhao_mengfu_04,zhao_mengfu,建,Fonts/my_fonts/04/char_0280.png
yan_zhenqing_07,yan_zhenqing,建,Fonts/my_fonts/07/char_0084.png
yan_zhenqing_07,yan_zhenqing,建,Fonts/my_fonts/07/char_0324.png
yan_zhenqing_07,yan_zhenqing,建,Fonts/my_fonts/07/char_0417.png
yan_zhenqing_07,yan_zhenqing,建,Fonts/my_fonts/07/char_0484.png
yan_zhenqing_07,yan_zhenqing,建,Fonts/my_fonts/07/char_0623.png
yan_zhenqing_07,yan_zhenqing,建,Fonts/my_fonts/07/char_0668.png
yan_zhenqing_07,yan_zhenqing,建,Fonts/my_fonts/07/char_1980.png
zhiyong_00,zhiyong,名,Fonts/my_fonts/00/char_0211.png
shen_yinmo_01,shen_yinmo,名,Fonts/my_fonts/01/font_00_0344.png
shen_yinmo_01,shen_yinmo,名,Fonts/my_fonts/01/font_00_0639.png
liu_gongquan_02,liu_gongquan,名,Fonts/my_fonts/02/char_0494.png
liu_gongquan_02,liu_gongquan,名,Fonts/my_fonts/02/char_0772.png
liu_gongquan_02,liu_gongquan,名,Fonts/my_fonts/02/char_1140.png
liu_gongquan_02,liu_gongquan,名,Fonts/my_fonts/02/char_1211.png
liu_gongquan_02,liu_gongquan,名,Fonts/my_fonts/02/char_1556.png
ouyang_xun_03,ouyang_xun,名,Fonts/my_fonts/03/char_0904.png
yan_zhenqing_07,yan_zhenqing,名,Fonts/my_fonts/07/char_0425.png
yan_zhenqing_07,yan_zhenqing,名,Fonts/my_fonts/07/char_0609.png
yan_zhenqing_07,yan_zhenqing,名,Fonts/my_fonts/07/char_1398.png
yan_zhenqing_07,yan_zhenqing,名,Fonts/my_fonts/07/char_1635.png
yan_zhenqing_07,yan_zhenqing,名,Fonts/my_fonts/07/char_1733.png
shen_yinmo_08,shen_yinmo,名,Fonts/my_fonts/08/char_0216.png
shen_yinmo_08,shen_yinmo,名,Fonts/my_fonts/08/char_0434.png
shen_yinmo_10,shen_yinmo,名,Fonts/my_fonts/10/char_0239.png
shen_yinmo_10,shen_yinmo,名,Fonts/my_fonts/10/char_0444.png
zhiyong_00,zhiyong,立,Fonts/my_fonts/00/char_0212.png
shen_yinmo_01,shen_yinmo,立,Fonts/my_fonts/01/font_00_0563.png
ouyang_xun_03,ouyang_xun,立,Fonts/my_fonts/03/char_0182.png
zhiyong_00,zhiyong,形,Fonts/my_fonts/00/char_0213.png
ouyang_xun_03,ouyang_xun,形,Fonts/my_fonts/03/char_0601.png
ouyang_xun_03,ouyang_xun,形,Fonts/my_fonts/03/char_0940.png
shen_yinmo_08,shen_yinmo,形,Fonts/my_fonts/08/char_0051.png
shen_yinmo_08,shen_yinmo,形,Fonts/my_fonts/08/char_0245.png
shen_yinmo_10,shen_yinmo,形,Fonts/my_fonts/10/char_0073.png
shen_yinmo_10,shen_yinmo,形,Fonts/my_fonts/10/char_0269.png
zhiyong_00,zhiyong,端,Fonts/my_fonts/00/char_0214.png
shen_yinmo_01,shen_yinmo,端,Fonts/my_fonts/01/font_00_0212.png
zhao_mengfu_04,zhao_mengfu,端,Fonts/my_fonts/04/char_0443.png
zhiyong_00,zhiyong,表,Fonts/my_fonts/00/char_0215.png
yu_shinan_06,yu_shinan,表,Fonts/my_fonts/06/char_0014.png
yu_shinan_06,yu_shinan,表,Fonts/my_fonts/06/char_0077.png
yan_zhenqing_07,yan_zhenqing,表,Fonts/my_fonts/07/char_0454.png
yan_zhenqing_07,yan_zhenqing,表,Fonts/my_fonts/07/char_0767.png
yan_zhenqing_07,yan_zhenqing,表,Fonts/my_fonts/07/char_1046.png
yan_zhenqing_07,yan_zhenqing,表,Fonts/my_fonts/07/char_1131.png
zhiyong_00,zhiyong,正,Fonts/my_fonts/00/char_0216.png
shen_yinmo_01,shen_yinmo,正,Fonts/my_fonts/01/font_00_0036.png
liu_gongquan_02,liu_gongquan,正,Fonts/my_fonts/02/char_0203.png
liu_gongquan_02,liu_gongquan,正,Fonts/my_fonts/02/char_0341.png
liu_gongquan_02,liu_gongquan,正,Fonts/my_fonts/02/char_1293.png
liu_gongquan_02,liu_gongquan,正,Fonts/my_fonts/02/char_1309.png
liu_gongquan_02,liu_gongquan,正,Fonts/my_fonts/02/char_1448.png
ouyang_xun_03,ouyang_xun,正,Fonts/my_fonts/03/char_0590.png
yu_shinan_06,yu_shinan,正,Fonts/my_fonts/06/char_0015.png
yan_zhenqing_07,yan_zhenqing,正,Fonts/my_fonts/07/char_1774.png
yan_zhenqing_07,yan_zhenqing,正,Fonts/my_fonts/07/char_1986.png
zhiyong_00,zhiyong,空,Fonts/my_fonts/00/char_0217.png
yu_shinan_06,yu_shinan,空,Fonts/my_fonts/06/char_0226.png
yan_zhenqing_07,yan_zhenqing,空,Fonts/my_fonts/07/char_0292.png
yan_zhenqing_07,yan_zhenqing,空,Fonts/my_fonts/07/char_0408.png
yan_zhenqing_07,yan_zhenqing,空,Fonts/my_fonts/07/char_0997.png
yan_zhenqing_07,yan_zhenqing,空,Fonts/my_fonts/07/char_1254.png
yan_zhenqing_07,yan_zhenqing,空,Fonts/my_fonts/07/char_1667.png
yan_zhenqing_07,yan_zhenqing,空,Fonts/my_fonts/07/char_1917.png
yan_zhenqing_07,yan_zhenqing,空,Fonts/my_fonts/07/char_1953.png
shen_yinmo_08,shen_yinmo,空,Fonts/my_fonts/08/char_0290.png
shen_yinmo_09,shen_yinmo,空,Fonts/my_fonts/09/char_0028.png
shen_yinmo_09,shen_yinmo,空,Fonts/my_fonts/09/char_0040.png
shen_yinmo_09,shen_yinmo,空,Fonts/my_fonts/09/char_0041.png
shen_yinmo_09,shen_yinmo,空,Fonts/my_fonts/09/char_0048.png
shen_yinmo_09,shen_yinmo,空,Fonts/my_fonts/09/char_0049.png
shen_yinmo_09,shen_yinmo,空,Fonts/my_fonts/09/char_0067.png
shen_yinmo_09,shen_yinmo,空,Fonts/my_fonts/09/char_0083.png
shen_yinmo_10,shen_yinmo,空,Fonts/my_fonts/10/char_0301.png
zhiyong_00,zhiyong,谷,Fonts/my_fonts/00/char_0218.png
ouyang_xun_03,ouyang_xun,谷,Fonts/my_fonts/03/char_0458.png
zhiyong_00,zhiyong,傳,Fonts/my_fonts/00/char_0219.png
liu_gongquan_02,liu_gongquan,傳,Fonts/my_fonts/02/char_0091.png
liu_gongquan_02,liu_gongquan,傳,Fonts/my_fonts/02/char_0112.png
liu_gongquan_02,liu_gongquan,傳,Fonts/my_fonts/02/char_0171.png
liu_gongquan_02,liu_gongquan,傳,Fonts/my_fonts/02/char_0230.png
yan_zhenqing_07,yan_zhenqing,傳,Fonts/my_fonts/07/char_1111.png
yan_zhenqing_07,yan_zhenqing,傳,Fonts/my_fonts/07/char_1439.png
yan_zhenqing_07,yan_zhenqing,傳,Fonts/my_fonts/07/char_1628.png
zhiyong_00,zhiyong,聲,Fonts/my_fonts/00/char_0220.png
shen_yinmo_01,shen_yinmo,聲,Fonts/my_fonts/01/font_00_0343.png
shen_yinmo_01,shen_yinmo,聲,Fonts/my_fonts/01/font_00_0413.png
shen_yinmo_01,shen_yinmo,聲,Fonts/my_fonts/01/font_00_0635.png
shen_yinmo_01,shen_yinmo,聲,Fonts/my_fonts/01/font_00_0774.png
yan_zhenqing_07,yan_zhenqing,聲,Fonts/my_fonts/07/char_0894.png
shen_yinmo_09,shen_yinmo,聲,Fonts/my_fonts/09/char_0101.png
zhiyong_00,zhiyong,虛,Fonts/my_fonts/00/char_0221.png
shen_yinmo_01,shen_yinmo,虛,Fonts/my_fonts/01/font_00_0634.png
shen_yinmo_09,shen_yinmo,虛,Fonts/my_fonts/09/char_0237.png
zhiyong_00,zhiyong,堂,Fonts/my_fonts/00/char_0222.png
shen_yinmo_01,shen_yinmo,堂,Fonts/my_fonts/01/font_00_0207.png
yu_shinan_06,yu_shinan,堂,Fonts/my_fonts/06/char_0234.png
zhiyong_00,zhiyong,習,Fonts/my_fonts/00/char_0223.png
yan_zhenqing_07,yan_zhenqing,習,Fonts/my_fonts/07/char_1390.png
shen_yinmo_08,shen_yinmo,習,Fonts/my_fonts/08/char_0498.png
shen_yinmo_10,shen_yinmo,習,Fonts/my_fonts/10/char_0508.png
zhiyong_00,zhiyong,禍,Fonts/my_fonts/00/char_0225.png
ouyang_xun_03,ouyang_xun,禍,Fonts/my_fonts/03/char_0879.png
zhiyong_00,zhiyong,因,Fonts/my_fonts/00/char_0226.png
ouyang_xun_03,ouyang_xun,因,Fonts/my_fonts/03/char_0362.png
ouyang_xun_03,ouyang_xun,因,Fonts/my_fonts/03/char_0529.png
zhao_mengfu_04,zhao_mengfu,因,Fonts/my_fonts/04/char_0282.png
yan_zhenqing_07,yan_zhenqing,因,Fonts/my_fonts/07/char_0260.png
yan_zhenqing_07,yan_zhenqing,因,Fonts/my_fonts/07/char_0357.png
yan_zhenqing_07,yan_zhenqing,因,Fonts/my_fonts/07/char_1153.png
yan_zhenqing_07,yan_zhenqing,因,Fonts/my_fonts/07/char_1699.png
yan_zhenqing_07,yan_zhenqing,因,Fonts/my_fonts/07/char_1700.png
yan_zhenqing_07,yan_zhenqing,因,Fonts/my_fonts/07/char_1706.png
yan_zhenqing_07,yan_zhenqing,因,Fonts/my_fonts/07/char_1783.png
zhiyong_00,zhiyong,惡,Fonts/my_fonts/00/char_0227.png
shen_yinmo_08,shen_yinmo,惡,Fonts/my_fonts/08/char_0189.png
zhiyong_00,zhiyong,積,Fonts/my_fonts/00/char_0228.png
shen_yinmo_01,shen_yinmo,積,Fonts/my_fonts/01/font_00_0743.png
liu_gongquan_02,liu_gongquan,積,Fonts/my_fonts/02/char_1579.png
yan_zhenqing_07,yan_zhenqing,積,Fonts/my_fonts/07/char_0686.png
zhiyong_00,zhiyong,福,Fonts/my_fonts/00/char_0229.png
ouyang_xun_03,ouyang_xun,福,Fonts/my_fonts/03/char_0960.png
yan_zhenqing_07,yan_zhenqing,福,Fonts/my_fonts/07/char_0006.png
yan_zhenqing_07,yan_zhenqing,福,Fonts/my_fonts/07/char_0366.png
yan_zhenqing_07,yan_zhenqing,福,Fonts/my_fonts/07/char_0373.png
yan_zhenqing_07,yan_zhenqing,福,Fonts/my_fonts/07/char_0394.png
yan_zhenqing_07,yan_zhenqing,福,Fonts/my_fonts/07/char_1703.png
yan_zhenqing_07,yan_zhenqing,福,Fonts/my_fonts/07/char_1756.png
yan_zhenqing_07,yan_zhenqing,福,Fonts/my_fonts/07/char_1796.png
zhiyong_00,zhiyong,善,Fonts/my_fonts/00/char_0231.png
shen_yinmo_01,shen_yinmo,善,Fonts/my_fonts/01/font_00_0717.png
shen_yinmo_01,shen_yinmo,善,Fonts/my_fonts/01/font_00_0744.png
liu_gongquan_02,liu_gongquan,善,Fonts/my_fonts/02/char_0131.png
liu_gongquan_02,liu_gongquan,善,Fonts/my_fonts/02/char_0993.png
liu_gongquan_02,liu_gongquan,善,Fonts/my_fonts/02/char_1011.png
liu_gongquan_02,liu_gongquan,善,Fonts/my_fonts/02/char_1035.png
liu_gongquan_02,liu_gongquan,善,Fonts/my_fonts/02/char_1052.png
liu_gongquan_02,liu_gongquan,善,Fonts/my_fonts/02/char_1335.png
ouyang_xun_03,ouyang_xun,善,Fonts/my_fonts/03/char_0990.png
yan_zhenqing_07,yan_zhenqing,善,Fonts/my_fonts/07/char_0341.png
zhiyong_00,zhiyong,慶,Fonts/my_fonts/00/char_0232.png
shen_yinmo_01,shen_yinmo,慶,Fonts/my_fonts/01/font_00_0115.png
shen_yinmo_01,shen_yinmo,慶,Fonts/my_fonts/01/font_00_0740.png
liu_gongquan_02,liu_gongquan,慶,Fonts/my_fonts/02/char_0632.png
ouyang_xun_03,ouyang_xun,慶,Fonts/my_fonts/03/char_1025.png
yan_zhenqing_07,yan_zhenqing,慶,Fonts/my_fonts/07/char_0109.png
yan_zhenqing_07,yan_zhenqing,慶,Fonts/my_fonts/07/char_0769.png
zhiyong_00,zhiyong,尺,Fonts/my_fonts/00/char_0233.png
yan_zhenqing_07,yan_zhenqing,尺,Fonts/my_fonts/07/char_1129.png
yan_zhenqing_07,yan_zhenqing,尺,Fonts/my_fonts/07/char_1400.png
zhiyong_00,zhiyong,璧,Fonts/my_fonts/00/char_0234.png
ouyang_xun_03,ouyang_xun,璧,Fonts/my_fonts/03/char_0097.png
yan_zhenqing_07,yan_zhenqing,璧,Fonts/my_fonts/07/char_1293.png
zhiyong_00,zhiyong,非,Fonts/my_fonts/00/char_0235.png
liu_gongquan_02,liu_gongquan,非,Fonts/my_fonts/02/char_0738.png
liu_gongquan_02,liu_gongquan,非,Fonts/my_fonts/02/char_1575.png
ouyang_xun_03,ouyang_xun,非,Fonts/my_fonts/03/char_0477.png
ouyang_xun_03,ouyang_xun,非,Fonts/my_fonts/03/char_1047.png
zhao_mengfu_04,zhao_mengfu,非,Fonts/my_fonts/04/char_0063.png
zhao_mengfu_04,zhao_mengfu,非,Fonts/my_fonts/04/char_0071.png
zhao_mengfu_04,zhao_mengfu,非,Fonts/my_fonts/04/char_0122.png
yu_shinan_06,yu_shinan,非,Fonts/my_fonts/06/char_0217.png
yan_zhenqing_07,yan_zhenqing,非,Fonts/my_fonts/07/char_0470.png
yan_zhenqing_07,yan_zhenqing,非,Fonts/my_fonts/07/char_0822.png
yan_zhenqing_07,yan_zhenqing,非,Fonts/my_fonts/07/char_1179.png
yan_zhenqing_07,yan_zhenqing,非,Fonts/my_fonts/07/char_1192.png
zhiyong_00,zhiyong,寶,Fonts/my_fonts/00/char_0236.png
yu_shinan_06,yu_shinan,寶,Fonts/my_fonts/06/char_0183.png
yan_zhenqing_07,yan_zhenqing,寶,Fonts/my_fonts/07/char_0009.png
yan_zhenqing_07,yan_zhenqing,寶,Fonts/my_fonts/07/char_0068.png
yan_zhenqing_07,yan_zhenqing,寶,Fonts/my_fonts/07/char_0250.png
yan_zhenqing_07,yan_zhenqing,寶,Fonts/my_fonts/07/char_0267.png
yan_zhenqing_07,yan_zhenqing,寶,Fonts/my_fonts/07/char_0280.png
yan_zhenqing_07,yan_zhenqing,寶,Fonts/my_fonts/07/char_0405.png
yan_zhenqing_07,yan_zhenqing,寶,Fonts/my_fonts/07/char_0556.png
yan_zhenqing_07,yan_zhenqing,寶,Fonts/my_fonts/07/char_0590.png
yan_zhenqing_07,yan_zhenqing,寶,Fonts/my_fonts/07/char_0662.png
yan_zhenqing_07,yan_zhenqing,寶,Fonts/my_fonts/07/char_0665.png
yan_zhenqing_07,yan_zhenqing,寶,Fonts/my_fonts/07/char_0717.png
yan_zhenqing_07,yan_zhenqing,寶,Fonts/my_fonts/07/char_1093.png
yan_zhenqing_07,yan_zhenqing,寶,Fonts/my_fonts/07/char_1207.png
yan_zhenqing_07,yan_zhenqing,寶,Fonts/my_fonts/07/char_1419.png
yan_zhenqing_07,yan_zhenqing,寶,Fonts/my_fonts/07/char_1762.png
yan_zhenqing_07,yan_zhenqing,寶,Fonts/my_fonts/07/char_1778.png
yan_zhenqing_07,yan_zhenqing,寶,Fonts/my_fonts/07/char_1962.png
zhiyong_00,zhiyong,寸,Fonts/my_fonts/00/char_0237.png
yan_zhenqing_07,yan_zhenqing,寸,Fonts/my_fonts/07/char_1396.png
zhiyong_00,zhiyong,陰,Fonts/my_fonts/00/char_0238.png
ouyang_xun_03,ouyang_xun,陰,Fonts/my_fonts/03/char_0514.png
zhao_mengfu_04,zhao_mengfu,陰,Fonts/my_fonts/04/char_0463.png
yan_zhenqing_07,yan_zhenqing,陰,Fonts/my_fonts/07/char_1495.png
zhiyong_00,zhiyong,是,Fonts/my_fonts/00/char_0239.png
shen_yinmo_01,shen_yinmo,是,Fonts/my_fonts/01/font_00_0006.png
shen_yinmo_01,shen_yinmo,是,Fonts/my_fonts/01/font_00_0278.png
shen_yinmo_01,shen_yinmo,是,Fonts/my_fonts/01/font_00_0656.png
liu_gongquan_02,liu_gongquan,是,Fonts/my_fonts/02/char_0217.png
liu_gongquan_02,liu_gongquan,是,Fonts/my_fonts/02/char_1604.png
ouyang_xun_03,ouyang_xun,是,Fonts/my_fonts/03/char_0369.png
ouyang_xun_03,ouyang_xun,是,Fonts/my_fonts/03/char_0747.png
zhao_mengfu_04,zhao_mengfu,是,Fonts/my_fonts/04/char_0029.png
zhao_mengfu_04,zhao_mengfu,是,Fonts/my_fonts/04/char_0080.png
zhao_mengfu_04,zhao_mengfu,是,Fonts/my_fonts/04/char_0135.png
zhao_mengfu_04,zhao_mengfu,是,Fonts/my_fonts/04/char_0137.png
zhao_mengfu_04,zhao_mengfu,是,Fonts/my_fonts/04/char_0250.png
zhao_mengfu_04,zhao_mengfu,是,Fonts/my_fonts/04/char_0334.png
zhao_mengfu_04,zhao_mengfu,是,Fonts/my_fonts/04/char_0413.png
yu_shinan_06,yu_shinan,是,Fonts/my_fonts/06/char_0052.png
yu_shinan_06,yu_shinan,是,Fonts/my_fonts/06/char_0085.png
yu_shinan_06,yu_shinan,是,Fonts/my_fonts/06/char_0133.png
yu_shinan_06,yu_shinan,是,Fonts/my_fonts/06/char_0189.png
yu_shinan_06,yu_shinan,是,Fonts/my_fonts/06/char_0244.png
yu_shinan_06,yu_shinan,是,Fonts/my_fonts/06/char_0300.png
yan_zhenqing_07,yan_zhenqing,是,Fonts/my_fonts/07/char_0128.png
yan_zhenqing_07,yan_zhenqing,是,Fonts/my_fonts/07/char_0502.png
yan_zhenqing_07,yan_zhenqing,是,Fonts/my_fonts/07/char_0504.png
yan_zhenqing_07,yan_zhenqing,是,Fonts/my_fonts/07/char_1219.png
shen_yinmo_08,shen_yinmo,是,Fonts/my_fonts/08/char_0092.png
shen_yinmo_09,shen_yinmo,是,Fonts/my_fonts/09/char_0047.png
shen_yinmo_09,shen_yinmo,是,Fonts/my_fonts/09/char_0051.png
shen_yinmo_09,shen_yinmo,是,Fonts/my_fonts/09/char_0060.png
shen_yinmo_09,shen_yinmo,是,Fonts/my_fonts/09/char_0064.png
shen_yinmo_09,shen_yinmo,是,Fonts/my_fonts/09/char_0081.png
shen_yinmo_09,shen_yinmo,是,Fonts/my_fonts/09/char_0212.png
shen_yinmo_09,shen_yinmo,是,Fonts/my_fonts/09/char_0216.png
shen_yinmo_09,shen_yinmo,是,Fonts/my_fonts/09/char_0220.png
shen_yinmo_09,shen_yinmo,是,Fonts/my_fonts/09/char_0224.png
shen_yinmo_10,shen_yinmo,是,Fonts/my_fonts/10/char_0113.png
shen_yinmo_10,shen_yinmo,是,Fonts/my_fonts/10/char_0129.png
zhiyong_00,zhiyong,資,Fonts/my_fonts/00/char_0241.png
ouyang_xun_03,ouyang_xun,資,Fonts/my_fonts/03/char_0259.png
zhao_mengfu_04,zhao_mengfu,資,Fonts/my_fonts/04/char_0154.png
yu_shinan_06,yu_shinan,資,Fonts/my_fonts/06/char_0020.png
yan_zhenqing_07,yan_zhenqing,資,Fonts/my_fonts/07/char_0079.png
yan_zhenqing_07,yan_zhenqing,資,Fonts/my_fonts/07/char_0358.png
zhiyong_00,zhiyong,父,Fonts/my_fonts/00/char_0242.png
liu_gongquan_02,liu_gongquan,父,Fonts/my_fonts/02/char_0125.png
liu_gongquan_02,liu_gongquan,父,Fonts/my_fonts/02/char_1237.png
liu_gongquan_02,liu_gongquan,父,Fonts/my_fonts/02/char_1451.png
yan_zhenqing_07,yan_zhenqing,父,Fonts/my_fonts/07/char_0103.png
zhiyong_00,zhiyong,事,Fonts/my_fonts/00/char_0243.png
shen_yinmo_01,shen_yinmo,事,Fonts/my_fonts/01/font_00_0625.png
shen_yinmo_01,shen_yinmo,事,Fonts/my_fonts/01/font_00_0841.png
shen_yinmo_01,shen_yinmo,事,Fonts/my_fonts/01/font_00_0848.png
liu_gongquan_02,liu_gongquan,事,Fonts/my_fonts/02/char_0070.png
liu_gongquan_02,liu_gongquan,事,Fonts/my_fonts/02/char_0099.png
liu_gongquan_02,liu_gongquan,事,Fonts/my_fonts/02/char_0294.png
liu_gongquan_02,liu_gongquan,事,Fonts/my_fonts/02/char_0394.png
liu_gongquan_02,liu_gongquan,事,Fonts/my_fonts/02/char_0410.png
liu_gongquan_02,liu_gongquan,事,Fonts/my_fonts/02/char_0520.png
liu_gongquan_02,liu_gongquan,事,Fonts/my_fonts/02/char_0710.png
liu_gongquan_02,liu_gongquan,事,Fonts/my_fonts/02/char_0725.png
liu_gongquan_02,liu_gongquan,事,Fonts/my_fonts/02/char_1476.png
ouyang_xun_03,ouyang_xun,事,Fonts/my_fonts/03/char_0360.png
ouyang_xun_03,ouyang_xun,事,Fonts/my_fonts/03/char_0814.png
yan_zhenqing_07,yan_zhenqing,事,Fonts/my_fonts/07/char_0723.png
yan_zhenqing_07,yan_zhenqing,事,Fonts/my_fonts/07/char_0764.png
yan_zhenqing_07,yan_zhenqing,事,Fonts/my_fonts/07/char_1337.png
yan_zhenqing_07,yan_zhenqing,事,Fonts/my_fonts/07/char_1392.png
yan_zhenqing_07,yan_zhenqing,事,Fonts/my_fonts/07/char_1727.png
yan_zhenqing_07,yan_zhenqing,事,Fonts/my_fonts/07/char_1937.png
zhiyong_00,zhiyong,君,Fonts/my_fonts/00/char_0244.png
shen_yinmo_01,shen_yinmo,君,Fonts/my_fonts/01/font_00_0047.png
shen_yinmo_01,shen_yinmo,君,Fonts/my_fonts/01/font_00_0078.png
shen_yinmo_01,shen_yinmo,君,Fonts/my_fonts/01/font_00_0084.png
shen_yinmo_01,shen_yinmo,君,Fonts/my_fonts/01/font_00_0143.png
shen_yinmo_01,shen_yinmo,君,Fonts/my_fonts/01/font_00_0256.png
shen_yinmo_01,shen_yinmo,君,Fonts/my_fonts/01/font_00_0297.png
shen_yinmo_01,shen_yinmo,君,Fonts/my_fonts/01/font_00_0303.png
shen_yinmo_01,shen_yinmo,君,Fonts/my_fonts/01/font_00_0322.png
shen_yinmo_01,shen_yinmo,君,Fonts/my_fonts/01/font_00_0421.png
shen_yinmo_01,shen_yinmo,君,Fonts/my_fonts/01/font_00_0434.png
shen_yinmo_01,shen_yinmo,君,Fonts/my_fonts/01/font_00_0543.png
shen_yinmo_01,shen_yinmo,君,Fonts/my_fonts/01/font_00_0568.png
shen_yinmo_01,shen_yinmo,君,Fonts/my_fonts/01/font_00_0673.png
shen_yinmo_01,shen_yinmo,君,Fonts/my_fonts/01/font_00_0755.png
shen_yinmo_01,shen_yinmo,君,Fonts/my_fonts/01/font_00_0879.png
liu_gongquan_02,liu_gongquan,君,Fonts/my_fonts/02/char_0020.png
liu_gongquan_02,liu_gongquan,君,Fonts/my_fonts/02/char_0036.png
liu_gongquan_02,liu_gongquan,君,Fonts/my_fonts/02/char_0175.png
liu_gongquan_02,liu_gongquan,君,Fonts/my_fonts/02/char_0233.png
liu_gongquan_02,liu_gongquan,君,Fonts/my_fonts/02/char_0298.png
liu_gongquan_02,liu_gongquan,君,Fonts/my_fonts/02/char_0448.png
liu_gongquan_02,liu_gongquan,君,Fonts/my_fonts/02/char_0479.png
liu_gongquan_02,liu_gongquan,君,Fonts/my_fonts/02/char_0497.png
liu_gongquan_02,liu_gongquan,君,Fonts/my_fonts/02/char_0551.png
liu_gongquan_02,liu_gongquan,君,Fonts/my_fonts/02/char_0639.png
liu_gongquan_02,liu_gongquan,君,Fonts/my_fonts/02/char_1266.png
liu_gongquan_02,liu_gongquan,君,Fonts/my_fonts/02/char_1450.png
liu_gongquan_02,liu_gongquan,君,Fonts/my_fonts/02/char_1513.png
liu_gongquan_02,liu_gongquan,君,Fonts/my_fonts/02/char_1577.png
liu_gongquan_02,liu_gongquan,君,Fonts/my_fonts/02/char_1627.png
zhiyong_00,zhiyong,曰,Fonts/my_fonts/00/char_0245.png
shen_yinmo_01,shen_yinmo,曰,Fonts/my_fonts/01/font_00_0082.png
shen_yinmo_01,shen_yinmo,曰,Fonts/my_fonts/01/font_00_0192.png
liu_gongquan_02,liu_gongquan,曰,Fonts/my_fonts/02/char_0445.png
liu_gongquan_02,liu_gongquan,曰,Fonts/my_fonts/02/char_0572.png
liu_gongquan_02,liu_gongquan,曰,Fonts/my_fonts/02/char_0987.png
liu_gongquan_02,liu_gongquan,曰,Fonts/my_fonts/02/char_1636.png
ouyang_xun_03,ouyang_xun,曰,Fonts/my_fonts/03/char_0659.png
ouyang_xun_03,ouyang_xun,曰,Fonts/my_fonts/03/char_0683.png
ouyang_xun_03,ouyang_xun,曰,Fonts/my_fonts/03/char_0706.png
ouyang_xun_03,ouyang_xun,曰,Fonts/my_fonts/03/char_0836.png
zhao_mengfu_04,zhao_mengfu,曰,Fonts/my_fonts/04/char_0390.png
yan_zhenqing_07,yan_zhenqing,曰,Fonts/my_fonts/07/char_0817.png
yan_zhenqing_07,yan_zhenqing,曰,Fonts/my_fonts/07/char_1735.png
shen_yinmo_09,shen_yinmo,曰,Fonts/my_fonts/09/char_0250.png
zhiyong_00,zhiyong,嚴,Fonts/my_fonts/00/char_0246.png
zhao_mengfu_04,zhao_mengfu,嚴,Fonts/my_fonts/04/char_0065.png
zhao_mengfu_04,zhao_mengfu,嚴,Fonts/my_fonts/04/char_0128.png
yan_zhenqing_07,yan_zhenqing,嚴,Fonts/my_fonts/07/char_0355.png
yan_zhenqing_07,yan_zhenqing,嚴,Fonts/my_fonts/07/char_0957.png
yan_zhenqing_07,yan_zhenqing,嚴,Fonts/my_fonts/07/char_1148.png
zhiyong_00,zhiyong,與,Fonts/my_fonts/00/char_0247.png
shen_yinmo_01,shen_yinmo,與,Fonts/my_fonts/01/font_00_0266.png
shen_yinmo_01,shen_yinmo,與,Fonts/my_fonts/01/font_00_0386.png
liu_gongquan_02,liu_gongquan,與,Fonts/my_fonts/02/char_0154.png
liu_gongquan_02,liu_gongquan,與,Fonts/my_fonts/02/char_0236.png
liu_gongquan_02,liu_gongquan,與,Fonts/my_fonts/02/char_0246.png
liu_gongquan_02,liu_gongquan,與,Fonts/my_fonts/02/char_0259.png
liu_gongquan_02,liu_gongquan,與,Fonts/my_fonts/02/char_0480.png
liu_gongquan_02,liu_gongquan,與,Fonts/my_fonts/02/char_0496.png
liu_gongquan_02,liu_gongquan,與,Fonts/my_fonts/02/char_0552.png
ouyang_xun_03,ouyang_xun,與,Fonts/my_fonts/03/char_1026.png
zhao_mengfu_04,zhao_mengfu,與,Fonts/my_fonts/04/char_0245.png
zhao_mengfu_04,zhao_mengfu,與,Fonts/my_fonts/04/char_0287.png
zhao_mengfu_04,zhao_mengfu,與,Fonts/my_fonts/04/char_0323.png
yu_shinan_06,yu_shinan,與,Fonts/my_fonts/06/char_0148.png
yan_zhenqing_07,yan_zhenqing,與,Fonts/my_fonts/07/char_0478.png
zhiyong_00,zhiyong,敬,Fonts/my_fonts/00/char_0248.png
liu_gongquan_02,liu_gongquan,敬,Fonts/my_fonts/02/char_0041.png
liu_gongquan_02,liu_gongquan,敬,Fonts/my_fonts/02/char_0719.png
liu_gongquan_02,liu_gongquan,敬,Fonts/my_fonts/02/char_0904.png
yan_zhenqing_07,yan_zhenqing,敬,Fonts/my_fonts/07/char_1048.png
zhiyong_00,zhiyong,孝,Fonts/my_fonts/00/char_0249.png
liu_gongquan_02,liu_gongquan,孝,Fonts/my_fonts/02/char_0856.png
liu_gongquan_02,liu_gongquan,孝,Fonts/my_fonts/02/char_1034.png
liu_gongquan_02,liu_gongquan,孝,Fonts/my_fonts/02/char_1232.png
liu_gongquan_02,liu_gongquan,孝,Fonts/my_fonts/02/char_1307.png
zhiyong_00,zhiyong,當,Fonts/my_fonts/00/char_0250.png
shen_yinmo_01,shen_yinmo,當,Fonts/my_fonts/01/font_00_0559.png
shen_yinmo_01,shen_yinmo,當,Fonts/my_fonts/01/font_00_0805.png
liu_gongquan_02,liu_gongquan,當,Fonts/my_fonts/02/char_0605.png
liu_gongquan_02,liu_gongquan,當,Fonts/my_fonts/02/char_1411.png
liu_gongquan_02,liu_gongquan,當,Fonts/my_fonts/02/char_1569.png
ouyang_xun_03,ouyang_xun,當,Fonts/my_fonts/03/char_0639.png
ouyang_xun_03,ouyang_xun,當,Fonts/my_fonts/03/char_0643.png
ouyang_xun_03,ouyang_xun,當,Fonts/my_fonts/03/char_0785.png
yan_zhenqing_07,yan_zhenqing,當,Fonts/my_fonts/07/char_0642.png
zhiyong_00,zhiyong,竭,Fonts/my_fonts/00/char_0251.png
ouyang_xun_03,ouyang_xun,竭,Fonts/my_fonts/03/char_0442.png
ouyang_xun_03,ouyang_xun,竭,Fonts/my_fonts/03/char_0611.png
ouyang_xun_03,ouyang_xun,竭,Fonts/my_fonts/03/char_1020.png
yan_zhenqing_07,yan_zhenqing,竭,Fonts/my_fonts/07/char_0516.png
zhiyong_00,zhiyong,力,Fonts/my_fonts/00/char_0252.png
shen_yinmo_01,shen_yinmo,力,Fonts/my_fonts/01/font_00_0678.png
shen_yinmo_01,shen_yinmo,力,Fonts/my_fonts/01/font_00_0719.png
ouyang_xun_03,ouyang_xun,力,Fonts/my_fonts/03/char_0326.png
ouyang_xun_03,ouyang_xun,力,Fonts/my_fonts/03/char_0444.png
ouyang_xun_03,ouyang_xun,力,Fonts/my_fonts/03/char_0479.png
ouyang_xun_03,ouyang_xun,力,Fonts/my_fonts/03/char_0932.png
yan_zhenqing_07,yan_zhenqing,力,Fonts/my_fonts/07/char_0082.png
yan_zhenqing_07,yan_zhenqing,力,Fonts/my_fonts/07/char_1878.png
zhiyong_00,zhiyong,忠,Fonts/my_fonts/00/char_0253.png
shen_yinmo_01,shen_yinmo,忠,Fonts/my_fonts/01/font_00_0055.png
liu_gongquan_02,liu_gongquan,忠,Fonts/my_fonts/02/char_0905.png
liu_gongquan_02,liu_gongquan,忠,Fonts/my_fonts/02/char_0917.png
liu_gongquan_02,liu_gongquan,忠,Fonts/my_fonts/02/char_0988.png
zhiyong_00,zhiyong,則,Fonts/my_fonts/00/char_0254.png
liu_gongquan_02,liu_gongquan,則,Fonts/my_fonts/02/char_1587.png
ouyang_xun_03,ouyang_xun,則,Fonts/my_fonts/03/char_0043.png
ouyang_xun_03,ouyang_xun,則,Fonts/my_fonts/03/char_0084.png
ouyang_xun_03,ouyang_xun,則,Fonts/my_fonts/03/char_0091.png
ouyang_xun_03,ouyang_xun,則,Fonts/my_fonts/03/char_0352.png
ouyang_xun_03,ouyang_xun,則,Fonts/my_fonts/03/char_0357.png
ouyang_xun_03,ouyang_xun,則,Fonts/my_fonts/03/char_0649.png
ouyang_xun_03,ouyang_xun,則,Fonts/my_fonts/03/char_0676.png
ouyang_xun_03,ouyang_xun,則,Fonts/my_fonts/03/char_0693.png
ouyang_xun_03,ouyang_xun,則,Fonts/my_fonts/03/char_0726.png
zhao_mengfu_04,zhao_mengfu,則,Fonts/my_fonts/04/char_0040.png
zhao_mengfu_04,zhao_mengfu,則,Fonts/my_fonts/04/char_0052.png
zhao_mengfu_04,zhao_mengfu,則,Fonts/my_fonts/04/char_0140.png
yu_shinan_06,yu_shinan,則,Fonts/my_fonts/06/char_0019.png
yu_shinan_06,yu_shinan,則,Fonts/my_fonts/06/char_0304.png
yan_zhenqing_07,yan_zhenqing,則,Fonts/my_fonts/07/char_0438.png
yan_zhenqing_07,yan_zhenqing,則,Fonts/my_fonts/07/char_0626.png
yan_zhenqing_07,yan_zhenqing,則,Fonts/my_fonts/07/char_1155.png
yan_zhenqing_07,yan_zhenqing,則,Fonts/my_fonts/07/char_1234.png
yan_zhenqing_07,yan_zhenqing,則,Fonts/my_fonts/07/char_1702.png
yan_zhenqing_07,yan_zhenqing,則,Fonts/my_fonts/07/char_1711.png
zhiyong_00,zhiyong,盡,Fonts/my_fonts/00/char_0255.png
yu_shinan_06,yu_shinan,盡,Fonts/my_fonts/06/char_0185.png
yan_zhenqing_07,yan_zhenqing,盡,Fonts/my_fonts/07/char_0469.png
yan_zhenqing_07,yan_zhenqing,盡,Fonts/my_fonts/07/char_0793.png
yan_zhenqing_07,yan_zhenqing,盡,Fonts/my_fonts/07/char_1650.png
shen_yinmo_09,shen_yinmo,盡,Fonts/my_fonts/09/char_0122.png
shen_yinmo_09,shen_yinmo,盡,Fonts/my_fonts/09/char_0132.png
zhiyong_00,zhiyong,命,Fonts/my_fonts/00/char_0256.png
liu_gongquan_02,liu_gongquan,命,Fonts/my_fonts/02/char_0546.png
liu_gongquan_02,liu_gongquan,命,Fonts/my_fonts/02/char_0562.png
liu_gongquan_02,liu_gongquan,命,Fonts/my_fonts/02/char_1351.png
yu_shinan_06,yu_shinan,命,Fonts/my_fonts/06/char_0291.png
yan_zhenqing_07,yan_zhenqing,命,Fonts/my_fonts/07/char_0201.png
zhiyong_00,zhiyong,臨,Fonts/my_fonts/00/char_0257.png
shen_yinmo_01,shen_yinmo,臨,Fonts/my_fonts/01/font_00_0810.png
liu_gongquan_02,liu_gongquan,臨,Fonts/my_fonts/02/char_0044.png
ouyang_xun_03,ouyang_xun,臨,Fonts/my_fonts/03/char_0090.png
ouyang_xun_03,ouyang_xun,臨,Fonts/my_fonts/03/char_0185.png
zhao_mengfu_04,zhao_mengfu,臨,Fonts/my_fonts/04/char_0453.png
yan_zhenqing_07,yan_zhenqing,臨,Fonts/my_fonts/07/char_0730.png
zhiyong_00,zhiyong,深,Fonts/my_fonts/00/char_0258.png
shen_yinmo_01,shen_yinmo,深,Fonts/my_fonts/01/font_00_0538.png
ouyang_xun_03,ouyang_xun,深,Fonts/my_fonts/03/char_0128.png
ouyang_xun_03,ouyang_xun,深,Fonts/my_fonts/03/char_0332.png
ouyang_xun_03,ouyang_xun,深,Fonts/my_fonts/03/char_0858.png
ouyang_xun_03,ouyang_xun,深,Fonts/my_fonts/03/char_0914.png
zhao_mengfu_04,zhao_mengfu,深,Fonts/my_fonts/04/char_0131.png
yan_zhenqing_07,yan_zhenqing,深,Fonts/my_fonts/07/char_0301.png
yan_zhenqing_07,yan_zhenqing,深,Fonts/my_fonts/07/char_1260.png
yan_zhenqing_07,yan_zhenqing,深,Fonts/my_fonts/07/char_1574.png
yan_zhenqing_07,yan_zhenqing,深,Fonts/my_fonts/07/char_1713.png
yan_zhenqing_07,yan_zhenqing,深,Fonts/my_fonts/07/char_1746.png
shen_yinmo_09,shen_yinmo,深,Fonts/my_fonts/09/char_0015.png
zhiyong_00,zhiyong,履,Fonts/my_fonts/00/char_0259.png
liu_gongquan_02,liu_gongquan,履,Fonts/my_fonts/02/char_0581.png
yu_shinan_06,yu_shinan,履,Fonts/my_fonts/06/char_0066.png
zhiyong_00,zhiyong,薄,Fonts/my_fonts/00/char_0260.png
shen_yinmo_01,shen_yinmo,薄,Fonts/my_fonts/01/font_00_0172.png
yu_shinan_06,yu_shinan,薄,Fonts/my_fonts/06/char_0209.png
shen_yinmo_08,shen_yinmo,薄,Fonts/my_fonts/08/char_0325.png
shen_yinmo_10,shen_yinmo,薄,Fonts/my_fonts/10/char_0336.png
zhiyong_00,zhiyong,夙,Fonts/my_fonts/00/char_0261.png
shen_yinmo_01,shen_yinmo,夙,Fonts/my_fonts/01/font_00_0269.png
shen_yinmo_01,shen_yinmo,夙,Fonts/my_fonts/01/font_00_0329.png
shen_yinmo_01,shen_yinmo,夙,Fonts/my_fonts/01/font_00_0658.png
zhiyong_00,zhiyong,興,Fonts/my_fonts/00/char_0262.png
shen_yinmo_01,shen_yinmo,興,Fonts/my_fonts/01/font_00_0704.png
zhao_mengfu_04,zhao_mengfu,興,Fonts/my_fonts/04/char_0252.png
zhao_mengfu_04,zhao_mengfu,興,Fonts/my_fonts/04/char_0490.png
yu_shinan_06,yu_shinan,興,Fonts/my_fonts/06/char_0215.png
yan_zhenqing_07,yan_zhenqing,興,Fonts/my_fonts/07/char_0224.png
yan_zhenqing_07,yan_zhenqing,興,Fonts/my_fonts/07/char_0390.png
zhiyong_00,zhiyong,溫,Fonts/my_fonts/00/char_0263.png
liu_gongquan_02,liu_gongquan,溫,Fonts/my_fonts/02/char_0227.png
liu_gongquan_02,liu_gongquan,溫,Fonts/my_fonts/02/char_0290.png
liu_gongquan_02,liu_gongquan,溫,Fonts/my_fonts/02/char_1361.png
liu_gongquan_02,liu_gongquan,溫,Fonts/my_fonts/02/char_1539.png
yan_zhenqing_07,yan_zhenqing,溫,Fonts/my_fonts/07/char_1600.png
zhiyong_00,zhiyong,似,Fonts/my_fonts/00/char_0265.png
shen_yinmo_01,shen_yinmo,似,Fonts/my_fonts/01/font_00_0483.png
shen_yinmo_08,shen_yinmo,似,Fonts/my_fonts/08/char_0077.png
shen_yinmo_10,shen_yinmo,似,Fonts/my_fonts/10/char_0098.png
zhiyong_00,zhiyong,蘭,Fonts/my_fonts/00/char_0266.png
liu_gongquan_02,liu_gongquan,蘭,Fonts/my_fonts/02/char_0595.png
zhiyong_00,zhiyong,斯,Fonts/my_fonts/00/char_0267.png
ouyang_xun_03,ouyang_xun,斯,Fonts/my_fonts/03/char_0787.png
ouyang_xun_03,ouyang_xun,斯,Fonts/my_fonts/03/char_0832.png
ouyang_xun_03,ouyang_xun,斯,Fonts/my_fonts/03/char_0851.png
ouyang_xun_03,ouyang_xun,斯,Fonts/my_fonts/03/char_0995.png
yu_shinan_06,yu_shinan,斯,Fonts/my_fonts/06/char_0069.png
yu_shinan_06,yu_shinan,斯,Fonts/my_fonts/06/char_0313.png
yan_zhenqing_07,yan_zhenqing,斯,Fonts/my_fonts/07/char_0667.png
yan_zhenqing_07,yan_zhenqing,斯,Fonts/my_fonts/07/char_1227.png
yan_zhenqing_07,yan_zhenqing,斯,Fonts/my_fonts/07/char_1802.png
shen_yinmo_08,shen_yinmo,斯,Fonts/my_fonts/08/char_0439.png
shen_yinmo_10,shen_yinmo,斯,Fonts/my_fonts/10/char_0449.png
zhiyong_00,zhiyong,如,Fonts/my_fonts/00/char_0269.png
shen_yinmo_01,shen_yinmo,如,Fonts/my_fonts/01/font_00_0140.png
shen_yinmo_01,shen_yinmo,如,Fonts/my_fonts/01/font_00_0227.png
liu_gongquan_02,liu_gongquan,如,Fonts/my_fonts/02/char_0464.png
ouyang_xun_03,ouyang_xun,如,Fonts/my_fonts/03/char_0284.png
ouyang_xun_03,ouyang_xun,如,Fonts/my_fonts/03/char_0556.png
ouyang_xun_03,ouyang_xun,如,Fonts/my_fonts/03/char_0951.png
zhao_mengfu_04,zhao_mengfu,如,Fonts/my_fonts/04/char_0415.png
yan_zhenqing_07,yan_zhenqing,如,Fonts/my_fonts/07/char_0204.png
yan_zhenqing_07,yan_zhenqing,如,Fonts/my_fonts/07/char_0274.png
yan_zhenqing_07,yan_zhenqing,如,Fonts/my_fonts/07/char_0308.png
yan_zhenqing_07,yan_zhenqing,如,Fonts/my_fonts/07/char_0639.png
yan_zhenqing_07,yan_zhenqing,如,Fonts/my_fonts/07/char_1109.png
yan_zhenqing_07,yan_zhenqing,如,Fonts/my_fonts/07/char_1174.png
yan_zhenqing_07,yan_zhenqing,如,Fonts/my_fonts/07/char_1328.png
yan_zhenqing_07,yan_zhenqing,如,Fonts/my_fonts/07/char_1660.png
shen_yinmo_08,shen_yinmo,如,Fonts/my_fonts/08/char_0079.png
shen_yinmo_08,shen_yinmo,如,Fonts/my_fonts/08/char_0147.png
shen_yinmo_08,shen_yinmo,如,Fonts/my_fonts/08/char_0156.png
shen_yinmo_08,shen_yinmo,如,Fonts/my_fonts/08/char_0165.png
shen_yinmo_08,shen_yinmo,如,Fonts/my_fonts/08/char_0172.png
shen_yinmo_08,shen_yinmo,如,Fonts/my_fonts/08/char_0179.png
shen_yinmo_09,shen_yinmo,如,Fonts/my_fonts/09/char_0059.png
shen_yinmo_10,shen_yinmo,如,Fonts/my_fonts/10/char_0100.png
shen_yinmo_10,shen_yinmo,如,Fonts/my_fonts/10/char_0176.png
shen_yinmo_10,shen_yinmo,如,Fonts/my_fonts/10/char_0186.png
shen_yinmo_10,shen_yinmo,如,Fonts/my_fonts/10/char_0196.png
shen_yinmo_10,shen_yinmo,如,Fonts/my_fonts/10/char_0203.png
shen_yinmo_10,shen_yinmo,如,Fonts/my_fonts/10/char_0210.png
zhiyong_00,zhiyong,之,Fonts/my_fonts/00/char_0271.png
shen_yinmo_01,shen_yinmo,之,Fonts/my_fonts/01/font_00_0071.png
shen_yinmo_01,shen_yinmo,之,Fonts/my_fonts/01/font_00_0079.png
shen_yinmo_01,shen_yinmo,之,Fonts/my_fonts/01/font_00_0116.png
shen_yinmo_01,shen_yinmo,之,Fonts/my_fonts/01/font_00_0181.png
shen_yinmo_01,shen_yinmo,之,Fonts/my_fonts/01/font_00_0204.png
shen_yinmo_01,shen_yinmo,之,Fonts/my_fonts/01/font_00_0231.png
shen_yinmo_01,shen_yinmo,之,Fonts/my_fonts/01/font_00_0248.png
shen_yinmo_01,shen_yinmo,之,Fonts/my_fonts/01/font_00_0275.png
shen_yinmo_01,shen_yinmo,之,Fonts/my_fonts/01/font_00_0361.png
shen_yinmo_01,shen_yinmo,之,Fonts/my_fonts/01/font_00_0468.png
shen_yinmo_01,shen_yinmo,之,Fonts/my_fonts/01/font_00_0494.png
shen_yinmo_01,shen_yinmo,之,Fonts/my_fonts/01/font_00_0545.png
shen_yinmo_01,shen_yinmo,之,Fonts/my_fonts/01/font_00_0571.png
shen_yinmo_01,shen_yinmo,之,Fonts/my_fonts/01/font_00_0576.png
shen_yinmo_01,shen_yinmo,之,Fonts/my_fonts/01/font_00_0606.png
shen_yinmo_01,shen_yinmo,之,Fonts/my_fonts/01/font_00_0615.png
shen_yinmo_01,shen_yinmo,之,Fonts/my_fonts/01/font_00_0676.png
shen_yinmo_01,shen_yinmo,之,Fonts/my_fonts/01/font_00_0728.png
shen_yinmo_01,shen_yinmo,之,Fonts/my_fonts/01/font_00_0778.png
shen_yinmo_01,shen_yinmo,之,Fonts/my_fonts/01/font_00_0808.png
shen_yinmo_01,shen_yinmo,之,Fonts/my_fonts/01/font_00_0814.png
shen_yinmo_01,shen_yinmo,之,Fonts/my_fonts/01/font_00_0819.png
liu_gongquan_02,liu_gongquan,之,Fonts/my_fonts/02/char_0094.png
liu_gongquan_02,liu_gongquan,之,Fonts/my_fonts/02/char_0276.png
liu_gongquan_02,liu_gongquan,之,Fonts/my_fonts/02/char_0571.png
liu_gongquan_02,liu_gongquan,之,Fonts/my_fonts/02/char_0608.png
liu_gongquan_02,liu_gongquan,之,Fonts/my_fonts/02/char_0656.png
liu_gongquan_02,liu_gongquan,之,Fonts/my_fonts/02/char_0674.png
liu_gongquan_02,liu_gongquan,之,Fonts/my_fonts/02/char_0771.png
liu_gongquan_02,liu_gongquan,之,Fonts/my_fonts/02/char_1051.png
liu_gongquan_02,liu_gongquan,之,Fonts/my_fonts/02/char_1514.png
liu_gongquan_02,liu_gongquan,之,Fonts/my_fonts/02/char_1540.png
liu_gongquan_02,liu_gongquan,之,Fonts/my_fonts/02/char_1572.png
liu_gongquan_02,liu_gongquan,之,Fonts/my_fonts/02/char_1578.png
liu_gongquan_02,liu_gongquan,之,Fonts/my_fonts/02/char_1614.png
liu_gongquan_02,liu_gongquan,之,Fonts/my_fonts/02/char_1624.png
liu_gongquan_02,liu_gongquan,之,Fonts/my_fonts/02/char_1628.png
ouyang_xun_03,ouyang_xun,之,Fonts/my_fonts/03/char_0031.png
ouyang_xun_03,ouyang_xun,之,Fonts/my_fonts/03/char_0040.png
ouyang_xun_03,ouyang_xun,之,Fonts/my_fonts/03/char_0045.png
ouyang_xun_03,ouyang_xun,之,Fonts/my_fonts/03/char_0139.png
ouyang_xun_03,ouyang_xun,之,Fonts/my_fonts/03/char_0148.png
ouyang_xun_03,ouyang_xun,之,Fonts/my_fonts/03/char_0153.png
ouyang_xun_03,ouyang_xun,之,Fonts/my_fonts/03/char_0159.png
ouyang_xun_03,ouyang_xun,之,Fonts/my_fonts/03/char_0163.png
ouyang_xun_03,ouyang_xun,之,Fonts/my_fonts/03/char_0256.png
ouyang_xun_03,ouyang_xun,之,Fonts/my_fonts/03/char_0262.png
ouyang_xun_03,ouyang_xun,之,Fonts/my_fonts/03/char_0283.png
ouyang_xun_03,ouyang_xun,之,Fonts/my_fonts/03/char_0289.png
ouyang_xun_03,ouyang_xun,之,Fonts/my_fonts/03/char_0325.png
ouyang_xun_03,ouyang_xun,之,Fonts/my_fonts/03/char_0330.png
ouyang_xun_03,ouyang_xun,之,Fonts/my_fonts/03/char_0351.png
ouyang_xun_03,ouyang_xun,之,Fonts/my_fonts/03/char_0356.png
ouyang_xun_03,ouyang_xun,之,Fonts/my_fonts/03/char_0375.png
ouyang_xun_03,ouyang_xun,之,Fonts/my_fonts/03/char_0453.png
ouyang_xun_03,ouyang_xun,之,Fonts/my_fonts/03/char_0462.png
ouyang_xun_03,ouyang_xun,之,Fonts/my_fonts/03/char_0471.png
ouyang_xun_03,ouyang_xun,之,Fonts/my_fonts/03/char_0485.png
ouyang_xun_03,ouyang_xun,之,Fonts/my_fonts/03/char_0513.png
ouyang_xun_03,ouyang_xun,之,Fonts/my_fonts/03/char_0519.png
ouyang_xun_03,ouyang_xun,之,Fonts/my_fonts/03/char_0534.png
ouyang_xun_03,ouyang_xun,之,Fonts/my_fonts/03/char_0562.png
ouyang_xun_03,ouyang_xun,之,Fonts/my_fonts/03/char_0609.png
ouyang_xun_03,ouyang_xun,之,Fonts/my_fonts/03/char_0622.png
ouyang_xun_03,ouyang_xun,之,Fonts/my_fonts/03/char_0628.png
ouyang_xun_03,ouyang_xun,之,Fonts/my_fonts/03/char_0647.png
ouyang_xun_03,ouyang_xun,之,Fonts/my_fonts/03/char_0662.png
ouyang_xun_03,ouyang_xun,之,Fonts/my_fonts/03/char_0698.png
ouyang_xun_03,ouyang_xun,之,Fonts/my_fonts/03/char_0719.png
ouyang_xun_03,ouyang_xun,之,Fonts/my_fonts/03/char_0729.png
ouyang_xun_03,ouyang_xun,之,Fonts/my_fonts/03/char_0799.png
ouyang_xun_03,ouyang_xun,之,Fonts/my_fonts/03/char_0819.png
ouyang_xun_03,ouyang_xun,之,Fonts/my_fonts/03/char_0935.png
ouyang_xun_03,ouyang_xun,之,Fonts/my_fonts/03/char_1014.png
ouyang_xun_03,ouyang_xun,之,Fonts/my_fonts/03/char_1018.png
zhao_mengfu_04,zhao_mengfu,之,Fonts/my_fonts/04/char_0013.png
zhao_mengfu_04,zhao_mengfu,之,Fonts/my_fonts/04/char_0027.png
zhao_mengfu_04,zhao_mengfu,之,Fonts/my_fonts/04/char_0043.png
zhao_mengfu_04,zhao_mengfu,之,Fonts/my_fonts/04/char_0048.png
zhao_mengfu_04,zhao_mengfu,之,Fonts/my_fonts/04/char_0055.png
zhao_mengfu_04,zhao_mengfu,之,Fonts/my_fonts/04/char_0060.png
zhao_mengfu_04,zhao_mengfu,之,Fonts/my_fonts/04/char_0083.png
zhao_mengfu_04,zhao_mengfu,之,Fonts/my_fonts/04/char_0087.png
zhao_mengfu_04,zhao_mengfu,之,Fonts/my_fonts/04/char_0107.png
zhao_mengfu_04,zhao_mengfu,之,Fonts/my_fonts/04/char_0116.png
zhao_mengfu_04,zhao_mengfu,之,Fonts/my_fonts/04/char_0126.png
zhao_mengfu_04,zhao_mengfu,之,Fonts/my_fonts/04/char_0159.png
zhao_mengfu_04,zhao_mengfu,之,Fonts/my_fonts/04/char_0221.png
zhao_mengfu_04,zhao_mengfu,之,Fonts/my_fonts/04/char_0226.png
zhao_mengfu_04,zhao_mengfu,之,Fonts/my_fonts/04/char_0233.png
zhao_mengfu_04,zhao_mengfu,之,Fonts/my_fonts/04/char_0238.png
zhao_mengfu_04,zhao_mengfu,之,Fonts/my_fonts/04/char_0316.png
zhao_mengfu_04,zhao_mengfu,之,Fonts/my_fonts/04/char_0338.png
zhao_mengfu_04,zhao_mengfu,之,Fonts/my_fonts/04/char_0342.png
zhao_mengfu_04,zhao_mengfu,之,Fonts/my_fonts/04/char_0354.png
zhao_mengfu_04,zhao_mengfu,之,Fonts/my_fonts/04/char_0364.png
zhao_mengfu_04,zhao_mengfu,之,Fonts/my_fonts/04/char_0372.png
zhao_mengfu_04,zhao_mengfu,之,Fonts/my_fonts/04/char_0378.png
zhao_mengfu_04,zhao_mengfu,之,Fonts/my_fonts/04/char_0392.png
yu_shinan_06,yu_shinan,之,Fonts/my_fonts/06/char_0013.png
yu_shinan_06,yu_shinan,之,Fonts/my_fonts/06/char_0023.png
yu_shinan_06,yu_shinan,之,Fonts/my_fonts/06/char_0327.png
yu_shinan_06,yu_shinan,之,Fonts/my_fonts/06/char_0338.png
yan_zhenqing_07,yan_zhenqing,之,Fonts/my_fonts/07/char_0063.png
yan_zhenqing_07,yan_zhenqing,之,Fonts/my_fonts/07/char_0073.png
yan_zhenqing_07,yan_zhenqing,之,Fonts/my_fonts/07/char_0132.png
yan_zhenqing_07,yan_zhenqing,之,Fonts/my_fonts/07/char_0138.png
yan_zhenqing_07,yan_zhenqing,之,Fonts/my_fonts/07/char_0167.png
yan_zhenqing_07,yan_zhenqing,之,Fonts/my_fonts/07/char_0177.png
yan_zhenqing_07,yan_zhenqing,之,Fonts/my_fonts/07/char_0232.png
yan_zhenqing_07,yan_zhenqing,之,Fonts/my_fonts/07/char_0245.png
yan_zhenqing_07,yan_zhenqing,之,Fonts/my_fonts/07/char_0356.png
yan_zhenqing_07,yan_zhenqing,之,Fonts/my_fonts/07/char_0361.png
yan_zhenqing_07,yan_zhenqing,之,Fonts/my_fonts/07/char_0412.png
yan_zhenqing_07,yan_zhenqing,之,Fonts/my_fonts/07/char_0548.png
yan_zhenqing_07,yan_zhenqing,之,Fonts/my_fonts/07/char_0630.png
yan_zhenqing_07,yan_zhenqing,之,Fonts/my_fonts/07/char_0640.png
yan_zhenqing_07,yan_zhenqing,之,Fonts/my_fonts/07/char_0645.png
yan_zhenqing_07,yan_zhenqing,之,Fonts/my_fonts/07/char_0653.png
yan_zhenqing_07,yan_zhenqing,之,Fonts/my_fonts/07/char_0663.png
yan_zhenqing_07,yan_zhenqing,之,Fonts/my_fonts/07/char_0747.png
yan_zhenqing_07,yan_zhenqing,之,Fonts/my_fonts/07/char_0757.png
yan_zhenqing_07,yan_zhenqing,之,Fonts/my_fonts/07/char_0804.png
yan_zhenqing_07,yan_zhenqing,之,Fonts/my_fonts/07/char_0825.png
yan_zhenqing_07,yan_zhenqing,之,Fonts/my_fonts/07/char_0835.png
yan_zhenqing_07,yan_zhenqing,之,Fonts/my_fonts/07/char_1041.png
yan_zhenqing_07,yan_zhenqing,之,Fonts/my_fonts/07/char_1141.png
yan_zhenqing_07,yan_zhenqing,之,Fonts/my_fonts/07/char_1149.png
yan_zhenqing_07,yan_zhenqing,之,Fonts/my_fonts/07/char_1170.png
yan_zhenqing_07,yan_zhenqing,之,Fonts/my_fonts/07/char_1176.png
yan_zhenqing_07,yan_zhenqing,之,Fonts/my_fonts/07/char_1215.png
yan_zhenqing_07,yan_zhenqing,之,Fonts/my_fonts/07/char_1223.png
yan_zhenqing_07,yan_zhenqing,之,Fonts/my_fonts/07/char_1338.png
yan_zhenqing_07,yan_zhenqing,之,Fonts/my_fonts/07/char_1344.png
yan_zhenqing_07,yan_zhenqing,之,Fonts/my_fonts/07/char_1413.png
yan_zhenqing_07,yan_zhenqing,之,Fonts/my_fonts/07/char_1421.png
yan_zhenqing_07,yan_zhenqing,之,Fonts/my_fonts/07/char_1479.png
yan_zhenqing_07,yan_zhenqing,之,Fonts/my_fonts/07/char_1556.png
yan_zhenqing_07,yan_zhenqing,之,Fonts/my_fonts/07/char_1581.png
yan_zhenqing_07,yan_zhenqing,之,Fonts/my_fonts/07/char_1585.png
yan_zhenqing_07,yan_zhenqing,之,Fonts/my_fonts/07/char_1596.png
yan_zhenqing_07,yan_zhenqing,之,Fonts/my_fonts/07/char_1599.png
yan_zhenqing_07,yan_zhenqing,之,Fonts/my_fonts/07/char_1608.png
yan_zhenqing_07,yan_zhenqing,之,Fonts/my_fonts/07/char_1625.png
yan_zhenqing_07,yan_zhenqing,之,Fonts/my_fonts/07/char_1631.png
yan_zhenqing_07,yan_zhenqing,之,Fonts/my_fonts/07/char_1648.png
yan_zhenqing_07,yan_zhenqing,之,Fonts/my_fonts/07/char_1654.png
yan_zhenqing_07,yan_zhenqing,之,Fonts/my_fonts/07/char_1686.png
yan_zhenqing_07,yan_zhenqing,之,Fonts/my_fonts/07/char_1692.png
shen_yinmo_08,shen_yinmo,之,Fonts/my_fonts/08/char_0114.png
shen_yinmo_08,shen_yinmo,之,Fonts/my_fonts/08/char_0141.png
shen_yinmo_08,shen_yinmo,之,Fonts/my_fonts/08/char_0150.png
shen_yinmo_08,shen_yinmo,之,Fonts/my_fonts/08/char_0159.png
shen_yinmo_08,shen_yinmo,之,Fonts/my_fonts/08/char_0182.png
shen_yinmo_08,shen_yinmo,之,Fonts/my_fonts/08/char_0211.png
shen_yinmo_08,shen_yinmo,之,Fonts/my_fonts/08/char_0296.png
shen_yinmo_08,shen_yinmo,之,Fonts/my_fonts/08/char_0367.png
shen_yinmo_08,shen_yinmo,之,Fonts/my_fonts/08/char_0417.png
shen_yinmo_08,shen_yinmo,之,Fonts/my_fonts/08/char_0445.png
shen_yinmo_08,shen_yinmo,之,Fonts/my_fonts/08/char_0455.png
shen_yinmo_08,shen_yinmo,之,Fonts/my_fonts/08/char_0518.png
shen_yinmo_10,shen_yinmo,之,Fonts/my_fonts/10/char_0132.png
shen_yinmo_10,shen_yinmo,之,Fonts/my_fonts/10/char_0138.png
shen_yinmo_10,shen_yinmo,之,Fonts/my_fonts/10/char_0170.png
shen_yinmo_10,shen_yinmo,之,Fonts/my_fonts/10/char_0179.png
shen_yinmo_10,shen_yinmo,之,Fonts/my_fonts/10/char_0189.png
shen_yinmo_10,shen_yinmo,之,Fonts/my_fonts/10/char_0234.png
shen_yinmo_10,shen_yinmo,之,Fonts/my_fonts/10/char_0307.png
shen_yinmo_10,shen_yinmo,之,Fonts/my_fonts/10/char_0379.png
shen_yinmo_10,shen_yinmo,之,Fonts/my_fonts/10/char_0428.png
shen_yinmo_10,shen_yinmo,之,Fonts/my_fonts/10/char_0455.png
shen_yinmo_10,shen_yinmo,之,Fonts/my_fonts/10/char_0465.png
shen_yinmo_10,shen_yinmo,之,Fonts/my_fonts/10/char_0498.png
shen_yinmo_10,shen_yinmo,之,Fonts/my_fonts/10/char_0535.png
zhiyong_00,zhiyong,盛,Fonts/my_fonts/00/char_0272.png
shen_yinmo_01,shen_yinmo,盛,Fonts/my_fonts/01/font_00_0352.png
shen_yinmo_01,shen_yinmo,盛,Fonts/my_fonts/01/font_00_0837.png
liu_gongquan_02,liu_gongquan,盛,Fonts/my_fonts/02/char_0293.png
liu_gongquan_02,liu_gongquan,盛,Fonts/my_fonts/02/char_1596.png
ouyang_xun_03,ouyang_xun,盛,Fonts/my_fonts/03/char_0820.png
yu_shinan_06,yu_shinan,盛,Fonts/my_fonts/06/char_0035.png
yu_shinan_06,yu_shinan,盛,Fonts/my_fonts/06/char_0212.png
yan_zhenqing_07,yan_zhenqing,盛,Fonts/my_fonts/07/char_1028.png
zhiyong_00,zhiyong,川,Fonts/my_fonts/00/char_0273.png
liu_gongquan_02,liu_gongquan,川,Fonts/my_fonts/02/char_1006.png
zhiyong_00,zhiyong,流,Fonts/my_fonts/00/char_0274.png
shen_yinmo_01,shen_yinmo,流,Fonts/my_fonts/01/font_00_0299.png
liu_gongquan_02,liu_gongquan,流,Fonts/my_fonts/02/char_1590.png
ouyang_xun_03,ouyang_xun,流,Fonts/my_fonts/03/char_0134.png
ouyang_xun_03,ouyang_xun,流,Fonts/my_fonts/03/char_0565.png
ouyang_xun_03,ouyang_xun,流,Fonts/my_fonts/03/char_0617.png
ouyang_xun_03,ouyang_xun,流,Fonts/my_fonts/03/char_0939.png
ouyang_xun_03,ouyang_xun,流,Fonts/my_fonts/03/char_0997.png
ouyang_xun_03,ouyang_xun,流,Fonts/my_fonts/03/char_1028.png
yu_shinan_06,yu_shinan,流,Fonts/my_fonts/06/char_0046.png
yu_shinan_06,yu_shinan,流,Fonts/my_fonts/06/char_0339.png
yan_zhenqing_07,yan_zhenqing,流,Fonts/my_fonts/07/char_0391.png
yan_zhenqing_07,yan_zhenqing,流,Fonts/my_fonts/07/char_0447.png
yan_zhenqing_07,yan_zhenqing,流,Fonts/my_fonts/07/char_0658.png
yan_zhenqing_07,yan_zhenqing,流,Fonts/my_fonts/07/char_1517.png
yan_zhenqing_07,yan_zhenqing,流,Fonts/my_fonts/07/char_1868.png
zhiyong_00,zhiyong,不,Fonts/my_fonts/00/char_0275.png
shen_yinmo_01,shen_yinmo,不,Fonts/my_fonts/01/font_00_0052.png
shen_yinmo_01,shen_yinmo,不,Fonts/my_fonts/01/font_00_0105.png
shen_yinmo_01,shen_yinmo,不,Fonts/my_fonts/01/font_00_0158.png
shen_yinmo_01,shen_yinmo,不,Fonts/my_fonts/01/font_00_0238.png
shen_yinmo_01,shen_yinmo,不,Fonts/my_fonts/01/font_00_0259.png
shen_yinmo_01,shen_yinmo,不,Fonts/my_fonts/01/font_00_0354.png
shen_yinmo_01,shen_yinmo,不,Fonts/my_fonts/01/font_00_0401.png
shen_yinmo_01,shen_yinmo,不,Fonts/my_fonts/01/font_00_0425.png
shen_yinmo_01,shen_yinmo,不,Fonts/my_fonts/01/font_00_0472.png
shen_yinmo_01,shen_yinmo,不,Fonts/my_fonts/01/font_00_0508.png
shen_yinmo_01,shen_yinmo,不,Fonts/my_fonts/01/font_00_0552.png
shen_yinmo_01,shen_yinmo,不,Fonts/my_fonts/01/font_00_0579.png
shen_yinmo_01,shen_yinmo,不,Fonts/my_fonts/01/font_00_0593.png
shen_yinmo_01,shen_yinmo,不,Fonts/my_fonts/01/font_00_0680.png
shen_yinmo_01,shen_yinmo,不,Fonts/my_fonts/01/font_00_0780.png
shen_yinmo_01,shen_yinmo,不,Fonts/my_fonts/01/font_00_0844.png
shen_yinmo_01,shen_yinmo,不,Fonts/my_fonts/01/font_00_0850.png
liu_gongquan_02,liu_gongquan,不,Fonts/my_fonts/02/char_0062.png
liu_gongquan_02,liu_gongquan,不,Fonts/my_fonts/02/char_0556.png
liu_gongquan_02,liu_gongquan,不,Fonts/my_fonts/02/char_0648.png
liu_gongquan_02,liu_gongquan,不,Fonts/my_fonts/02/char_0752.png
liu_gongquan_02,liu_gongquan,不,Fonts/my_fonts/02/char_0979.png
liu_gongquan_02,liu_gongquan,不,Fonts/my_fonts/02/char_1348.png
liu_gongquan_02,liu_gongquan,不,Fonts/my_fonts/02/char_1610.png
ouyang_xun_03,ouyang_xun,不,Fonts/my_fonts/03/char_0166.png
ouyang_xun_03,ouyang_xun,不,Fonts/my_fonts/03/char_0439.png
ouyang_xun_03,ouyang_xun,不,Fonts/my_fonts/03/char_0486.png
ouyang_xun_03,ouyang_xun,不,Fonts/my_fonts/03/char_0610.png
ouyang_xun_03,ouyang_xun,不,Fonts/my_fonts/03/char_0690.png
ouyang_xun_03,ouyang_xun,不,Fonts/my_fonts/03/char_0771.png
ouyang_xun_03,ouyang_xun,不,Fonts/my_fonts/03/char_0815.png
ouyang_xun_03,ouyang_xun,不,Fonts/my_fonts/03/char_0891.png
ouyang_xun_03,ouyang_xun,不,Fonts/my_fonts/03/char_0907.png
ouyang_xun_03,ouyang_xun,不,Fonts/my_fonts/03/char_0982.png
ouyang_xun_03,ouyang_xun,不,Fonts/my_fonts/03/char_1042.png
zhao_mengfu_04,zhao_mengfu,不,Fonts/my_fonts/04/char_0112.png
zhao_mengfu_04,zhao_mengfu,不,Fonts/my_fonts/04/char_0343.png
zhao_mengfu_04,zhao_mengfu,不,Fonts/my_fonts/04/char_0403.png
yu_shinan_06,yu_shinan,不,Fonts/my_fonts/06/char_0191.png
yu_shinan_06,yu_shinan,不,Fonts/my_fonts/06/char_0305.png
yan_zhenqing_07,yan_zhenqing,不,Fonts/my_fonts/07/char_0156.png
yan_zhenqing_07,yan_zhenqing,不,Fonts/my_fonts/07/char_0210.png
yan_zhenqing_07,yan_zhenqing,不,Fonts/my_fonts/07/char_0315.png
yan_zhenqing_07,yan_zhenqing,不,Fonts/my_fonts/07/char_0636.png
yan_zhenqing_07,yan_zhenqing,不,Fonts/my_fonts/07/char_0797.png
yan_zhenqing_07,yan_zhenqing,不,Fonts/my_fonts/07/char_0847.png
yan_zhenqing_07,yan_zhenqing,不,Fonts/my_fonts/07/char_0863.png
yan_zhenqing_07,yan_zhenqing,不,Fonts/my_fonts/07/char_0891.png
yan_zhenqing_07,yan_zhenqing,不,Fonts/my_fonts/07/char_0903.png
yan_zhenqing_07,yan_zhenqing,不,Fonts/my_fonts/07/char_0981.png
yan_zhenqing_07,yan_zhenqing,不,Fonts/my_fonts/07/char_1454.png
yan_zhenqing_07,yan_zhenqing,不,Fonts/my_fonts/07/char_1857.png
shen_yinmo_08,shen_yinmo,不,Fonts/my_fonts/08/char_0091.png
shen_yinmo_08,shen_yinmo,不,Fonts/my_fonts/08/char_0118.png
shen_yinmo_08,shen_yinmo,不,Fonts/my_fonts/08/char_0262.png
shen_yinmo_08,shen_yinmo,不,Fonts/my_fonts/08/char_0311.png
shen_yinmo_08,shen_yinmo,不,Fonts/my_fonts/08/char_0316.png
shen_yinmo_08,shen_yinmo,不,Fonts/my_fonts/08/char_0341.png
shen_yinmo_08,shen_yinmo,不,Fonts/my_fonts/08/char_0412.png
shen_yinmo_09,shen_yinmo,不,Fonts/my_fonts/09/char_0038.png
shen_yinmo_09,shen_yinmo,不,Fonts/my_fonts/09/char_0042.png
shen_yinmo_09,shen_yinmo,不,Fonts/my_fonts/09/char_0069.png
shen_yinmo_09,shen_yinmo,不,Fonts/my_fonts/09/char_0071.png
shen_yinmo_09,shen_yinmo,不,Fonts/my_fonts/09/char_0073.png
shen_yinmo_09,shen_yinmo,不,Fonts/my_fonts/09/char_0075.png
shen_yinmo_09,shen_yinmo,不,Fonts/my_fonts/09/char_0077.png
shen_yinmo_09,shen_yinmo,不,Fonts/my_fonts/09/char_0079.png
shen_yinmo_09,shen_yinmo,不,Fonts/my_fonts/09/char_0236.png
shen_yinmo_10,shen_yinmo,不,Fonts/my_fonts/10/char_0112.png
shen_yinmo_10,shen_yinmo,不,Fonts/my_fonts/10/char_0143.png
shen_yinmo_10,shen_yinmo,不,Fonts/my_fonts/10/char_0278.png
shen_yinmo_10,shen_yinmo,不,Fonts/my_fonts/10/char_0323.png
shen_yinmo_10,shen_yinmo,不,Fonts/my_fonts/10/char_0352.png
shen_yinmo_10,shen_yinmo,不,Fonts/my_fonts/10/char_0423.png
zhiyong_00,zhiyong,息,Fonts/my_fonts/00/char_0276.png
yu_shinan_06,yu_shinan,息,Fonts/my_fonts/06/char_0174.png
yan_zhenqing_07,yan_zhenqing,息,Fonts/my_fonts/07/char_0257.png
yan_zhenqing_07,yan_zhenqing,息,Fonts/my_fonts/07/char_0848.png
zhiyong_00,zhiyong,淵,Fonts/my_fonts/00/char_0277.png
shen_yinmo_01,shen_yinmo,淵,Fonts/my_fonts/01/font_00_0655.png
zhiyong_00,zhiyong,澄,Fonts/my_fonts/00/char_0278.png
liu_gongquan_02,liu_gongquan,澄,Fonts/my_fonts/02/char_0862.png
yan_zhenqing_07,yan_zhenqing,澄,Fonts/my_fonts/07/char_0396.png
zhiyong_00,zhiyong,取,Fonts/my_fonts/00/char_0279.png
shen_yinmo_01,shen_yinmo,取,Fonts/my_fonts/01/font_00_0382.png
ouyang_xun_03,ouyang_xun,取,Fonts/my_fonts/03/char_0782.png
ouyang_xun_03,ouyang_xun,取,Fonts/my_fonts/03/char_1058.png
yan_zhenqing_07,yan_zhenqing,取,Fonts/my_fonts/07/char_0135.png
yan_zhenqing_07,yan_zhenqing,取,Fonts/my_fonts/07/char_1022.png
shen_yinmo_08,shen_yinmo,取,Fonts/my_fonts/08/char_0409.png
shen_yinmo_10,shen_yinmo,取,Fonts/my_fonts/10/char_0420.png
zhiyong_00,zhiyong,映,Fonts/my_fonts/00/char_0280.png
liu_gongquan_02,liu_gongquan,映,Fonts/my_fonts/02/char_1565.png
yan_zhenqing_07,yan_zhenqing,映,Fonts/my_fonts/07/char_1546.png
zhiyong_00,zhiyong,容,Fonts/my_fonts/00/char_0281.png
shen_yinmo_01,shen_yinmo,容,Fonts/my_fonts/01/font_00_0128.png
zhao_mengfu_04,zhao_mengfu,容,Fonts/my_fonts/04/char_0213.png
yu_shinan_06,yu_shinan,容,Fonts/my_fonts/06/char_0147.png
yan_zhenqing_07,yan_zhenqing,容,Fonts/my_fonts/07/char_1334.png
yan_zhenqing_07,yan_zhenqing,容,Fonts/my_fonts/07/char_1414.png
zhiyong_00,zhiyong,止,Fonts/my_fonts/00/char_0282.png
yan_zhenqing_07,yan_zhenqing,止,Fonts/my_fonts/07/char_1629.png
zhiyong_00,zhiyong,若,Fonts/my_fonts/00/char_0283.png
shen_yinmo_01,shen_yinmo,若,Fonts/my_fonts/01/font_00_0690.png
shen_yinmo_01,shen_yinmo,若,Fonts/my_fonts/01/font_00_0695.png
ouyang_xun_03,ouyang_xun,若,Fonts/my_fonts/03/char_0552.png
zhao_mengfu_04,zhao_mengfu,若,Fonts/my_fonts/04/char_0396.png
yan_zhenqing_07,yan_zhenqing,若,Fonts/my_fonts/07/char_0212.png
yan_zhenqing_07,yan_zhenqing,若,Fonts/my_fonts/07/char_1347.png
yan_zhenqing_07,yan_zhenqing,若,Fonts/my_fonts/07/char_1367.png
shen_yinmo_08,shen_yinmo,若,Fonts/my_fonts/08/char_0073.png
shen_yinmo_08,shen_yinmo,若,Fonts/my_fonts/08/char_0229.png
shen_yinmo_08,shen_yinmo,若,Fonts/my_fonts/08/char_0319.png
shen_yinmo_08,shen_yinmo,若,Fonts/my_fonts/08/char_0407.png
shen_yinmo_09,shen_yinmo,若,Fonts/my_fonts/09/char_0002.png
shen_yinmo_09,shen_yinmo,若,Fonts/my_fonts/09/char_0017.png
shen_yinmo_09,shen_yinmo,若,Fonts/my_fonts/09/char_0154.png
shen_yinmo_09,shen_yinmo,若,Fonts/my_fonts/09/char_0188.png
shen_yinmo_09,shen_yinmo,若,Fonts/my_fonts/09/char_0207.png
shen_yinmo_09,shen_yinmo,若,Fonts/my_fonts/09/char_0241.png
shen_yinmo_10,shen_yinmo,若,Fonts/my_fonts/10/char_0094.png
shen_yinmo_10,shen_yinmo,若,Fonts/my_fonts/10/char_0253.png
shen_yinmo_10,shen_yinmo,若,Fonts/my_fonts/10/char_0330.png
shen_yinmo_10,shen_yinmo,若,Fonts/my_fonts/10/char_0418.png
zhiyong_00,zhiyong,思,Fonts/my_fonts/00/char_0284.png
shen_yinmo_01,shen_yinmo,思,Fonts/my_fonts/01/font_00_0761.png
shen_yinmo_01,shen_yinmo,思,Fonts/my_fonts/01/font_00_0820.png
liu_gongquan_02,liu_gongquan,思,Fonts/my_fonts/02/char_0127.png
ouyang_xun_03,ouyang_xun,思,Fonts/my_fonts/03/char_1071.png
yan_zhenqing_07,yan_zhenqing,思,Fonts/my_fonts/07/char_0586.png
yan_zhenqing_07,yan_zhenqing,思,Fonts/my_fonts/07/char_1430.png
yan_zhenqing_07,yan_zhenqing,思,Fonts/my_fonts/07/char_1780.png
yan_zhenqing_07,yan_zhenqing,思,Fonts/my_fonts/07/char_1994.png
shen_yinmo_08,shen_yinmo,思,Fonts/my_fonts/08/char_0047.png
shen_yinmo_08,shen_yinmo,思,Fonts/my_fonts/08/char_0323.png
shen_yinmo_10,shen_yinmo,思,Fonts/my_fonts/10/char_0069.png
shen_yinmo_10,shen_yinmo,思,Fonts/my_fonts/10/char_0334.png
zhiyong_00,zhiyong,言,Fonts/my_fonts/00/char_0285.png
liu_gongquan_02,liu_gongquan,言,Fonts/my_fonts/02/char_0978.png
liu_gongquan_02,liu_gongquan,言,Fonts/my_fonts/02/char_1020.png
liu_gongquan_02,liu_gongquan,言,Fonts/my_fonts/02/char_1301.png
ouyang_xun_03,ouyang_xun,言,Fonts/my_fonts/03/char_0810.png
zhao_mengfu_04,zhao_mengfu,言,Fonts/my_fonts/04/char_0269.png
yu_shinan_06,yu_shinan,言,Fonts/my_fonts/06/char_0326.png
yan_zhenqing_07,yan_zhenqing,言,Fonts/my_fonts/07/char_0485.png
yan_zhenqing_07,yan_zhenqing,言,Fonts/my_fonts/07/char_1604.png
zhiyong_00,zhiyong,安,Fonts/my_fonts/00/char_0287.png
shen_yinmo_01,shen_yinmo,安,Fonts/my_fonts/01/font_00_0243.png
liu_gongquan_02,liu_gongquan,安,Fonts/my_fonts/02/char_0123.png
liu_gongquan_02,liu_gongquan,安,Fonts/my_fonts/02/char_0640.png
liu_gongquan_02,liu_gongquan,安,Fonts/my_fonts/02/char_0672.png
liu_gongquan_02,liu_gongquan,安,Fonts/my_fonts/02/char_0937.png
ouyang_xun_03,ouyang_xun,安,Fonts/my_fonts/03/char_0151.png
ouyang_xun_03,ouyang_xun,安,Fonts/my_fonts/03/char_0241.png
ouyang_xun_03,ouyang_xun,安,Fonts/my_fonts/03/char_0929.png
yu_shinan_06,yu_shinan,安,Fonts/my_fonts/06/char_0302.png
yan_zhenqing_07,yan_zhenqing,安,Fonts/my_fonts/07/char_0564.png
shen_yinmo_08,shen_yinmo,安,Fonts/my_fonts/08/char_0285.png
shen_yinmo_10,shen_yinmo,安,Fonts/my_fonts/10/char_0296.png
zhiyong_00,zhiyong,定,Fonts/my_fonts/00/char_0288.png
liu_gongquan_02,liu_gongquan,定,Fonts/my_fonts/02/char_0324.png
liu_gongquan_02,liu_gongquan,定,Fonts/my_fonts/02/char_0533.png
yu_shinan_06,yu_shinan,定,Fonts/my_fonts/06/char_0312.png
yan_zhenqing_07,yan_zhenqing,定,Fonts/my_fonts/07/char_0277.png
yan_zhenqing_07,yan_zhenqing,定,Fonts/my_fonts/07/char_1672.png
yan_zhenqing_07,yan_zhenqing,定,Fonts/my_fonts/07/char_1905.png
zhiyong_00,zhiyong,初,Fonts/my_fonts/00/char_0290.png
shen_yinmo_01,shen_yinmo,初,Fonts/my_fonts/01/font_00_0041.png
liu_gongquan_02,liu_gongquan,初,Fonts/my_fonts/02/char_0232.png
zhao_mengfu_04,zhao_mengfu,初,Fonts/my_fonts/04/char_0292.png
yan_zhenqing_07,yan_zhenqing,初,Fonts/my_fonts/07/char_0657.png
yan_zhenqing_07,yan_zhenqing,初,Fonts/my_fonts/07/char_1790.png
zhiyong_00,zhiyong,誠,Fonts/my_fonts/00/char_0291.png
ouyang_xun_03,ouyang_xun,誠,Fonts/my_fonts/03/char_0156.png
yan_zhenqing_07,yan_zhenqing,誠,Fonts/my_fonts/07/char_0517.png
yan_zhenqing_07,yan_zhenqing,誠,Fonts/my_fonts/07/char_1203.png
zhiyong_00,zhiyong,美,Fonts/my_fonts/00/char_0292.png
liu_gongquan_02,liu_gongquan,美,Fonts/my_fonts/02/char_1630.png
ouyang_xun_03,ouyang_xun,美,Fonts/my_fonts/03/char_0821.png
zhiyong_00,zhiyong,慎,Fonts/my_fonts/00/char_0293.png
shen_yinmo_01,shen_yinmo,慎,Fonts/my_fonts/01/font_00_0394.png
zhiyong_00,zhiyong,終,Fonts/my_fonts/00/char_0294.png
shen_yinmo_01,shen_yinmo,終,Fonts/my_fonts/01/font_00_0145.png
shen_yinmo_01,shen_yinmo,終,Fonts/my_fonts/01/font_00_0558.png
liu_gongquan_02,liu_gongquan,終,Fonts/my_fonts/02/char_0587.png
ouyang_xun_03,ouyang_xun,終,Fonts/my_fonts/03/char_0195.png
ouyang_xun_03,ouyang_xun,終,Fonts/my_fonts/03/char_0258.png
zhiyong_00,zhiyong,宜,Fonts/my_fonts/00/char_0295.png
liu_gongquan_02,liu_gongquan,宜,Fonts/my_fonts/02/char_0453.png
liu_gongquan_02,liu_gongquan,宜,Fonts/my_fonts/02/char_0557.png
ouyang_xun_03,ouyang_xun,宜,Fonts/my_fonts/03/char_0648.png
yan_zhenqing_07,yan_zhenqing,宜,Fonts/my_fonts/07/char_1162.png
zhiyong_00,zhiyong,令,Fonts/my_fonts/00/char_0296.png
liu_gongquan_02,liu_gongquan,令,Fonts/my_fonts/02/char_0527.png
liu_gongquan_02,liu_gongquan,令,Fonts/my_fonts/02/char_0618.png
liu_gongquan_02,liu_gongquan,令,Fonts/my_fonts/02/char_0749.png
liu_gongquan_02,liu_gongquan,令,Fonts/my_fonts/02/char_0799.png
liu_gongquan_02,liu_gongquan,令,Fonts/my_fonts/02/char_1016.png
liu_gongquan_02,liu_gongquan,令,Fonts/my_fonts/02/char_1171.png
ouyang_xun_03,ouyang_xun,令,Fonts/my_fonts/03/char_0699.png
ouyang_xun_03,ouyang_xun,令,Fonts/my_fonts/03/char_0795.png
ouyang_xun_03,ouyang_xun,令,Fonts/my_fonts/03/char_1090.png
yu_shinan_06,yu_shinan,令,Fonts/my_fonts/06/char_0280.png
yan_zhenqing_07,yan_zhenqing,令,Fonts/my_fonts/07/char_0707.png
shen_yinmo_08,shen_yinmo,令,Fonts/my_fonts/08/char_0029.png
shen_yinmo_08,shen_yinmo,令,Fonts/my_fonts/08/char_0060.png
shen_yinmo_08,shen_yinmo,令,Fonts/my_fonts/08/char_0314.png
shen_yinmo_10,shen_yinmo,令,Fonts/my_fonts/10/char_0050.png
shen_yinmo_10,shen_yinmo,令,Fonts/my_fonts/10/char_0326.png
zhiyong_00,zhiyong,榮,Fonts/my_fonts/00/char_0297.png
liu_gongquan_02,liu_gongquan,榮,Fonts/my_fonts/02/char_0607.png
zhiyong_00,zhiyong,業,Fonts/my_fonts/00/char_0298.png
shen_yinmo_01,shen_yinmo,業,Fonts/my_fonts/01/font_00_0461.png
shen_yinmo_01,shen_yinmo,業,Fonts/my_fonts/01/font_00_0631.png
liu_gongquan_02,liu_gongquan,業,Fonts/my_fonts/02/char_0281.png
liu_gongquan_02,liu_gongquan,業,Fonts/my_fonts/02/char_0843.png
liu_gongquan_02,liu_gongquan,業,Fonts/my_fonts/02/char_1077.png
liu_gongquan_02,liu_gongquan,業,Fonts/my_fonts/02/char_1561.png
yan_zhenqing_07,yan_zhenqing,業,Fonts/my_fonts/07/char_0298.png
yan_zhenqing_07,yan_zhenqing,業,Fonts/my_fonts/07/char_1224.png
yan_zhenqing_07,yan_zhenqing,業,Fonts/my_fonts/07/char_1466.png
zhiyong_00,zhiyong,所,Fonts/my_fonts/00/char_0299.png
shen_yinmo_01,shen_yinmo,所,Fonts/my_fonts/01/font_00_0015.png
shen_yinmo_01,shen_yinmo,所,Fonts/my_fonts/01/font_00_0403.png
shen_yinmo_01,shen_yinmo,所,Fonts/my_fonts/01/font_00_0435.png
shen_yinmo_01,shen_yinmo,所,Fonts/my_fonts/01/font_00_0548.png
shen_yinmo_01,shen_yinmo,所,Fonts/my_fonts/01/font_00_0677.png
shen_yinmo_01,shen_yinmo,所,Fonts/my_fonts/01/font_00_0720.png
liu_gongquan_02,liu_gongquan,所,Fonts/my_fonts/02/char_0322.png
liu_gongquan_02,liu_gongquan,所,Fonts/my_fonts/02/char_0714.png
liu_gongquan_02,liu_gongquan,所,Fonts/my_fonts/02/char_1278.png
liu_gongquan_02,liu_gongquan,所,Fonts/my_fonts/02/char_1500.png
ouyang_xun_03,ouyang_xun,所,Fonts/my_fonts/03/char_0155.png
ouyang_xun_03,ouyang_xun,所,Fonts/my_fonts/03/char_0431.png
ouyang_xun_03,ouyang_xun,所,Fonts/my_fonts/03/char_0480.png
ouyang_xun_03,ouyang_xun,所,Fonts/my_fonts/03/char_0802.png
zhao_mengfu_04,zhao_mengfu,所,Fonts/my_fonts/04/char_0104.png
zhao_mengfu_04,zhao_mengfu,所,Fonts/my_fonts/04/char_0320.png
zhao_mengfu_04,zhao_mengfu,所,Fonts/my_fonts/04/char_0368.png
zhao_mengfu_04,zhao_mengfu,所,Fonts/my_fonts/04/char_0374.png
yan_zhenqing_07,yan_zhenqing,所,Fonts/my_fonts/07/char_0529.png
yan_zhenqing_07,yan_zhenqing,所,Fonts/my_fonts/07/char_0594.png
yan_zhenqing_07,yan_zhenqing,所,Fonts/my_fonts/07/char_0939.png
yan_zhenqing_07,yan_zhenqing,所,Fonts/my_fonts/07/char_1161.png
yan_zhenqing_07,yan_zhenqing,所,Fonts/my_fonts/07/char_1763.png
shen_yinmo_09,shen_yinmo,所,Fonts/my_fonts/09/char_0145.png
zhiyong_00,zhiyong,基,Fonts/my_fonts/00/char_0300.png
yu_shinan_06,yu_shinan,基,Fonts/my_fonts/06/char_0029.png
zhiyong_00,zhiyong,籍,Fonts/my_fonts/00/char_0301.png
liu_gongquan_02,liu_gongquan,籍,Fonts/my_fonts/02/char_0320.png
zhiyong_00,zhiyong,甚,Fonts/my_fonts/00/char_0302.png
ouyang_xun_03,ouyang_xun,甚,Fonts/my_fonts/03/char_0286.png
ouyang_xun_03,ouyang_xun,甚,Fonts/my_fonts/03/char_0381.png
zhao_mengfu_04,zhao_mengfu,甚,Fonts/my_fonts/04/char_0100.png
zhiyong_00,zhiyong,無,Fonts/my_fonts/00/char_0303.png
shen_yinmo_01,shen_yinmo,無,Fonts/my_fonts/01/font_00_0133.png
shen_yinmo_01,shen_yinmo,無,Fonts/my_fonts/01/font_00_0262.png
shen_yinmo_01,shen_yinmo,無,Fonts/my_fonts/01/font_00_0556.png
liu_gongquan_02,liu_gongquan,無,Fonts/my_fonts/02/char_0470.png
liu_gongquan_02,liu_gongquan,無,Fonts/my_fonts/02/char_0645.png
liu_gongquan_02,liu_gongquan,無,Fonts/my_fonts/02/char_0735.png
liu_gongquan_02,liu_gongquan,無,Fonts/my_fonts/02/char_1207.png
ouyang_xun_03,ouyang_xun,無,Fonts/my_fonts/03/char_0136.png
ouyang_xun_03,ouyang_xun,無,Fonts/my_fonts/03/char_0435.png
ouyang_xun_03,ouyang_xun,無,Fonts/my_fonts/03/char_0470.png
ouyang_xun_03,ouyang_xun,無,Fonts/my_fonts/03/char_0903.png
ouyang_xun_03,ouyang_xun,無,Fonts/my_fonts/03/char_0986.png
ouyang_xun_03,ouyang_xun,無,Fonts/my_fonts/03/char_1019.png
zhao_mengfu_04,zhao_mengfu,無,Fonts/my_fonts/04/char_0066.png
zhao_mengfu_04,zhao_mengfu,無,Fonts/my_fonts/04/char_0074.png
zhao_mengfu_04,zhao_mengfu,無,Fonts/my_fonts/04/char_0293.png
zhao_mengfu_04,zhao_mengfu,無,Fonts/my_fonts/04/char_0296.png
yan_zhenqing_07,yan_zhenqing,無,Fonts/my_fonts/07/char_0118.png
yan_zhenqing_07,yan_zhenqing,無,Fonts/my_fonts/07/char_0134.png
yan_zhenqing_07,yan_zhenqing,無,Fonts/my_fonts/07/char_0252.png
yan_zhenqing_07,yan_zhenqing,無,Fonts/my_fonts/07/char_0468.png
yan_zhenqing_07,yan_zhenqing,無,Fonts/my_fonts/07/char_0992.png
yan_zhenqing_07,yan_zhenqing,無,Fonts/my_fonts/07/char_1056.png
yan_zhenqing_07,yan_zhenqing,無,Fonts/my_fonts/07/char_1186.png
yan_zhenqing_07,yan_zhenqing,無,Fonts/my_fonts/07/char_1199.png
yan_zhenqing_07,yan_zhenqing,無,Fonts/my_fonts/07/char_1715.png
yan_zhenqing_07,yan_zhenqing,無,Fonts/my_fonts/07/char_1750.png
yan_zhenqing_07,yan_zhenqing,無,Fonts/my_fonts/07/char_1895.png
yan_zhenqing_07,yan_zhenqing,無,Fonts/my_fonts/07/char_1903.png
yan_zhenqing_07,yan_zhenqing,無,Fonts/my_fonts/07/char_1947.png
shen_yinmo_09,shen_yinmo,無,Fonts/my_fonts/09/char_0085.png
shen_yinmo_09,shen_yinmo,無,Fonts/my_fonts/09/char_0087.png
shen_yinmo_09,shen_yinmo,無,Fonts/my_fonts/09/char_0092.png
shen_yinmo_09,shen_yinmo,無,Fonts/my_fonts/09/char_0099.png
shen_yinmo_09,shen_yinmo,無,Fonts/my_fonts/09/char_0106.png
shen_yinmo_09,shen_yinmo,無,Fonts/my_fonts/09/char_0111.png
shen_yinmo_09,shen_yinmo,無,Fonts/my_fonts/09/char_0115.png
shen_yinmo_09,shen_yinmo,無,Fonts/my_fonts/09/char_0116.png
shen_yinmo_09,shen_yinmo,無,Fonts/my_fonts/09/char_0119.png
shen_yinmo_09,shen_yinmo,無,Fonts/my_fonts/09/char_0120.png
shen_yinmo_09,shen_yinmo,無,Fonts/my_fonts/09/char_0125.png
shen_yinmo_09,shen_yinmo,無,Fonts/my_fonts/09/char_0129.png
shen_yinmo_09,shen_yinmo,無,Fonts/my_fonts/09/char_0133.png
shen_yinmo_09,shen_yinmo,無,Fonts/my_fonts/09/char_0138.png
shen_yinmo_09,shen_yinmo,無,Fonts/my_fonts/09/char_0141.png
shen_yinmo_09,shen_yinmo,無,Fonts/my_fonts/09/char_0144.png
shen_yinmo_09,shen_yinmo,無,Fonts/my_fonts/09/char_0161.png
shen_yinmo_09,shen_yinmo,無,Fonts/my_fonts/09/char_0164.png
shen_yinmo_09,shen_yinmo,無,Fonts/my_fonts/09/char_0168.png
shen_yinmo_09,shen_yinmo,無,Fonts/my_fonts/09/char_0221.png
shen_yinmo_09,shen_yinmo,無,Fonts/my_fonts/09/char_0225.png
zhiyong_00,zhiyong,竟,Fonts/my_fonts/00/char_0304.png
shen_yinmo_08,shen_yinmo,竟,Fonts/my_fonts/08/char_0282.png
shen_yinmo_09,shen_yinmo,竟,Fonts/my_fonts/09/char_0179.png
shen_yinmo_10,shen_yinmo,竟,Fonts/my_fonts/10/char_0293.png
zhiyong_00,zhiyong,學,Fonts/my_fonts/00/char_0305.png
shen_yinmo_01,shen_yinmo,學,Fonts/my_fonts/01/font_00_0337.png
shen_yinmo_01,shen_yinmo,學,Fonts/my_fonts/01/font_00_0465.png
shen_yinmo_01,shen_yinmo,學,Fonts/my_fonts/01/font_00_0582.png
shen_yinmo_01,shen_yinmo,學,Fonts/my_fonts/01/font_00_0699.png
liu_gongquan_02,liu_gongquan,學,Fonts/my_fonts/02/char_0107.png
liu_gongquan_02,liu_gongquan,學,Fonts/my_fonts/02/char_0130.png
liu_gongquan_02,liu_gongquan,學,Fonts/my_fonts/02/char_0147.png
liu_gongquan_02,liu_gongquan,學,Fonts/my_fonts/02/char_0280.png
liu_gongquan_02,liu_gongquan,學,Fonts/my_fonts/02/char_0423.png
liu_gongquan_02,liu_gongquan,學,Fonts/my_fonts/02/char_0432.png
liu_gongquan_02,liu_gongquan,學,Fonts/my_fonts/02/char_0436.png
liu_gongquan_02,liu_gongquan,學,Fonts/my_fonts/02/char_0449.png
liu_gongquan_02,liu_gongquan,學,Fonts/my_fonts/02/char_0462.png
liu_gongquan_02,liu_gongquan,學,Fonts/my_fonts/02/char_0506.png
liu_gongquan_02,liu_gongquan,學,Fonts/my_fonts/02/char_0514.png
liu_gongquan_02,liu_gongquan,學,Fonts/my_fonts/02/char_0544.png
liu_gongquan_02,liu_gongquan,學,Fonts/my_fonts/02/char_0745.png
liu_gongquan_02,liu_gongquan,學,Fonts/my_fonts/02/char_0829.png
liu_gongquan_02,liu_gongquan,學,Fonts/my_fonts/02/char_1000.png
liu_gongquan_02,liu_gongquan,學,Fonts/my_fonts/02/char_1465.png
liu_gongquan_02,liu_gongquan,學,Fonts/my_fonts/02/char_1472.png
liu_gongquan_02,liu_gongquan,學,Fonts/my_fonts/02/char_1560.png
liu_gongquan_02,liu_gongquan,學,Fonts/my_fonts/02/char_1573.png
ouyang_xun_03,ouyang_xun,學,Fonts/my_fonts/03/char_0801.png
zhao_mengfu_04,zhao_mengfu,學,Fonts/my_fonts/04/char_0474.png
zhao_mengfu_04,zhao_mengfu,學,Fonts/my_fonts/04/char_0486.png
yu_shinan_06,yu_shinan,學,Fonts/my_fonts/06/char_0192.png
yan_zhenqing_07,yan_zhenqing,學,Fonts/my_fonts/07/char_0816.png
yan_zhenqing_07,yan_zhenqing,學,Fonts/my_fonts/07/char_1836.png
shen_yinmo_08,shen_yinmo,學,Fonts/my_fonts/08/char_0215.png
shen_yinmo_08,shen_yinmo,學,Fonts/my_fonts/08/char_0231.png
shen_yinmo_08,shen_yinmo,學,Fonts/my_fonts/08/char_0419.png
shen_yinmo_08,shen_yinmo,學,Fonts/my_fonts/08/char_0479.png
shen_yinmo_08,shen_yinmo,學,Fonts/my_fonts/08/char_0497.png
shen_yinmo_10,shen_yinmo,學,Fonts/my_fonts/10/char_0238.png
shen_yinmo_10,shen_yinmo,學,Fonts/my_fonts/10/char_0255.png
shen_yinmo_10,shen_yinmo,學,Fonts/my_fonts/10/char_0430.png
shen_yinmo_10,shen_yinmo,學,Fonts/my_fonts/10/char_0488.png
shen_yinmo_10,shen_yinmo,學,Fonts/my_fonts/10/char_0507.png
zhiyong_00,zhiyong,優,Fonts/my_fonts/00/char_0306.png
shen_yinmo_01,shen_yinmo,優,Fonts/my_fonts/01/font_00_0338.png
liu_gongquan_02,liu_gongquan,優,Fonts/my_fonts/02/char_0285.png
liu_gongquan_02,liu_gongquan,優,Fonts/my_fonts/02/char_0451.png
zhiyong_00,zhiyong,登,Fonts/my_fonts/00/char_0307.png
ouyang_xun_03,ouyang_xun,登,Fonts/my_fonts/03/char_0865.png
yan_zhenqing_07,yan_zhenqing,登,Fonts/my_fonts/07/char_0498.png
yan_zhenqing_07,yan_zhenqing,登,Fonts/my_fonts/07/char_0499.png
zhiyong_00,zhiyong,仕,Fonts/my_fonts/00/char_0308.png
liu_gongquan_02,liu_gongquan,仕,Fonts/my_fonts/02/char_0138.png
liu_gongquan_02,liu_gongquan,仕,Fonts/my_fonts/02/char_0240.png
liu_gongquan_02,liu_gongquan,仕,Fonts/my_fonts/02/char_0754.png
liu_gongquan_02,liu_gongquan,仕,Fonts/my_fonts/02/char_1443.png
zhiyong_00,zhiyong,攝,Fonts/my_fonts/00/char_0309.png
liu_gongquan_02,liu_gongquan,攝,Fonts/my_fonts/02/char_0929.png
zhiyong_00,zhiyong,職,Fonts/my_fonts/00/char_0310.png
liu_gongquan_02,liu_gongquan,職,Fonts/my_fonts/02/char_0288.png
ouyang_xun_03,ouyang_xun,職,Fonts/my_fonts/03/char_0807.png
zhiyong_00,zhiyong,從,Fonts/my_fonts/00/char_0311.png
liu_gongquan_02,liu_gongquan,從,Fonts/my_fonts/02/char_0332.png
liu_gongquan_02,liu_gongquan,從,Fonts/my_fonts/02/char_0776.png
liu_gongquan_02,liu_gongquan,從,Fonts/my_fonts/02/char_1516.png
ouyang_xun_03,ouyang_xun,從,Fonts/my_fonts/03/char_0124.png
ouyang_xun_03,ouyang_xun,從,Fonts/my_fonts/03/char_0339.png
yu_shinan_06,yu_shinan,從,Fonts/my_fonts/06/char_0106.png
yan_zhenqing_07,yan_zhenqing,從,Fonts/my_fonts/07/char_0226.png
shen_yinmo_08,shen_yinmo,從,Fonts/my_fonts/08/char_0467.png
shen_yinmo_10,shen_yinmo,從,Fonts/my_fonts/10/char_0476.png
zhiyong_00,zhiyong,政,Fonts/my_fonts/00/char_0312.png
liu_gongquan_02,liu_gongquan,政,Fonts/my_fonts/02/char_1377.png
zhiyong_00,zhiyong,以,Fonts/my_fonts/00/char_0314.png
shen_yinmo_01,shen_yinmo,以,Fonts/my_fonts/01/font_00_0066.png
shen_yinmo_01,shen_yinmo,以,Fonts/my_fonts/01/font_00_0197.png
shen_yinmo_01,shen_yinmo,以,Fonts/my_fonts/01/font_00_0205.png
shen_yinmo_01,shen_yinmo,以,Fonts/my_fonts/01/font_00_0334.png
shen_yinmo_01,shen_yinmo,以,Fonts/my_fonts/01/font_00_0378.png
shen_yinmo_01,shen_yinmo,以,Fonts/my_fonts/01/font_00_0482.png
shen_yinmo_01,shen_yinmo,以,Fonts/my_fonts/01/font_00_0561.png
shen_yinmo_01,shen_yinmo,以,Fonts/my_fonts/01/font_00_0574.png
shen_yinmo_01,shen_yinmo,以,Fonts/my_fonts/01/font_00_0647.png
shen_yinmo_01,shen_yinmo,以,Fonts/my_fonts/01/font_00_0751.png
shen_yinmo_01,shen_yinmo,以,Fonts/my_fonts/01/font_00_0847.png
liu_gongquan_02,liu_gongquan,以,Fonts/my_fonts/02/char_0550.png
liu_gongquan_02,liu_gongquan,以,Fonts/my_fonts/02/char_0611.png
liu_gongquan_02,liu_gongquan,以,Fonts/my_fonts/02/char_0747.png
liu_gongquan_02,liu_gongquan,以,Fonts/my_fonts/02/char_0778.png
liu_gongquan_02,liu_gongquan,以,Fonts/my_fonts/02/char_0815.png
liu_gongquan_02,liu_gongquan,以,Fonts/my_fonts/02/char_0998.png
liu_gongquan_02,liu_gongquan,以,Fonts/my_fonts/02/char_1137.png
liu_gongquan_02,liu_gongquan,以,Fonts/my_fonts/02/char_1492.png
liu_gongquan_02,liu_gongquan,以,Fonts/my_fonts/02/char_1555.png
liu_gongquan_02,liu_gongquan,以,Fonts/my_fonts/02/char_1589.png
ouyang_xun_03,ouyang_xun,以,Fonts/my_fonts/03/char_0122.png
ouyang_xun_03,ouyang_xun,以,Fonts/my_fonts/03/char_0189.png
ouyang_xun_03,ouyang_xun,以,Fonts/my_fonts/03/char_0196.png
ouyang_xun_03,ouyang_xun,以,Fonts/my_fonts/03/char_0340.png
ouyang_xun_03,ouyang_xun,以,Fonts/my_fonts/03/char_0389.png
ouyang_xun_03,ouyang_xun,以,Fonts/my_fonts/03/char_0395.png
ouyang_xun_03,ouyang_xun,以,Fonts/my_fonts/03/char_0489.png
ouyang_xun_03,ouyang_xun,以,Fonts/my_fonts/03/char_0531.png
ouyang_xun_03,ouyang_xun,以,Fonts/my_fonts/03/char_0543.png
ouyang_xun_03,ouyang_xun,以,Fonts/my_fonts/03/char_0587.png
ouyang_xun_03,ouyang_xun,以,Fonts/my_fonts/03/char_0593.png
ouyang_xun_03,ouyang_xun,以,Fonts/my_fonts/03/char_0615.png
ouyang_xun_03,ouyang_xun,以,Fonts/my_fonts/03/char_0748.png
ouyang_xun_03,ouyang_xun,以,Fonts/my_fonts/03/char_0777.png
ouyang_xun_03,ouyang_xun,以,Fonts/my_fonts/03/char_1067.png
zhao_mengfu_04,zhao_mengfu,以,Fonts/my_fonts/04/char_0067.png
zhao_mengfu_04,zhao_mengfu,以,Fonts/my_fonts/04/char_0075.png
zhao_mengfu_04,zhao_mengfu,以,Fonts/my_fonts/04/char_0165.png
zhao_mengfu_04,zhao_mengfu,以,Fonts/my_fonts/04/char_0207.png
zhao_mengfu_04,zhao_mengfu,以,Fonts/my_fonts/04/char_0212.png
zhao_mengfu_04,zhao_mengfu,以,Fonts/my_fonts/04/char_0217.png
zhao_mengfu_04,zhao_mengfu,以,Fonts/my_fonts/04/char_0229.png
yu_shinan_06,yu_shinan,以,Fonts/my_fonts/06/char_0134.png
yu_shinan_06,yu_shinan,以,Fonts/my_fonts/06/char_0162.png
yu_shinan_06,yu_shinan,以,Fonts/my_fonts/06/char_0220.png
yu_shinan_06,yu_shinan,以,Fonts/my_fonts/06/char_0245.png
yu_shinan_06,yu_shinan,以,Fonts/my_fonts/06/char_0265.png
yan_zhenqing_07,yan_zhenqing,以,Fonts/my_fonts/07/char_0351.png
yan_zhenqing_07,yan_zhenqing,以,Fonts/my_fonts/07/char_0445.png
yan_zhenqing_07,yan_zhenqing,以,Fonts/my_fonts/07/char_0507.png
yan_zhenqing_07,yan_zhenqing,以,Fonts/my_fonts/07/char_0511.png
yan_zhenqing_07,yan_zhenqing,以,Fonts/my_fonts/07/char_0593.png
yan_zhenqing_07,yan_zhenqing,以,Fonts/my_fonts/07/char_0844.png
yan_zhenqing_07,yan_zhenqing,以,Fonts/my_fonts/07/char_0898.png
yan_zhenqing_07,yan_zhenqing,以,Fonts/my_fonts/07/char_1029.png
yan_zhenqing_07,yan_zhenqing,以,Fonts/my_fonts/07/char_1187.png
yan_zhenqing_07,yan_zhenqing,以,Fonts/my_fonts/07/char_1200.png
yan_zhenqing_07,yan_zhenqing,以,Fonts/my_fonts/07/char_1246.png
yan_zhenqing_07,yan_zhenqing,以,Fonts/my_fonts/07/char_1264.png
yan_zhenqing_07,yan_zhenqing,以,Fonts/my_fonts/07/char_1299.png
yan_zhenqing_07,yan_zhenqing,以,Fonts/my_fonts/07/char_1434.png
yan_zhenqing_07,yan_zhenqing,以,Fonts/my_fonts/07/char_1456.png
yan_zhenqing_07,yan_zhenqing,以,Fonts/my_fonts/07/char_1562.png
yan_zhenqing_07,yan_zhenqing,以,Fonts/my_fonts/07/char_1671.png
yan_zhenqing_07,yan_zhenqing,以,Fonts/my_fonts/07/char_1677.png
shen_yinmo_08,shen_yinmo,以,Fonts/my_fonts/08/char_0519.png
shen_yinmo_09,shen_yinmo,以,Fonts/my_fonts/09/char_0143.png
zhiyong_00,zhiyong,甘,Fonts/my_fonts/00/char_0315.png
ouyang_xun_03,ouyang_xun,甘,Fonts/my_fonts/03/char_0164.png
ouyang_xun_03,ouyang_xun,甘,Fonts/my_fonts/03/char_0555.png
ouyang_xun_03,ouyang_xun,甘,Fonts/my_fonts/03/char_1008.png
zhiyong_00,zhiyong,去,Fonts/my_fonts/00/char_0317.png
ouyang_xun_03,ouyang_xun,去,Fonts/my_fonts/03/char_0378.png
yan_zhenqing_07,yan_zhenqing,去,Fonts/my_fonts/07/char_0861.png
zhiyong_00,zhiyong,而,Fonts/my_fonts/00/char_0318.png
shen_yinmo_01,shen_yinmo,而,Fonts/my_fonts/01/font_00_0119.png
shen_yinmo_01,shen_yinmo,而,Fonts/my_fonts/01/font_00_0202.png
shen_yinmo_01,shen_yinmo,而,Fonts/my_fonts/01/font_00_0339.png
shen_yinmo_01,shen_yinmo,而,Fonts/my_fonts/01/font_00_0445.png
shen_yinmo_01,shen_yinmo,而,Fonts/my_fonts/01/font_00_0530.png
liu_gongquan_02,liu_gongquan,而,Fonts/my_fonts/02/char_0068.png
liu_gongquan_02,liu_gongquan,而,Fonts/my_fonts/02/char_0300.png
liu_gongquan_02,liu_gongquan,而,Fonts/my_fonts/02/char_0660.png
liu_gongquan_02,liu_gongquan,而,Fonts/my_fonts/02/char_1510.png
ouyang_xun_03,ouyang_xun,而,Fonts/my_fonts/03/char_0469.png
ouyang_xun_03,ouyang_xun,而,Fonts/my_fonts/03/char_0530.png
ouyang_xun_03,ouyang_xun,而,Fonts/my_fonts/03/char_0538.png
ouyang_xun_03,ouyang_xun,而,Fonts/my_fonts/03/char_0764.png
ouyang_xun_03,ouyang_xun,而,Fonts/my_fonts/03/char_0919.png
ouyang_xun_03,ouyang_xun,而,Fonts/my_fonts/03/char_0923.png
zhao_mengfu_04,zhao_mengfu,而,Fonts/my_fonts/04/char_0009.png
zhao_mengfu_04,zhao_mengfu,而,Fonts/my_fonts/04/char_0023.png
zhao_mengfu_04,zhao_mengfu,而,Fonts/my_fonts/04/char_0097.png
zhao_mengfu_04,zhao_mengfu,而,Fonts/my_fonts/04/char_0304.png
zhao_mengfu_04,zhao_mengfu,而,Fonts/my_fonts/04/char_0314.png
zhao_mengfu_04,zhao_mengfu,而,Fonts/my_fonts/04/char_0407.png
yu_shinan_06,yu_shinan,而,Fonts/my_fonts/06/char_0030.png
yu_shinan_06,yu_shinan,而,Fonts/my_fonts/06/char_0044.png
yu_shinan_06,yu_shinan,而,Fonts/my_fonts/06/char_0107.png
yu_shinan_06,yu_shinan,而,Fonts/my_fonts/06/char_0115.png
yu_shinan_06,yu_shinan,而,Fonts/my_fonts/06/char_0172.png
yu_shinan_06,yu_shinan,而,Fonts/my_fonts/06/char_0193.png
yu_shinan_06,yu_shinan,而,Fonts/my_fonts/06/char_0200.png
yu_shinan_06,yu_shinan,而,Fonts/my_fonts/06/char_0210.png
yu_shinan_06,yu_shinan,而,Fonts/my_fonts/06/char_0275.png
yu_shinan_06,yu_shinan,而,Fonts/my_fonts/06/char_0310.png
yan_zhenqing_07,yan_zhenqing,而,Fonts/my_fonts/07/char_0117.png
yan_zhenqing_07,yan_zhenqing,而,Fonts/my_fonts/07/char_0125.png
yan_zhenqing_07,yan_zhenqing,而,Fonts/my_fonts/07/char_0255.png
yan_zhenqing_07,yan_zhenqing,而,Fonts/my_fonts/07/char_0328.png
yan_zhenqing_07,yan_zhenqing,而,Fonts/my_fonts/07/char_0409.png
yan_zhenqing_07,yan_zhenqing,而,Fonts/my_fonts/07/char_0635.png
yan_zhenqing_07,yan_zhenqing,而,Fonts/my_fonts/07/char_1039.png
yan_zhenqing_07,yan_zhenqing,而,Fonts/my_fonts/07/char_1252.png
yan_zhenqing_07,yan_zhenqing,而,Fonts/my_fonts/07/char_1306.png
yan_zhenqing_07,yan_zhenqing,而,Fonts/my_fonts/07/char_1523.png
yan_zhenqing_07,yan_zhenqing,而,Fonts/my_fonts/07/char_1605.png
shen_yinmo_08,shen_yinmo,而,Fonts/my_fonts/08/char_0326.png
shen_yinmo_08,shen_yinmo,而,Fonts/my_fonts/08/char_0350.png
shen_yinmo_10,shen_yinmo,而,Fonts/my_fonts/10/char_0168.png
shen_yinmo_10,shen_yinmo,而,Fonts/my_fonts/10/char_0337.png
shen_yinmo_10,shen_yinmo,而,Fonts/my_fonts/10/char_0361.png
zhiyong_00,zhiyong,益,Fonts/my_fonts/00/char_0319.png
shen_yinmo_01,shen_yinmo,益,Fonts/my_fonts/01/font_00_0741.png
shen_yinmo_01,shen_yinmo,益,Fonts/my_fonts/01/font_00_0880.png
liu_gongquan_02,liu_gongquan,益,Fonts/my_fonts/02/char_1460.png
yu_shinan_06,yu_shinan,益,Fonts/my_fonts/06/char_0201.png
zhiyong_00,zhiyong,樂,Fonts/my_fonts/00/char_0321.png
shen_yinmo_01,shen_yinmo,樂,Fonts/my_fonts/01/font_00_0203.png
ouyang_xun_03,ouyang_xun,樂,Fonts/my_fonts/03/char_1041.png
zhao_mengfu_04,zhao_mengfu,樂,Fonts/my_fonts/04/char_0386.png
yu_shinan_06,yu_shinan,樂,Fonts/my_fonts/06/char_0292.png
yan_zhenqing_07,yan_zhenqing,樂,Fonts/my_fonts/07/char_0541.png
zhiyong_00,zhiyong,殊,Fonts/my_fonts/00/char_0322.png
shen_yinmo_01,shen_yinmo,殊,Fonts/my_fonts/01/font_00_0402.png
yan_zhenqing_07,yan_zhenqing,殊,Fonts/my_fonts/07/char_0146.png
zhiyong_00,zhiyong,貴,Fonts/my_fonts/00/char_0323.png
ouyang_xun_03,ouyang_xun,貴,Fonts/my_fonts/03/char_0361.png
ouyang_xun_03,ouyang_xun,貴,Fonts/my_fonts/03/char_1048.png
zhiyong_00,zhiyong,禮,Fonts/my_fonts/00/char_0325.png
liu_gongquan_02,liu_gongquan,禮,Fonts/my_fonts/02/char_0039.png
liu_gongquan_02,liu_gongquan,禮,Fonts/my_fonts/02/char_0487.png
liu_gongquan_02,liu_gongquan,禮,Fonts/my_fonts/02/char_0508.png
liu_gongquan_02,liu_gongquan,禮,Fonts/my_fonts/02/char_0693.png
liu_gongquan_02,liu_gongquan,禮,Fonts/my_fonts/02/char_1403.png
ouyang_xun_03,ouyang_xun,禮,Fonts/my_fonts/03/char_0632.png
ouyang_xun_03,ouyang_xun,禮,Fonts/my_fonts/03/char_0646.png
yan_zhenqing_07,yan_zhenqing,禮,Fonts/my_fonts/07/char_0192.png
yan_zhenqing_07,yan_zhenqing,禮,Fonts/my_fonts/07/char_0600.png
zhiyong_00,zhiyong,別,Fonts/my_fonts/00/char_0326.png
shen_yinmo_08,shen_yinmo,別,Fonts/my_fonts/08/char_0236.png
shen_yinmo_10,shen_yinmo,別,Fonts/my_fonts/10/char_0260.png
zhiyong_00,zhiyong,尊,Fonts/my_fonts/00/char_0327.png
yan_zhenqing_07,yan_zhenqing,尊,Fonts/my_fonts/07/char_1356.png
zhiyong_00,zhiyong,卑,Fonts/my_fonts/00/char_0328.png
ouyang_xun_03,ouyang_xun,卑,Fonts/my_fonts/03/char_0422.png
yan_zhenqing_07,yan_zhenqing,卑,Fonts/my_fonts/07/char_1410.png
zhiyong_00,zhiyong,上,Fonts/my_fonts/00/char_0329.png
shen_yinmo_01,shen_yinmo,上,Fonts/my_fonts/01/font_00_0246.png
shen_yinmo_01,shen_yinmo,上,Fonts/my_fonts/01/font_00_0375.png
shen_yinmo_01,shen_yinmo,上,Fonts/my_fonts/01/font_00_0874.png
liu_gongquan_02,liu_gongquan,上,Fonts/my_fonts/02/char_0016.png
liu_gongquan_02,liu_gongquan,上,Fonts/my_fonts/02/char_0636.png
ouyang_xun_03,ouyang_xun,上,Fonts/my_fonts/03/char_0321.png
ouyang_xun_03,ouyang_xun,上,Fonts/my_fonts/03/char_0501.png
ouyang_xun_03,ouyang_xun,上,Fonts/my_fonts/03/char_0664.png
ouyang_xun_03,ouyang_xun,上,Fonts/my_fonts/03/char_0789.png
ouyang_xun_03,ouyang_xun,上,Fonts/my_fonts/03/char_0905.png
ouyang_xun_03,ouyang_xun,上,Fonts/my_fonts/03/char_0933.png
ouyang_xun_03,ouyang_xun,上,Fonts/my_fonts/03/char_0989.png
ouyang_xun_03,ouyang_xun,上,Fonts/my_fonts/03/char_0993.png
yu_shinan_06,yu_shinan,上,Fonts/my_fonts/06/char_0110.png
yan_zhenqing_07,yan_zhenqing,上,Fonts/my_fonts/07/char_0973.png
yan_zhenqing_07,yan_zhenqing,上,Fonts/my_fonts/07/char_1072.png
yan_zhenqing_07,yan_zhenqing,上,Fonts/my_fonts/07/char_1166.png
yan_zhenqing_07,yan_zhenqing,上,Fonts/my_fonts/07/char_1194.png
yan_zhenqing_07,yan_zhenqing,上,Fonts/my_fonts/07/char_1249.png
yan_zhenqing_07,yan_zhenqing,上,Fonts/my_fonts/07/char_1770.png
yan_zhenqing_07,yan_zhenqing,上,Fonts/my_fonts/07/char_1896.png
shen_yinmo_08,shen_yinmo,上,Fonts/my_fonts/08/char_0082.png
shen_yinmo_09,shen_yinmo,上,Fonts/my_fonts/09/char_0222.png
shen_yinmo_10,shen_yinmo,上,Fonts/my_fonts/10/char_0103.png
zhiyong_00,zhiyong,和,Fonts/my_fonts/00/char_0330.png
liu_gongquan_02,liu_gongquan,和,Fonts/my_fonts/02/char_0221.png
liu_gongquan_02,liu_gongquan,和,Fonts/my_fonts/02/char_1375.png
ouyang_xun_03,ouyang_xun,和,Fonts/my_fonts/03/char_0239.png
ouyang_xun_03,ouyang_xun,和,Fonts/my_fonts/03/char_0687.png
shen_yinmo_08,shen_yinmo,和,Fonts/my_fonts/08/char_0527.png
zhiyong_00,zhiyong,下,Fonts/my_fonts/00/char_0331.png
liu_gongquan_02,liu_gongquan,下,Fonts/my_fonts/02/char_0585.png
liu_gongquan_02,liu_gongquan,下,Fonts/my_fonts/02/char_0976.png
liu_gongquan_02,liu_gongquan,下,Fonts/my_fonts/02/char_1499.png
liu_gongquan_02,liu_gongquan,下,Fonts/my_fonts/02/char_1511.png
ouyang_xun_03,ouyang_xun,下,Fonts/my_fonts/03/char_0089.png
ouyang_xun_03,ouyang_xun,下,Fonts/my_fonts/03/char_0309.png
ouyang_xun_03,ouyang_xun,下,Fonts/my_fonts/03/char_0520.png
ouyang_xun_03,ouyang_xun,下,Fonts/my_fonts/03/char_0668.png
ouyang_xun_03,ouyang_xun,下,Fonts/my_fonts/03/char_1000.png
ouyang_xun_03,ouyang_xun,下,Fonts/my_fonts/03/char_1050.png
zhao_mengfu_04,zhao_mengfu,下,Fonts/my_fonts/04/char_0289.png
yan_zhenqing_07,yan_zhenqing,下,Fonts/my_fonts/07/char_0307.png
yan_zhenqing_07,yan_zhenqing,下,Fonts/my_fonts/07/char_0410.png
yan_zhenqing_07,yan_zhenqing,下,Fonts/my_fonts/07/char_0714.png
yan_zhenqing_07,yan_zhenqing,下,Fonts/my_fonts/07/char_0733.png
yan_zhenqing_07,yan_zhenqing,下,Fonts/my_fonts/07/char_0884.png
yan_zhenqing_07,yan_zhenqing,下,Fonts/my_fonts/07/char_1045.png
yan_zhenqing_07,yan_zhenqing,下,Fonts/my_fonts/07/char_1243.png
shen_yinmo_08,shen_yinmo,下,Fonts/my_fonts/08/char_0083.png
shen_yinmo_08,shen_yinmo,下,Fonts/my_fonts/08/char_0198.png
shen_yinmo_08,shen_yinmo,下,Fonts/my_fonts/08/char_0447.png
shen_yinmo_08,shen_yinmo,下,Fonts/my_fonts/08/char_0457.png
shen_yinmo_10,shen_yinmo,下,Fonts/my_fonts/10/char_0104.png
shen_yinmo_10,shen_yinmo,下,Fonts/my_fonts/10/char_0221.png
shen_yinmo_10,shen_yinmo,下,Fonts/my_fonts/10/char_0457.png
shen_yinmo_10,shen_yinmo,下,Fonts/my_fonts/10/char_0467.png
zhiyong_00,zhiyong,夫,Fonts/my_fonts/00/char_0333.png
liu_gongquan_02,liu_gongquan,夫,Fonts/my_fonts/02/char_0206.png
liu_gongquan_02,liu_gongquan,夫,Fonts/my_fonts/02/char_0344.png
liu_gongquan_02,liu_gongquan,夫,Fonts/my_fonts/02/char_0613.png
liu_gongquan_02,liu_gongquan,夫,Fonts/my_fonts/02/char_0679.png
liu_gongquan_02,liu_gongquan,夫,Fonts/my_fonts/02/char_0687.png
liu_gongquan_02,liu_gongquan,夫,Fonts/my_fonts/02/char_1576.png
ouyang_xun_03,ouyang_xun,夫,Fonts/my_fonts/03/char_0324.png
zhao_mengfu_04,zhao_mengfu,夫,Fonts/my_fonts/04/char_0142.png
zhao_mengfu_04,zhao_mengfu,夫,Fonts/my_fonts/04/char_0346.png
zhao_mengfu_04,zhao_mengfu,夫,Fonts/my_fonts/04/char_0479.png
yan_zhenqing_07,yan_zhenqing,夫,Fonts/my_fonts/07/char_0041.png
yan_zhenqing_07,yan_zhenqing,夫,Fonts/my_fonts/07/char_1051.png
yan_zhenqing_07,yan_zhenqing,夫,Fonts/my_fonts/07/char_1475.png
yan_zhenqing_07,yan_zhenqing,夫,Fonts/my_fonts/07/char_1695.png
yan_zhenqing_07,yan_zhenqing,夫,Fonts/my_fonts/07/char_1989.png
shen_yinmo_08,shen_yinmo,夫,Fonts/my_fonts/08/char_0004.png
shen_yinmo_08,shen_yinmo,夫,Fonts/my_fonts/08/char_0037.png
shen_yinmo_08,shen_yinmo,夫,Fonts/my_fonts/08/char_0390.png
shen_yinmo_08,shen_yinmo,夫,Fonts/my_fonts/08/char_0421.png
shen_yinmo_08,shen_yinmo,夫,Fonts/my_fonts/08/char_0481.png
shen_yinmo_10,shen_yinmo,夫,Fonts/my_fonts/10/char_0001.png
shen_yinmo_10,shen_yinmo,夫,Fonts/my_fonts/10/char_0058.png
shen_yinmo_10,shen_yinmo,夫,Fonts/my_fonts/10/char_0401.png
shen_yinmo_10,shen_yinmo,夫,Fonts/my_fonts/10/char_0432.png
shen_yinmo_10,shen_yinmo,夫,Fonts/my_fonts/10/char_0490.png
zhiyong_00,zhiyong,唱,Fonts/my_fonts/00/char_0334.png
liu_gongquan_02,liu_gongquan,唱,Fonts/my_fonts/02/char_0220.png
zhiyong_00,zhiyong,婦,Fonts/my_fonts/00/char_0335.png
shen_yinmo_01,shen_yinmo,婦,Fonts/my_fonts/01/font_00_0431.png
zhiyong_00,zhiyong,隨,Fonts/my_fonts/00/char_0336.png
ouyang_xun_03,ouyang_xun,隨,Fonts/my_fonts/03/char_0342.png
ouyang_xun_03,ouyang_xun,隨,Fonts/my_fonts/03/char_0537.png
yu_shinan_06,yu_shinan,隨,Fonts/my_fonts/06/char_0089.png
zhiyong_00,zhiyong,外,Fonts/my_fonts/00/char_0337.png
liu_gongquan_02,liu_gongquan,外,Fonts/my_fonts/02/char_0750.png
liu_gongquan_02,liu_gongquan,外,Fonts/my_fonts/02/char_0765.png
liu_gongquan_02,liu_gongquan,外,Fonts/my_fonts/02/char_1267.png
zhao_mengfu_04,zhao_mengfu,外,Fonts/my_fonts/04/char_0039.png
yan_zhenqing_07,yan_zhenqing,外,Fonts/my_fonts/07/char_0030.png
zhiyong_00,zhiyong,受,Fonts/my_fonts/00/char_0338.png
liu_gongquan_02,liu_gongquan,受,Fonts/my_fonts/02/char_0060.png
zhao_mengfu_04,zhao_mengfu,受,Fonts/my_fonts/04/char_0235.png
yan_zhenqing_07,yan_zhenqing,受,Fonts/my_fonts/07/char_1102.png
yan_zhenqing_07,yan_zhenqing,受,Fonts/my_fonts/07/char_1173.png
shen_yinmo_08,shen_yinmo,受,Fonts/my_fonts/08/char_0381.png
shen_yinmo_09,shen_yinmo,受,Fonts/my_fonts/09/char_0053.png
shen_yinmo_09,shen_yinmo,受,Fonts/my_fonts/09/char_0088.png
shen_yinmo_10,shen_yinmo,受,Fonts/my_fonts/10/char_0393.png
zhiyong_00,zhiyong,訓,Fonts/my_fonts/00/char_0340.png
shen_yinmo_01,shen_yinmo,訓,Fonts/my_fonts/01/font_00_0163.png
shen_yinmo_01,shen_yinmo,訓,Fonts/my_fonts/01/font_00_0539.png
liu_gongquan_02,liu_gongquan,訓,Fonts/my_fonts/02/char_0137.png
liu_gongquan_02,liu_gongquan,訓,Fonts/my_fonts/02/char_0314.png
liu_gongquan_02,liu_gongquan,訓,Fonts/my_fonts/02/char_1615.png
ouyang_xun_03,ouyang_xun,訓,Fonts/my_fonts/03/char_0426.png
zhiyong_00,zhiyong,入,Fonts/my_fonts/00/char_0341.png
liu_gongquan_02,liu_gongquan,入,Fonts/my_fonts/02/char_0116.png
liu_gongquan_02,liu_gongquan,入,Fonts/my_fonts/02/char_0781.png
liu_gongquan_02,liu_gongquan,入,Fonts/my_fonts/02/char_0818.png
liu_gongquan_02,liu_gongquan,入,Fonts/my_fonts/02/char_1058.png
zhao_mengfu_04,zhao_mengfu,入,Fonts/my_fonts/04/char_0018.png
zhao_mengfu_04,zhao_mengfu,入,Fonts/my_fonts/04/char_0313.png
zhao_mengfu_04,zhao_mengfu,入,Fonts/my_fonts/04/char_0402.png
yan_zhenqing_07,yan_zhenqing,入,Fonts/my_fonts/07/char_0275.png
yan_zhenqing_07,yan_zhenqing,入,Fonts/my_fonts/07/char_0596.png
yan_zhenqing_07,yan_zhenqing,入,Fonts/my_fonts/07/char_1416.png
yan_zhenqing_07,yan_zhenqing,入,Fonts/my_fonts/07/char_1515.png
yan_zhenqing_07,yan_zhenqing,入,Fonts/my_fonts/07/char_1747.png
shen_yinmo_08,shen_yinmo,入,Fonts/my_fonts/08/char_0026.png
shen_yinmo_08,shen_yinmo,入,Fonts/my_fonts/08/char_0317.png
shen_yinmo_08,shen_yinmo,入,Fonts/my_fonts/08/char_0399.png
shen_yinmo_10,shen_yinmo,入,Fonts/my_fonts/10/char_0047.png
shen_yinmo_10,shen_yinmo,入,Fonts/my_fonts/10/char_0328.png
shen_yinmo_10,shen_yinmo,入,Fonts/my_fonts/10/char_0410.png
zhiyong_00,zhiyong,奉,Fonts/my_fonts/00/char_0342.png
shen_yinmo_01,shen_yinmo,奉,Fonts/my_fonts/01/font_00_0112.png
shen_yinmo_01,shen_yinmo,奉,Fonts/my_fonts/01/font_00_0195.png
shen_yinmo_01,shen_yinmo,奉,Fonts/my_fonts/01/font_00_0696.png
liu_gongquan_02,liu_gongquan,奉,Fonts/my_fonts/02/char_0526.png
liu_gongquan_02,liu_gongquan,奉,Fonts/my_fonts/02/char_1402.png
ouyang_xun_03,ouyang_xun,奉,Fonts/my_fonts/03/char_0021.png
ouyang_xun_03,ouyang_xun,奉,Fonts/my_fonts/03/char_0213.png
ouyang_xun_03,ouyang_xun,奉,Fonts/my_fonts/03/char_1098.png
yan_zhenqing_07,yan_zhenqing,奉,Fonts/my_fonts/07/char_0928.png
yan_zhenqing_07,yan_zhenqing,奉,Fonts/my_fonts/07/char_1069.png
yan_zhenqing_07,yan_zhenqing,奉,Fonts/my_fonts/07/char_1130.png
zhiyong_00,zhiyong,母,Fonts/my_fonts/00/char_0343.png
shen_yinmo_01,shen_yinmo,母,Fonts/my_fonts/01/font_00_0154.png
shen_yinmo_01,shen_yinmo,母,Fonts/my_fonts/01/font_00_0178.png
shen_yinmo_01,shen_yinmo,母,Fonts/my_fonts/01/font_00_0196.png
shen_yinmo_01,shen_yinmo,母,Fonts/my_fonts/01/font_00_0200.png
shen_yinmo_01,shen_yinmo,母,Fonts/my_fonts/01/font_00_0224.png
shen_yinmo_01,shen_yinmo,母,Fonts/my_fonts/01/font_00_0392.png
shen_yinmo_01,shen_yinmo,母,Fonts/my_fonts/01/font_00_0475.png
shen_yinmo_01,shen_yinmo,母,Fonts/my_fonts/01/font_00_0490.png
shen_yinmo_01,shen_yinmo,母,Fonts/my_fonts/01/font_00_0534.png
yan_zhenqing_07,yan_zhenqing,母,Fonts/my_fonts/07/char_0113.png
zhiyong_00,zhiyong,儀,Fonts/my_fonts/00/char_0344.png
shen_yinmo_01,shen_yinmo,儀,Fonts/my_fonts/01/font_00_0072.png
liu_gongquan_02,liu_gongquan,儀,Fonts/my_fonts/02/char_0199.png
liu_gongquan_02,liu_gongquan,儀,Fonts/my_fonts/02/char_1184.png
ouyang_xun_03,ouyang_xun,儀,Fonts/my_fonts/03/char_0255.png
yu_shinan_06,yu_shinan,儀,Fonts/my_fonts/06/char_0041.png
yu_shinan_06,yu_shinan,儀,Fonts/my_fonts/06/char_0096.png
yan_zhenqing_07,yan_zhenqing,儀,Fonts/my_fonts/07/char_0726.png
zhiyong_00,zhiyong,諸,Fonts/my_fonts/00/char_0345.png
liu_gongquan_02,liu_gongquan,諸,Fonts/my_fonts/02/char_0543.png
zhao_mengfu_04,zhao_mengfu,諸,Fonts/my_fonts/04/char_0306.png
yan_zhenqing_07,yan_zhenqing,諸,Fonts/my_fonts/07/char_0061.png
yan_zhenqing_07,yan_zhenqing,諸,Fonts/my_fonts/07/char_0122.png
yan_zhenqing_07,yan_zhenqing,諸,Fonts/my_fonts/07/char_0589.png
shen_yinmo_09,shen_yinmo,諸,Fonts/my_fonts/09/char_0065.png
shen_yinmo_09,shen_yinmo,諸,Fonts/my_fonts/09/char_0184.png
zhiyong_00,zhiyong,伯,Fonts/my_fonts/00/char_0347.png
ouyang_xun_03,ouyang_xun,伯,Fonts/my_fonts/03/char_0859.png
yan_zhenqing_07,yan_zhenqing,伯,Fonts/my_fonts/07/char_1860.png
zhiyong_00,zhiyong,叔,Fonts/my_fonts/00/char_0348.png
liu_gongquan_02,liu_gongquan,叔,Fonts/my_fonts/02/char_1452.png
zhiyong_00,zhiyong,猶,Fonts/my_fonts/00/char_0349.png
shen_yinmo_01,shen_yinmo,猶,Fonts/my_fonts/01/font_00_0233.png
shen_yinmo_01,shen_yinmo,猶,Fonts/my_fonts/01/font_00_0733.png
ouyang_xun_03,ouyang_xun,猶,Fonts/my_fonts/03/char_0298.png
zhiyong_00,zhiyong,子,Fonts/my_fonts/00/char_0350.png
shen_yinmo_01,shen_yinmo,子,Fonts/my_fonts/01/font_00_0058.png
shen_yinmo_01,shen_yinmo,子,Fonts/my_fonts/01/font_00_0317.png
shen_yinmo_01,shen_yinmo,子,Fonts/my_fonts/01/font_00_0440.png
shen_yinmo_01,shen_yinmo,子,Fonts/my_fonts/01/font_00_0442.png
shen_yinmo_01,shen_yinmo,子,Fonts/my_fonts/01/font_00_0456.png
shen_yinmo_01,shen_yinmo,子,Fonts/my_fonts/01/font_00_0467.png
shen_yinmo_01,shen_yinmo,子,Fonts/my_fonts/01/font_00_0500.png
shen_yinmo_01,shen_yinmo,子,Fonts/my_fonts/01/font_00_0502.png
shen_yinmo_01,shen_yinmo,子,Fonts/my_fonts/01/font_00_0544.png
liu_gongquan_02,liu_gongquan,子,Fonts/my_fonts/02/char_0415.png
liu_gongquan_02,liu_gongquan,子,Fonts/my_fonts/02/char_0518.png
liu_gongquan_02,liu_gongquan,子,Fonts/my_fonts/02/char_0696.png
liu_gongquan_02,liu_gongquan,子,Fonts/my_fonts/02/char_0728.png
liu_gongquan_02,liu_gongquan,子,Fonts/my_fonts/02/char_0789.png
liu_gongquan_02,liu_gongquan,子,Fonts/my_fonts/02/char_0827.png
liu_gongquan_02,liu_gongquan,子,Fonts/my_fonts/02/char_0835.png
liu_gongquan_02,liu_gongquan,子,Fonts/my_fonts/02/char_0839.png
liu_gongquan_02,liu_gongquan,子,Fonts/my_fonts/02/char_0983.png
liu_gongquan_02,liu_gongquan,子,Fonts/my_fonts/02/char_1075.png
liu_gongquan_02,liu_gongquan,子,Fonts/my_fonts/02/char_1183.png
liu_gongquan_02,liu_gongquan,子,Fonts/my_fonts/02/char_1256.png
liu_gongquan_02,liu_gongquan,子,Fonts/my_fonts/02/char_1339.png
liu_gongquan_02,liu_gongquan,子,Fonts/my_fonts/02/char_1456.png
liu_gongquan_02,liu_gongquan,子,Fonts/my_fonts/02/char_1599.png
ouyang_xun_03,ouyang_xun,子,Fonts/my_fonts/03/char_0658.png
ouyang_xun_03,ouyang_xun,子,Fonts/my_fonts/03/char_0794.png
ouyang_xun_03,ouyang_xun,子,Fonts/my_fonts/03/char_1087.png
yu_shinan_06,yu_shinan,子,Fonts/my_fonts/06/char_0204.png
yan_zhenqing_07,yan_zhenqing,子,Fonts/my_fonts/07/char_0244.png
yan_zhenqing_07,yan_zhenqing,子,Fonts/my_fonts/07/char_1418.png
shen_yinmo_08,shen_yinmo,子,Fonts/my_fonts/08/char_0081.png
shen_yinmo_08,shen_yinmo,子,Fonts/my_fonts/08/char_0104.png
shen_yinmo_08,shen_yinmo,子,Fonts/my_fonts/08/char_0523.png
shen_yinmo_09,shen_yinmo,子,Fonts/my_fonts/09/char_0036.png
shen_yinmo_09,shen_yinmo,子,Fonts/my_fonts/09/char_0063.png
shen_yinmo_10,shen_yinmo,子,Fonts/my_fonts/10/char_0102.png
shen_yinmo_10,shen_yinmo,子,Fonts/my_fonts/10/char_0134.png
shen_yinmo_10,shen_yinmo,子,Fonts/my_fonts/10/char_0530.png
zhiyong_00,zhiyong,比,Fonts/my_fonts/00/char_0351.png
shen_yinmo_01,shen_yinmo,比,Fonts/my_fonts/01/font_00_0405.png
yan_zhenqing_07,yan_zhenqing,比,Fonts/my_fonts/07/char_1740.png
shen_yinmo_08,shen_yinmo,比,Fonts/my_fonts/08/char_0436.png
shen_yinmo_10,shen_yinmo,比,Fonts/my_fonts/10/char_0446.png
zhiyong_00,zhiyong,兒,Fonts/my_fonts/00/char_0352.png
shen_yinmo_01,shen_yinmo,兒,Fonts/my_fonts/01/font_00_0408.png
zhiyong_00,zhiyong,懷,Fonts/my_fonts/00/char_0354.png
shen_yinmo_01,shen_yinmo,懷,Fonts/my_fonts/01/font_00_0004.png
shen_yinmo_01,shen_yinmo,懷,Fonts/my_fonts/01/font_00_0276.png
liu_gongquan_02,liu_gongquan,懷,Fonts/my_fonts/02/char_0577.png
ouyang_xun_03,ouyang_xun,懷,Fonts/my_fonts/03/char_0199.png
ouyang_xun_03,ouyang_xun,懷,Fonts/my_fonts/03/char_0484.png
ouyang_xun_03,ouyang_xun,懷,Fonts/my_fonts/03/char_0760.png
ouyang_xun_03,ouyang_xun,懷,Fonts/my_fonts/03/char_0882.png
yan_zhenqing_07,yan_zhenqing,懷,Fonts/my_fonts/07/char_0375.png
yan_zhenqing_07,yan_zhenqing,懷,Fonts/my_fonts/07/char_0878.png
yan_zhenqing_07,yan_zhenqing,懷,Fonts/my_fonts/07/char_1118.png
zhiyong_00,zhiyong,兄,Fonts/my_fonts/00/char_0355.png
shen_yinmo_01,shen_yinmo,兄,Fonts/my_fonts/01/font_00_0263.png
liu_gongquan_02,liu_gongquan,兄,Fonts/my_fonts/02/char_0268.png
liu_gongquan_02,liu_gongquan,兄,Fonts/my_fonts/02/char_0481.png
liu_gongquan_02,liu_gongquan,兄,Fonts/my_fonts/02/char_0554.png
liu_gongquan_02,liu_gongquan,兄,Fonts/my_fonts/02/char_0615.png
liu_gongquan_02,liu_gongquan,兄,Fonts/my_fonts/02/char_1453.png
shen_yinmo_08,shen_yinmo,兄,Fonts/my_fonts/08/char_0468.png
shen_yinmo_10,shen_yinmo,兄,Fonts/my_fonts/10/char_0477.png
zhiyong_00,zhiyong,弟,Fonts/my_fonts/00/char_0356.png
shen_yinmo_01,shen_yinmo,弟,Fonts/my_fonts/01/font_00_0264.png
liu_gongquan_02,liu_gongquan,弟,Fonts/my_fonts/02/char_0243.png
liu_gongquan_02,liu_gongquan,弟,Fonts/my_fonts/02/char_0256.png
liu_gongquan_02,liu_gongquan,弟,Fonts/my_fonts/02/char_0269.png
liu_gongquan_02,liu_gongquan,弟,Fonts/my_fonts/02/char_0516.png
liu_gongquan_02,liu_gongquan,弟,Fonts/my_fonts/02/char_0555.png
liu_gongquan_02,liu_gongquan,弟,Fonts/my_fonts/02/char_1454.png
shen_yinmo_08,shen_yinmo,弟,Fonts/my_fonts/08/char_0103.png
shen_yinmo_10,shen_yinmo,弟,Fonts/my_fonts/10/char_0133.png
zhiyong_00,zhiyong,同,Fonts/my_fonts/00/char_0357.png
shen_yinmo_01,shen_yinmo,同,Fonts/my_fonts/01/font_00_0009.png
shen_yinmo_01,shen_yinmo,同,Fonts/my_fonts/01/font_00_0284.png
liu_gongquan_02,liu_gongquan,同,Fonts/my_fonts/02/char_0200.png
liu_gongquan_02,liu_gongquan,同,Fonts/my_fonts/02/char_0249.png
liu_gongquan_02,liu_gongquan,同,Fonts/my_fonts/02/char_0498.png
liu_gongquan_02,liu_gongquan,同,Fonts/my_fonts/02/char_0689.png
ouyang_xun_03,ouyang_xun,同,Fonts/my_fonts/03/char_0280.png
ouyang_xun_03,ouyang_xun,同,Fonts/my_fonts/03/char_0606.png
yu_shinan_06,yu_shinan,同,Fonts/my_fonts/06/char_0270.png
yan_zhenqing_07,yan_zhenqing,同,Fonts/my_fonts/07/char_0669.png
yan_zhenqing_07,yan_zhenqing,同,Fonts/my_fonts/07/char_0815.png
yan_zhenqing_07,yan_zhenqing,同,Fonts/my_fonts/07/char_0851.png
yan_zhenqing_07,yan_zhenqing,同,Fonts/my_fonts/07/char_0914.png
yan_zhenqing_07,yan_zhenqing,同,Fonts/my_fonts/07/char_1042.png
yan_zhenqing_07,yan_zhenqing,同,Fonts/my_fonts/07/char_1614.png
yan_zhenqing_07,yan_zhenqing,同,Fonts/my_fonts/07/char_1919.png
yan_zhenqing_07,yan_zhenqing,同,Fonts/my_fonts/07/char_1959.png
zhiyong_00,zhiyong,氣,Fonts/my_fonts/00/char_0358.png
ouyang_xun_03,ouyang_xun,氣,Fonts/my_fonts/03/char_0140.png
ouyang_xun_03,ouyang_xun,氣,Fonts/my_fonts/03/char_0236.png
zhao_mengfu_04,zhao_mengfu,氣,Fonts/my_fonts/04/char_0240.png
yu_shinan_06,yu_shinan,氣,Fonts/my_fonts/06/char_0317.png
yan_zhenqing_07,yan_zhenqing,氣,Fonts/my_fonts/07/char_0748.png
shen_yinmo_08,shen_yinmo,氣,Fonts/my_fonts/08/char_0251.png
shen_yinmo_08,shen_yinmo,氣,Fonts/my_fonts/08/char_0406.png
shen_yinmo_10,shen_yinmo,氣,Fonts/my_fonts/10/char_0417.png
zhiyong_00,zhiyong,連,Fonts/my_fonts/00/char_0359.png
liu_gongquan_02,liu_gongquan,連,Fonts/my_fonts/02/char_0740.png
yu_shinan_06,yu_shinan,連,Fonts/my_fonts/06/char_0002.png
shen_yinmo_08,shen_yinmo,連,Fonts/my_fonts/08/char_0064.png
shen_yinmo_08,shen_yinmo,連,Fonts/my_fonts/08/char_0254.png
shen_yinmo_10,shen_yinmo,連,Fonts/my_fonts/10/char_0085.png
shen_yinmo_10,shen_yinmo,連,Fonts/my_fonts/10/char_0277.png
zhiyong_00,zhiyong,枝,Fonts/my_fonts/00/char_0360.png
shen_yinmo_01,shen_yinmo,枝,Fonts/my_fonts/01/font_00_0324.png
zhiyong_00,zhiyong,交,Fonts/my_fonts/00/char_0361.png
liu_gongquan_02,liu_gongquan,交,Fonts/my_fonts/02/char_1564.png
ouyang_xun_03,ouyang_xun,交,Fonts/my_fonts/03/char_0098.png
zhiyong_00,zhiyong,友,Fonts/my_fonts/00/char_0362.png
shen_yinmo_01,shen_yinmo,友,Fonts/my_fonts/01/font_00_0273.png
liu_gongquan_02,liu_gongquan,友,Fonts/my_fonts/02/char_0469.png
liu_gongquan_02,liu_gongquan,友,Fonts/my_fonts/02/char_0832.png
liu_gongquan_02,liu_gongquan,友,Fonts/my_fonts/02/char_0857.png
zhiyong_00,zhiyong,分,Fonts/my_fonts/00/char_0364.png
ouyang_xun_03,ouyang_xun,分,Fonts/my_fonts/03/char_0062.png
yan_zhenqing_07,yan_zhenqing,分,Fonts/my_fonts/07/char_0288.png
yan_zhenqing_07,yan_zhenqing,分,Fonts/my_fonts/07/char_1357.png
yan_zhenqing_07,yan_zhenqing,分,Fonts/my_fonts/07/char_1384.png
shen_yinmo_08,shen_yinmo,分,Fonts/my_fonts/08/char_0305.png
shen_yinmo_08,shen_yinmo,分,Fonts/my_fonts/08/char_0362.png
shen_yinmo_08,shen_yinmo,分,Fonts/my_fonts/08/char_0396.png
shen_yinmo_10,shen_yinmo,分,Fonts/my_fonts/10/char_0317.png
shen_yinmo_10,shen_yinmo,分,Fonts/my_fonts/10/char_0373.png
shen_yinmo_10,shen_yinmo,分,Fonts/my_fonts/10/char_0407.png
zhiyong_00,zhiyong,切,Fonts/my_fonts/00/char_0365.png
shen_yinmo_01,shen_yinmo,切,Fonts/my_fonts/01/font_00_0479.png
shen_yinmo_09,shen_yinmo,切,Fonts/my_fonts/09/char_0031.png
shen_yinmo_09,shen_yinmo,切,Fonts/my_fonts/09/char_0232.png
zhiyong_00,zhiyong,仁,Fonts/my_fonts/00/char_0369.png
liu_gongquan_02,liu_gongquan,仁,Fonts/my_fonts/02/char_0574.png
liu_gongquan_02,liu_gongquan,仁,Fonts/my_fonts/02/char_1033.png
liu_gongquan_02,liu_gongquan,仁,Fonts/my_fonts/02/char_1083.png
liu_gongquan_02,liu_gongquan,仁,Fonts/my_fonts/02/char_1306.png
liu_gongquan_02,liu_gongquan,仁,Fonts/my_fonts/02/char_1374.png
liu_gongquan_02,liu_gongquan,仁,Fonts/my_fonts/02/char_1385.png
liu_gongquan_02,liu_gongquan,仁,Fonts/my_fonts/02/char_1582.png
ouyang_xun_03,ouyang_xun,仁,Fonts/my_fonts/03/char_0046.png
zhiyong_00,zhiyong,慈,Fonts/my_fonts/00/char_0370.png
liu_gongquan_02,liu_gongquan,慈,Fonts/my_fonts/02/char_1383.png
yan_zhenqing_07,yan_zhenqing,慈,Fonts/my_fonts/07/char_0456.png
yan_zhenqing_07,yan_zhenqing,慈,Fonts/my_fonts/07/char_1877.png
yan_zhenqing_07,yan_zhenqing,慈,Fonts/my_fonts/07/char_1949.png
zhiyong_00,zhiyong,隱,Fonts/my_fonts/00/char_0371.png
shen_yinmo_01,shen_yinmo,隱,Fonts/my_fonts/01/font_00_0136.png
shen_yinmo_01,shen_yinmo,隱,Fonts/my_fonts/01/font_00_0527.png
shen_yinmo_01,shen_yinmo,隱,Fonts/my_fonts/01/font_00_0573.png
liu_gongquan_02,liu_gongquan,隱,Fonts/my_fonts/02/char_1527.png
yu_shinan_06,yu_shinan,隱,Fonts/my_fonts/06/char_0146.png
yan_zhenqing_07,yan_zhenqing,隱,Fonts/my_fonts/07/char_0510.png
shen_yinmo_08,shen_yinmo,隱,Fonts/my_fonts/08/char_0138.png
shen_yinmo_10,shen_yinmo,隱,Fonts/my_fonts/10/char_0166.png
zhiyong_00,zhiyong,造,Fonts/my_fonts/00/char_0373.png
zhao_mengfu_04,zhao_mengfu,造,Fonts/my_fonts/04/char_0352.png
yan_zhenqing_07,yan_zhenqing,造,Fonts/my_fonts/07/char_1033.png
zhiyong_00,zhiyong,次,Fonts/my_fonts/00/char_0374.png
shen_yinmo_01,shen_yinmo,次,Fonts/my_fonts/01/font_00_0457.png
shen_yinmo_01,shen_yinmo,次,Fonts/my_fonts/01/font_00_0857.png
yan_zhenqing_07,yan_zhenqing,次,Fonts/my_fonts/07/char_1967.png
zhiyong_00,zhiyong,弗,Fonts/my_fonts/00/char_0375.png
ouyang_xun_03,ouyang_xun,弗,Fonts/my_fonts/03/char_0765.png
ouyang_xun_03,ouyang_xun,弗,Fonts/my_fonts/03/char_1035.png
zhao_mengfu_04,zhao_mengfu,弗,Fonts/my_fonts/04/char_0120.png
zhao_mengfu_04,zhao_mengfu,弗,Fonts/my_fonts/04/char_0420.png
zhiyong_00,zhiyong,離,Fonts/my_fonts/00/char_0376.png
ouyang_xun_03,ouyang_xun,離,Fonts/my_fonts/03/char_0312.png
shen_yinmo_09,shen_yinmo,離,Fonts/my_fonts/09/char_0173.png
zhiyong_00,zhiyong,節,Fonts/my_fonts/00/char_0377.png
shen_yinmo_01,shen_yinmo,節,Fonts/my_fonts/01/font_00_0060.png
liu_gongquan_02,liu_gongquan,節,Fonts/my_fonts/02/char_0908.png
liu_gongquan_02,liu_gongquan,節,Fonts/my_fonts/02/char_1152.png
zhao_mengfu_04,zhao_mengfu,節,Fonts/my_fonts/04/char_0210.png
zhiyong_00,zhiyong,義,Fonts/my_fonts/00/char_0378.png
shen_yinmo_01,shen_yinmo,義,Fonts/my_fonts/01/font_00_0716.png
liu_gongquan_02,liu_gongquan,義,Fonts/my_fonts/02/char_0162.png
liu_gongquan_02,liu_gongquan,義,Fonts/my_fonts/02/char_0325.png
liu_gongquan_02,liu_gongquan,義,Fonts/my_fonts/02/char_0576.png
liu_gongquan_02,liu_gongquan,義,Fonts/my_fonts/02/char_0882.png
liu_gongquan_02,liu_gongquan,義,Fonts/my_fonts/02/char_1225.png
liu_gongquan_02,liu_gongquan,義,Fonts/my_fonts/02/char_1233.png
yan_zhenqing_07,yan_zhenqing,義,Fonts/my_fonts/07/char_1151.png
yan_zhenqing_07,yan_zhenqing,義,Fonts/my_fonts/07/char_1633.png
yan_zhenqing_07,yan_zhenqing,義,Fonts/my_fonts/07/char_2006.png
zhiyong_00,zhiyong,顛,Fonts/my_fonts/00/char_0381.png
shen_yinmo_09,shen_yinmo,顛,Fonts/my_fonts/09/char_0174.png
zhiyong_00,zhiyong,沛,Fonts/my_fonts/00/char_0382.png
liu_gongquan_02,liu_gongquan,沛,Fonts/my_fonts/02/char_0155.png
liu_gongquan_02,liu_gongquan,沛,Fonts/my_fonts/02/char_1258.png
zhiyong_00,zhiyong,匪,Fonts/my_fonts/00/char_0383.png
shen_yinmo_01,shen_yinmo,匪,Fonts/my_fonts/01/font_00_0890.png
ouyang_xun_03,ouyang_xun,匪,Fonts/my_fonts/03/char_0618.png
zhiyong_00,zhiyong,虧,Fonts/my_fonts/00/char_0384.png
ouyang_xun_03,ouyang_xun,虧,Fonts/my_fonts/03/char_0109.png
zhiyong_00,zhiyong,性,Fonts/my_fonts/00/char_0385.png
ouyang_xun_03,ouyang_xun,性,Fonts/my_fonts/03/char_0319.png
ouyang_xun_03,ouyang_xun,性,Fonts/my_fonts/03/char_0591.png
yan_zhenqing_07,yan_zhenqing,性,Fonts/my_fonts/07/char_0451.png
yan_zhenqing_07,yan_zhenqing,性,Fonts/my_fonts/07/char_1901.png
zhiyong_00,zhiyong,靜,Fonts/my_fonts/00/char_0386.png
yan_zhenqing_07,yan_zhenqing,靜,Fonts/my_fonts/07/char_0261.png
yan_zhenqing_07,yan_zhenqing,靜,Fonts/my_fonts/07/char_1259.png
shen_yinmo_08,shen_yinmo,靜,Fonts/my_fonts/08/char_0046.png
shen_yinmo_10,shen_yinmo,靜,Fonts/my_fonts/10/char_0068.png
zhiyong_00,zhiyong,情,Fonts/my_fonts/00/char_0387.png
yan_zhenqing_07,yan_zhenqing,情,Fonts/my_fonts/07/char_1897.png
zhiyong_00,zhiyong,逸,Fonts/my_fonts/00/char_0388.png
liu_gongquan_02,liu_gongquan,逸,Fonts/my_fonts/02/char_1128.png
zhiyong_00,zhiyong,心,Fonts/my_fonts/00/char_0389.png
shen_yinmo_01,shen_yinmo,心,Fonts/my_fonts/01/font_00_0240.png
liu_gongquan_02,liu_gongquan,心,Fonts/my_fonts/02/char_0949.png
ouyang_xun_03,ouyang_xun,心,Fonts/my_fonts/03/char_0275.png
ouyang_xun_03,ouyang_xun,心,Fonts/my_fonts/03/char_0483.png
ouyang_xun_03,ouyang_xun,心,Fonts/my_fonts/03/char_0596.png
zhao_mengfu_04,zhao_mengfu,心,Fonts/my_fonts/04/char_0284.png
yan_zhenqing_07,yan_zhenqing,心,Fonts/my_fonts/07/char_0271.png
yan_zhenqing_07,yan_zhenqing,心,Fonts/my_fonts/07/char_0370.png
yan_zhenqing_07,yan_zhenqing,心,Fonts/my_fonts/07/char_0572.png
yan_zhenqing_07,yan_zhenqing,心,Fonts/my_fonts/07/char_0641.png
yan_zhenqing_07,yan_zhenqing,心,Fonts/my_fonts/07/char_0828.png
yan_zhenqing_07,yan_zhenqing,心,Fonts/my_fonts/07/char_0856.png
yan_zhenqing_07,yan_zhenqing,心,Fonts/my_fonts/07/char_1150.png
yan_zhenqing_07,yan_zhenqing,心,Fonts/my_fonts/07/char_1609.png
yan_zhenqing_07,yan_zhenqing,心,Fonts/my_fonts/07/char_1837.png
shen_yinmo_08,shen_yinmo,心,Fonts/my_fonts/08/char_0124.png
shen_yinmo_09,shen_yinmo,心,Fonts/my_fonts/09/char_0007.png
shen_yinmo_09,shen_yinmo,心,Fonts/my_fonts/09/char_0160.png
shen_yinmo_10,shen_yinmo,心,Fonts/my_fonts/10/char_0022.png
shen_yinmo_10,shen_yinmo,心,Fonts/my_fonts/10/char_0149.png
zhiyong_00,zhiyong,動,Fonts/my_fonts/00/char_0390.png
liu_gongquan_02,liu_gongquan,動,Fonts/my_fonts/02/char_0773.png
ouyang_xun_03,ouyang_xun,動,Fonts/my_fonts/03/char_0144.png
ouyang_xun_03,ouyang_xun,動,Fonts/my_fonts/03/char_0755.png
yan_zhenqing_07,yan_zhenqing,動,Fonts/my_fonts/07/char_0744.png
yan_zhenqing_07,yan_zhenqing,動,Fonts/my_fonts/07/char_0985.png
shen_yinmo_08,shen_yinmo,動,Fonts/my_fonts/08/char_0059.png
shen_yinmo_10,shen_yinmo,動,Fonts/my_fonts/10/char_0081.png
zhiyong_00,zhiyong,神,Fonts/my_fonts/00/char_0391.png
shen_yinmo_01,shen_yinmo,神,Fonts/my_fonts/01/font_00_0888.png
liu_gongquan_02,liu_gongquan,神,Fonts/my_fonts/02/char_0021.png
liu_gongquan_02,liu_gongquan,神,Fonts/my_fonts/02/char_0716.png
liu_gongquan_02,liu_gongquan,神,Fonts/my_fonts/02/char_0730.png
liu_gongquan_02,liu_gongquan,神,Fonts/my_fonts/02/char_0847.png
ouyang_xun_03,ouyang_xun,神,Fonts/my_fonts/03/char_0158.png
ouyang_xun_03,ouyang_xun,神,Fonts/my_fonts/03/char_0317.png
ouyang_xun_03,ouyang_xun,神,Fonts/my_fonts/03/char_0597.png
ouyang_xun_03,ouyang_xun,神,Fonts/my_fonts/03/char_0727.png
ouyang_xun_03,ouyang_xun,神,Fonts/my_fonts/03/char_0876.png
zhao_mengfu_04,zhao_mengfu,神,Fonts/my_fonts/04/char_0110.png
yu_shinan_06,yu_shinan,神,Fonts/my_fonts/06/char_0073.png
yu_shinan_06,yu_shinan,神,Fonts/my_fonts/06/char_0309.png
shen_yinmo_08,shen_yinmo,神,Fonts/my_fonts/08/char_0045.png
shen_yinmo_09,shen_yinmo,神,Fonts/my_fonts/09/char_0214.png
shen_yinmo_10,shen_yinmo,神,Fonts/my_fonts/10/char_0067.png
zhiyong_00,zhiyong,守,Fonts/my_fonts/00/char_0393.png
liu_gongquan_02,liu_gongquan,守,Fonts/my_fonts/02/char_0579.png
liu_gongquan_02,liu_gongquan,守,Fonts/my_fonts/02/char_0933.png
liu_gongquan_02,liu_gongquan,守,Fonts/my_fonts/02/char_0966.png
zhao_mengfu_04,zhao_mengfu,守,Fonts/my_fonts/04/char_0468.png
zhiyong_00,zhiyong,志,Fonts/my_fonts/00/char_0395.png
zhao_mengfu_04,zhao_mengfu,志,Fonts/my_fonts/04/char_0461.png
yu_shinan_06,yu_shinan,志,Fonts/my_fonts/06/char_0276.png
yan_zhenqing_07,yan_zhenqing,志,Fonts/my_fonts/07/char_0531.png
yan_zhenqing_07,yan_zhenqing,志,Fonts/my_fonts/07/char_0880.png
zhiyong_00,zhiyong,滿,Fonts/my_fonts/00/char_0396.png
shen_yinmo_01,shen_yinmo,滿,Fonts/my_fonts/01/font_00_0789.png
ouyang_xun_03,ouyang_xun,滿,Fonts/my_fonts/03/char_1074.png
yan_zhenqing_07,yan_zhenqing,滿,Fonts/my_fonts/07/char_0291.png
yan_zhenqing_07,yan_zhenqing,滿,Fonts/my_fonts/07/char_0320.png
yan_zhenqing_07,yan_zhenqing,滿,Fonts/my_fonts/07/char_1536.png
zhiyong_00,zhiyong,物,Fonts/my_fonts/00/char_0398.png
liu_gongquan_02,liu_gongquan,物,Fonts/my_fonts/02/char_0275.png
ouyang_xun_03,ouyang_xun,物,Fonts/my_fonts/03/char_0267.png
ouyang_xun_03,ouyang_xun,物,Fonts/my_fonts/03/char_0475.png
ouyang_xun_03,ouyang_xun,物,Fonts/my_fonts/03/char_0605.png
ouyang_xun_03,ouyang_xun,物,Fonts/my_fonts/03/char_0728.png
ouyang_xun_03,ouyang_xun,物,Fonts/my_fonts/03/char_0850.png
ouyang_xun_03,ouyang_xun,物,Fonts/my_fonts/03/char_0938.png
zhiyong_00,zhiyong,意,Fonts/my_fonts/00/char_0399.png
yan_zhenqing_07,yan_zhenqing,意,Fonts/my_fonts/07/char_0340.png
shen_yinmo_08,shen_yinmo,意,Fonts/my_fonts/08/char_0065.png
shen_yinmo_08,shen_yinmo,意,Fonts/my_fonts/08/char_0322.png
shen_yinmo_08,shen_yinmo,意,Fonts/my_fonts/08/char_0405.png
shen_yinmo_09,shen_yinmo,意,Fonts/my_fonts/09/char_0098.png
shen_yinmo_09,shen_yinmo,意,Fonts/my_fonts/09/char_0112.png
shen_yinmo_10,shen_yinmo,意,Fonts/my_fonts/10/char_0023.png
shen_yinmo_10,shen_yinmo,意,Fonts/my_fonts/10/char_0086.png
shen_yinmo_10,shen_yinmo,意,Fonts/my_fonts/10/char_0333.png
shen_yinmo_10,shen_yinmo,意,Fonts/my_fonts/10/char_0416.png
zhiyong_00,zhiyong,移,Fonts/my_fonts/00/char_0400.png
ouyang_xun_03,ouyang_xun,移,Fonts/my_fonts/03/char_0114.png
zhiyong_00,zhiyong,持,Fonts/my_fonts/00/char_0402.png
ouyang_xun_03,ouyang_xun,持,Fonts/my_fonts/03/char_1073.png
yan_zhenqing_07,yan_zhenqing,持,Fonts/my_fonts/07/char_0209.png
yan_zhenqing_07,yan_zhenqing,持,Fonts/my_fonts/07/char_0263.png
yan_zhenqing_07,yan_zhenqing,持,Fonts/my_fonts/07/char_0886.png
yan_zhenqing_07,yan_zhenqing,持,Fonts/my_fonts/07/char_1103.png
zhiyong_00,zhiyong,雅,Fonts/my_fonts/00/char_0403.png
liu_gongquan_02,liu_gongquan,雅,Fonts/my_fonts/02/char_0229.png
liu_gongquan_02,liu_gongquan,雅,Fonts/my_fonts/02/char_0238.png
liu_gongquan_02,liu_gongquan,雅,Fonts/my_fonts/02/char_1101.png
yan_zhenqing_07,yan_zhenqing,雅,Fonts/my_fonts/07/char_1305.png
zhiyong_00,zhiyong,操,Fonts/my_fonts/00/char_0404.png
shen_yinmo_01,shen_yinmo,操,Fonts/my_fonts/01/font_00_0232.png
zhiyong_00,zhiyong,好,Fonts/my_fonts/00/char_0405.png
shen_yinmo_01,shen_yinmo,好,Fonts/my_fonts/01/font_00_0509.png
liu_gongquan_02,liu_gongquan,好,Fonts/my_fonts/02/char_1288.png
liu_gongquan_02,liu_gongquan,好,Fonts/my_fonts/02/char_1299.png
liu_gongquan_02,liu_gongquan,好,Fonts/my_fonts/02/char_1354.png
zhiyong_00,zhiyong,自,Fonts/my_fonts/00/char_0407.png
shen_yinmo_01,shen_yinmo,自,Fonts/my_fonts/01/font_00_0093.png
shen_yinmo_01,shen_yinmo,自,Fonts/my_fonts/01/font_00_0466.png
liu_gongquan_02,liu_gongquan,自,Fonts/my_fonts/02/char_0114.png
liu_gongquan_02,liu_gongquan,自,Fonts/my_fonts/02/char_0176.png
liu_gongquan_02,liu_gongquan,自,Fonts/my_fonts/02/char_0583.png
liu_gongquan_02,liu_gongquan,自,Fonts/my_fonts/02/char_1444.png
yu_shinan_06,yu_shinan,自,Fonts/my_fonts/06/char_0221.png
yan_zhenqing_07,yan_zhenqing,自,Fonts/my_fonts/07/char_0188.png
yan_zhenqing_07,yan_zhenqing,自,Fonts/my_fonts/07/char_0407.png
yan_zhenqing_07,yan_zhenqing,自,Fonts/my_fonts/07/char_0845.png
yan_zhenqing_07,yan_zhenqing,自,Fonts/my_fonts/07/char_0905.png
yan_zhenqing_07,yan_zhenqing,自,Fonts/my_fonts/07/char_0984.png
yan_zhenqing_07,yan_zhenqing,自,Fonts/my_fonts/07/char_1034.png
shen_yinmo_08,shen_yinmo,自,Fonts/my_fonts/08/char_0425.png
shen_yinmo_09,shen_yinmo,自,Fonts/my_fonts/09/char_0010.png
zhiyong_00,zhiyong,都,Fonts/my_fonts/00/char_0409.png
liu_gongquan_02,liu_gongquan,都,Fonts/my_fonts/02/char_0011.png
liu_gongquan_02,liu_gongquan,都,Fonts/my_fonts/02/char_0375.png
liu_gongquan_02,liu_gongquan,都,Fonts/my_fonts/02/char_0626.png
liu_gongquan_02,liu_gongquan,都,Fonts/my_fonts/02/char_1389.png
yan_zhenqing_07,yan_zhenqing,都,Fonts/my_fonts/07/char_0046.png
zhiyong_00,zhiyong,邑,Fonts/my_fonts/00/char_0410.png
shen_yinmo_01,shen_yinmo,邑,Fonts/my_fonts/01/font_00_0285.png
zhiyong_00,zhiyong,華,Fonts/my_fonts/00/char_0411.png
shen_yinmo_01,shen_yinmo,華,Fonts/my_fonts/01/font_00_0023.png
shen_yinmo_01,shen_yinmo,華,Fonts/my_fonts/01/font_00_0775.png
liu_gongquan_02,liu_gongquan,華,Fonts/my_fonts/02/char_0706.png
liu_gongquan_02,liu_gongquan,華,Fonts/my_fonts/02/char_1292.png
ouyang_xun_03,ouyang_xun,華,Fonts/my_fonts/03/char_1056.png
yan_zhenqing_07,yan_zhenqing,華,Fonts/my_fonts/07/char_0060.png
yan_zhenqing_07,yan_zhenqing,華,Fonts/my_fonts/07/char_0197.png
yan_zhenqing_07,yan_zhenqing,華,Fonts/my_fonts/07/char_0888.png
yan_zhenqing_07,yan_zhenqing,華,Fonts/my_fonts/07/char_0924.png
yan_zhenqing_07,yan_zhenqing,華,Fonts/my_fonts/07/char_1005.png
yan_zhenqing_07,yan_zhenqing,華,Fonts/my_fonts/07/char_1080.png
yan_zhenqing_07,yan_zhenqing,華,Fonts/my_fonts/07/char_1436.png
yan_zhenqing_07,yan_zhenqing,華,Fonts/my_fonts/07/char_1478.png
yan_zhenqing_07,yan_zhenqing,華,Fonts/my_fonts/07/char_1564.png
yan_zhenqing_07,yan_zhenqing,華,Fonts/my_fonts/07/char_1743.png
yan_zhenqing_07,yan_zhenqing,華,Fonts/my_fonts/07/char_2011.png
shen_yinmo_08,shen_yinmo,華,Fonts/my_fonts/08/char_0474.png
shen_yinmo_10,shen_yinmo,華,Fonts/my_fonts/10/char_0483.png
zhiyong_00,zhiyong,夏,Fonts/my_fonts/00/char_0412.png
shen_yinmo_01,shen_yinmo,夏,Fonts/my_fonts/01/font_00_0035.png
ouyang_xun_03,ouyang_xun,夏,Fonts/my_fonts/03/char_0030.png
zhiyong_00,zhiyong,東,Fonts/my_fonts/00/char_0413.png
shen_yinmo_01,shen_yinmo,東,Fonts/my_fonts/01/font_00_0611.png
liu_gongquan_02,liu_gongquan,東,Fonts/my_fonts/02/char_0082.png
liu_gongquan_02,liu_gongquan,東,Fonts/my_fonts/02/char_0105.png
liu_gongquan_02,liu_gongquan,東,Fonts/my_fonts/02/char_0145.png
liu_gongquan_02,liu_gongquan,東,Fonts/my_fonts/02/char_0241.png
liu_gongquan_02,liu_gongquan,東,Fonts/my_fonts/02/char_0666.png
liu_gongquan_02,liu_gongquan,東,Fonts/my_fonts/02/char_0969.png
ouyang_xun_03,ouyang_xun,東,Fonts/my_fonts/03/char_0202.png
ouyang_xun_03,ouyang_xun,東,Fonts/my_fonts/03/char_0564.png
ouyang_xun_03,ouyang_xun,東,Fonts/my_fonts/03/char_0702.png
yu_shinan_06,yu_shinan,東,Fonts/my_fonts/06/char_0322.png
yan_zhenqing_07,yan_zhenqing,東,Fonts/my_fonts/07/char_0050.png
zhiyong_00,zhiyong,西,Fonts/my_fonts/00/char_0414.png
ouyang_xun_03,ouyang_xun,西,Fonts/my_fonts/03/char_0219.png
ouyang_xun_03,ouyang_xun,西,Fonts/my_fonts/03/char_0511.png
yu_shinan_06,yu_shinan,西,Fonts/my_fonts/06/char_0333.png
yan_zhenqing_07,yan_zhenqing,西,Fonts/my_fonts/07/char_0003.png
yan_zhenqing_07,yan_zhenqing,西,Fonts/my_fonts/07/char_0221.png
zhiyong_00,zhiyong,二,Fonts/my_fonts/00/char_0415.png
liu_gongquan_02,liu_gongquan,二,Fonts/my_fonts/02/char_0223.png
liu_gongquan_02,liu_gongquan,二,Fonts/my_fonts/02/char_0266.png
liu_gongquan_02,liu_gongquan,二,Fonts/my_fonts/02/char_0890.png
ouyang_xun_03,ouyang_xun,二,Fonts/my_fonts/03/char_0254.png
yu_shinan_06,yu_shinan,二,Fonts/my_fonts/06/char_0295.png
yan_zhenqing_07,yan_zhenqing,二,Fonts/my_fonts/07/char_0697.png
yan_zhenqing_07,yan_zhenqing,二,Fonts/my_fonts/07/char_0911.png
yan_zhenqing_07,yan_zhenqing,二,Fonts/my_fonts/07/char_1355.png
yan_zhenqing_07,yan_zhenqing,二,Fonts/my_fonts/07/char_1469.png
yan_zhenqing_07,yan_zhenqing,二,Fonts/my_fonts/07/char_1976.png
zhiyong_00,zhiyong,京,Fonts/my_fonts/00/char_0416.png
liu_gongquan_02,liu_gongquan,京,Fonts/my_fonts/02/char_0120.png
liu_gongquan_02,liu_gongquan,京,Fonts/my_fonts/02/char_0336.png
liu_gongquan_02,liu_gongquan,京,Fonts/my_fonts/02/char_0664.png
liu_gongquan_02,liu_gongquan,京,Fonts/my_fonts/02/char_0970.png
liu_gongquan_02,liu_gongquan,京,Fonts/my_fonts/02/char_1285.png
liu_gongquan_02,liu_gongquan,京,Fonts/my_fonts/02/char_1432.png
ouyang_xun_03,ouyang_xun,京,Fonts/my_fonts/03/char_0716.png
yan_zhenqing_07,yan_zhenqing,京,Fonts/my_fonts/07/char_0004.png
yan_zhenqing_07,yan_zhenqing,京,Fonts/my_fonts/07/char_0222.png
zhiyong_00,zhiyong,面,Fonts/my_fonts/00/char_0419.png
zhao_mengfu_04,zhao_mengfu,面,Fonts/my_fonts/04/char_0416.png
yan_zhenqing_07,yan_zhenqing,面,Fonts/my_fonts/07/char_1594.png
zhiyong_00,zhiyong,洛,Fonts/my_fonts/00/char_0420.png
shen_yinmo_08,shen_yinmo,洛,Fonts/my_fonts/08/char_0456.png
shen_yinmo_10,shen_yinmo,洛,Fonts/my_fonts/10/char_0466.png
zhiyong_00,zhiyong,浮,Fonts/my_fonts/00/char_0421.png
yan_zhenqing_07,yan_zhenqing,浮,Fonts/my_fonts/07/char_0986.png
zhiyong_00,zhiyong,據,Fonts/my_fonts/00/char_0423.png
liu_gongquan_02,liu_gongquan,據,Fonts/my_fonts/02/char_0846.png
zhiyong_00,zhiyong,宮,Fonts/my_fonts/00/char_0425.png
liu_gongquan_02,liu_gongquan,宮,Fonts/my_fonts/02/char_0106.png
liu_gongquan_02,liu_gongquan,宮,Fonts/my_fonts/02/char_0146.png
liu_gongquan_02,liu_gongquan,宮,Fonts/my_fonts/02/char_0242.png
liu_gongquan_02,liu_gongquan,宮,Fonts/my_fonts/02/char_0425.png
ouyang_xun_03,ouyang_xun,宮,Fonts/my_fonts/03/char_0003.png
ouyang_xun_03,ouyang_xun,宮,Fonts/my_fonts/03/char_0041.png
ouyang_xun_03,ouyang_xun,宮,Fonts/my_fonts/03/char_0048.png
ouyang_xun_03,ouyang_xun,宮,Fonts/my_fonts/03/char_0313.png
ouyang_xun_03,ouyang_xun,宮,Fonts/my_fonts/03/char_0345.png
ouyang_xun_03,ouyang_xun,宮,Fonts/my_fonts/03/char_0460.png
ouyang_xun_03,ouyang_xun,宮,Fonts/my_fonts/03/char_0504.png
zhao_mengfu_04,zhao_mengfu,宮,Fonts/my_fonts/04/char_0034.png
yan_zhenqing_07,yan_zhenqing,宮,Fonts/my_fonts/07/char_1212.png
zhiyong_00,zhiyong,殿,Fonts/my_fonts/00/char_0426.png
liu_gongquan_02,liu_gongquan,殿,Fonts/my_fonts/02/char_1065.png
ouyang_xun_03,ouyang_xun,殿,Fonts/my_fonts/03/char_0053.png
zhao_mengfu_04,zhao_mengfu,殿,Fonts/my_fonts/04/char_0094.png
zhao_mengfu_04,zhao_mengfu,殿,Fonts/my_fonts/04/char_0203.png
zhao_mengfu_04,zhao_mengfu,殿,Fonts/my_fonts/04/char_0246.png
zhiyong_00,zhiyong,盤,Fonts/my_fonts/00/char_0427.png
yan_zhenqing_07,yan_zhenqing,盤,Fonts/my_fonts/07/char_1320.png
zhiyong_00,zhiyong,鬱,Fonts/my_fonts/00/char_0428.png
ouyang_xun_03,ouyang_xun,鬱,Fonts/my_fonts/03/char_0137.png
zhiyong_00,zhiyong,樓,Fonts/my_fonts/00/char_0429.png
liu_gongquan_02,liu_gongquan,樓,Fonts/my_fonts/02/char_0602.png
yan_zhenqing_07,yan_zhenqing,樓,Fonts/my_fonts/07/char_0713.png
zhiyong_00,zhiyong,觀,Fonts/my_fonts/00/char_0430.png
liu_gongquan_02,liu_gongquan,觀,Fonts/my_fonts/02/char_0383.png
liu_gongquan_02,liu_gongquan,觀,Fonts/my_fonts/02/char_1156.png
ouyang_xun_03,ouyang_xun,觀,Fonts/my_fonts/03/char_0026.png
ouyang_xun_03,ouyang_xun,觀,Fonts/my_fonts/03/char_0112.png
ouyang_xun_03,ouyang_xun,觀,Fonts/my_fonts/03/char_0411.png
ouyang_xun_03,ouyang_xun,觀,Fonts/my_fonts/03/char_0508.png
ouyang_xun_03,ouyang_xun,觀,Fonts/my_fonts/03/char_0703.png
zhao_mengfu_04,zhao_mengfu,觀,Fonts/my_fonts/04/char_0088.png
zhao_mengfu_04,zhao_mengfu,觀,Fonts/my_fonts/04/char_0105.png
zhao_mengfu_04,zhao_mengfu,觀,Fonts/my_fonts/04/char_0111.png
zhao_mengfu_04,zhao_mengfu,觀,Fonts/my_fonts/04/char_0125.png
yu_shinan_06,yu_shinan,觀,Fonts/my_fonts/06/char_0108.png
yan_zhenqing_07,yan_zhenqing,觀,Fonts/my_fonts/07/char_0802.png
yan_zhenqing_07,yan_zhenqing,觀,Fonts/my_fonts/07/char_0994.png
yan_zhenqing_07,yan_zhenqing,觀,Fonts/my_fonts/07/char_1014.png
yan_zhenqing_07,yan_zhenqing,觀,Fonts/my_fonts/07/char_1368.png
yan_zhenqing_07,yan_zhenqing,觀,Fonts/my_fonts/07/char_1630.png
shen_yinmo_09,shen_yinmo,觀,Fonts/my_fonts/09/char_0009.png
zhiyong_00,zhiyong,飛,Fonts/my_fonts/00/char_0431.png
zhao_mengfu_04,zhao_mengfu,飛,Fonts/my_fonts/04/char_0177.png
yan_zhenqing_07,yan_zhenqing,飛,Fonts/my_fonts/07/char_0742.png
yan_zhenqing_07,yan_zhenqing,飛,Fonts/my_fonts/07/char_1620.png
yan_zhenqing_07,yan_zhenqing,飛,Fonts/my_fonts/07/char_1820.png
zhiyong_00,zhiyong,驚,Fonts/my_fonts/00/char_0432.png
yan_zhenqing_07,yan_zhenqing,驚,Fonts/my_fonts/07/char_1850.png
zhiyong_00,zhiyong,圖,Fonts/my_fonts/00/char_0433.png
liu_gongquan_02,liu_gongquan,圖,Fonts/my_fonts/02/char_0539.png
ouyang_xun_03,ouyang_xun,圖,Fonts/my_fonts/03/char_0682.png
ouyang_xun_03,ouyang_xun,圖,Fonts/my_fonts/03/char_0970.png
zhao_mengfu_04,zhao_mengfu,圖,Fonts/my_fonts/04/char_0136.png
shen_yinmo_08,shen_yinmo,圖,Fonts/my_fonts/08/char_0002.png
shen_yinmo_10,shen_yinmo,圖,Fonts/my_fonts/10/char_0546.png
zhiyong_00,zhiyong,寫,Fonts/my_fonts/00/char_0434.png
yan_zhenqing_07,yan_zhenqing,寫,Fonts/my_fonts/07/char_1003.png
yan_zhenqing_07,yan_zhenqing,寫,Fonts/my_fonts/07/char_1076.png
yan_zhenqing_07,yan_zhenqing,寫,Fonts/my_fonts/07/char_1096.png
shen_yinmo_09,shen_yinmo,寫,Fonts/my_fonts/09/char_0275.png
zhiyong_00,zhiyong,獸,Fonts/my_fonts/00/char_0436.png
zhao_mengfu_04,zhao_mengfu,獸,Fonts/my_fonts/04/char_0187.png
yan_zhenqing_07,yan_zhenqing,獸,Fonts/my_fonts/07/char_1326.png
zhiyong_00,zhiyong,畫,Fonts/my_fonts/00/char_0437.png
liu_gongquan_02,liu_gongquan,畫,Fonts/my_fonts/02/char_0540.png
liu_gongquan_02,liu_gongquan,畫,Fonts/my_fonts/02/char_0800.png
yan_zhenqing_07,yan_zhenqing,畫,Fonts/my_fonts/07/char_0966.png
yan_zhenqing_07,yan_zhenqing,畫,Fonts/my_fonts/07/char_1287.png
shen_yinmo_08,shen_yinmo,畫,Fonts/my_fonts/08/char_0098.png
shen_yinmo_08,shen_yinmo,畫,Fonts/my_fonts/08/char_0146.png
shen_yinmo_10,shen_yinmo,畫,Fonts/my_fonts/10/char_0119.png
shen_yinmo_10,shen_yinmo,畫,Fonts/my_fonts/10/char_0153.png
shen_yinmo_10,shen_yinmo,畫,Fonts/my_fonts/10/char_0175.png
zhiyong_00,zhiyong,靈,Fonts/my_fonts/00/char_0440.png
shen_yinmo_01,shen_yinmo,靈,Fonts/my_fonts/01/font_00_0572.png
shen_yinmo_01,shen_yinmo,靈,Fonts/my_fonts/01/font_00_0889.png
ouyang_xun_03,ouyang_xun,靈,Fonts/my_fonts/03/char_0248.png
ouyang_xun_03,ouyang_xun,靈,Fonts/my_fonts/03/char_0627.png
ouyang_xun_03,ouyang_xun,靈,Fonts/my_fonts/03/char_0675.png
ouyang_xun_03,ouyang_xun,靈,Fonts/my_fonts/03/char_0948.png
zhao_mengfu_04,zhao_mengfu,靈,Fonts/my_fonts/04/char_0046.png
zhao_mengfu_04,zhao_mengfu,靈,Fonts/my_fonts/04/char_0237.png
yu_shinan_06,yu_shinan,靈,Fonts/my_fonts/06/char_0076.png
yan_zhenqing_07,yan_zhenqing,靈,Fonts/my_fonts/07/char_1104.png
yan_zhenqing_07,yan_zhenqing,靈,Fonts/my_fonts/07/char_1171.png
yan_zhenqing_07,yan_zhenqing,靈,Fonts/my_fonts/07/char_1296.png
yan_zhenqing_07,yan_zhenqing,靈,Fonts/my_fonts/07/char_1662.png
yan_zhenqing_07,yan_zhenqing,靈,Fonts/my_fonts/07/char_1826.png
zhiyong_00,zhiyong,丙,Fonts/my_fonts/00/char_0441.png
shen_yinmo_01,shen_yinmo,丙,Fonts/my_fonts/01/font_00_0037.png
zhiyong_00,zhiyong,舍,Fonts/my_fonts/00/char_0442.png
shen_yinmo_01,shen_yinmo,舍,Fonts/my_fonts/01/font_00_0671.png
liu_gongquan_02,liu_gongquan,舍,Fonts/my_fonts/02/char_0521.png
liu_gongquan_02,liu_gongquan,舍,Fonts/my_fonts/02/char_0565.png
liu_gongquan_02,liu_gongquan,舍,Fonts/my_fonts/02/char_0658.png
liu_gongquan_02,liu_gongquan,舍,Fonts/my_fonts/02/char_0790.png
zhao_mengfu_04,zhao_mengfu,舍,Fonts/my_fonts/04/char_0302.png
yan_zhenqing_07,yan_zhenqing,舍,Fonts/my_fonts/07/char_0346.png
yan_zhenqing_07,yan_zhenqing,舍,Fonts/my_fonts/07/char_0941.png
yan_zhenqing_07,yan_zhenqing,舍,Fonts/my_fonts/07/char_0954.png
yan_zhenqing_07,yan_zhenqing,舍,Fonts/my_fonts/07/char_1023.png
shen_yinmo_09,shen_yinmo,舍,Fonts/my_fonts/09/char_0034.png
shen_yinmo_09,shen_yinmo,舍,Fonts/my_fonts/09/char_0061.png
zhiyong_00,zhiyong,啟,Fonts/my_fonts/00/char_0444.png
zhao_mengfu_04,zhao_mengfu,啟,Fonts/my_fonts/04/char_0326.png
zhao_mengfu_04,zhao_mengfu,啟,Fonts/my_fonts/04/char_0442.png
zhiyong_00,zhiyong,甲,Fonts/my_fonts/00/char_0445.png
ouyang_xun_03,ouyang_xun,甲,Fonts/my_fonts/03/char_0492.png
zhao_mengfu_04,zhao_mengfu,甲,Fonts/my_fonts/04/char_0164.png
shen_yinmo_08,shen_yinmo,甲,Fonts/my_fonts/08/char_0017.png
shen_yinmo_10,shen_yinmo,甲,Fonts/my_fonts/10/char_0014.png
zhiyong_00,zhiyong,對,Fonts/my_fonts/00/char_0447.png
yu_shinan_06,yu_shinan,對,Fonts/my_fonts/06/char_0157.png
yan_zhenqing_07,yan_zhenqing,對,Fonts/my_fonts/07/char_1360.png
zhiyong_00,zhiyong,楹,Fonts/my_fonts/00/char_0448.png
ouyang_xun_03,ouyang_xun,楹,Fonts/my_fonts/03/char_0061.png
yan_zhenqing_07,yan_zhenqing,楹,Fonts/my_fonts/07/char_1278.png
zhiyong_00,zhiyong,設,Fonts/my_fonts/00/char_0451.png
shen_yinmo_01,shen_yinmo,設,Fonts/my_fonts/01/font_00_0832.png
zhao_mengfu_04,zhao_mengfu,設,Fonts/my_fonts/04/char_0032.png
yu_shinan_06,yu_shinan,設,Fonts/my_fonts/06/char_0087.png
zhiyong_00,zhiyong,席,Fonts/my_fonts/00/char_0452.png
yu_shinan_06,yu_shinan,席,Fonts/my_fonts/06/char_0169.png
zhiyong_00,zhiyong,升,Fonts/my_fonts/00/char_0457.png
liu_gongquan_02,liu_gongquan,升,Fonts/my_fonts/02/char_1531.png
yu_shinan_06,yu_shinan,升,Fonts/my_fonts/06/char_0054.png
yu_shinan_06,yu_shinan,升,Fonts/my_fonts/06/char_0321.png
yan_zhenqing_07,yan_zhenqing,升,Fonts/my_fonts/07/char_0234.png
zhiyong_00,zhiyong,階,Fonts/my_fonts/00/char_0458.png
ouyang_xun_03,ouyang_xun,階,Fonts/my_fonts/03/char_0403.png
yan_zhenqing_07,yan_zhenqing,階,Fonts/my_fonts/07/char_0528.png
yan_zhenqing_07,yan_zhenqing,階,Fonts/my_fonts/07/char_0872.png
yan_zhenqing_07,yan_zhenqing,階,Fonts/my_fonts/07/char_1785.png
zhiyong_00,zhiyong,納,Fonts/my_fonts/00/char_0459.png
shen_yinmo_01,shen_yinmo,納,Fonts/my_fonts/01/font_00_0491.png
yan_zhenqing_07,yan_zhenqing,納,Fonts/my_fonts/07/char_1871.png
zhiyong_00,zhiyong,陛,Fonts/my_fonts/00/char_0460.png
yan_zhenqing_07,yan_zhenqing,陛,Fonts/my_fonts/07/char_1270.png
zhiyong_00,zhiyong,轉,Fonts/my_fonts/00/char_0462.png
liu_gongquan_02,liu_gongquan,轉,Fonts/my_fonts/02/char_0413.png
zhiyong_00,zhiyong,疑,Fonts/my_fonts/00/char_0463.png
liu_gongquan_02,liu_gongquan,疑,Fonts/my_fonts/02/char_1032.png
yan_zhenqing_07,yan_zhenqing,疑,Fonts/my_fonts/07/char_1359.png
zhiyong_00,zhiyong,星,Fonts/my_fonts/00/char_0464.png
zhao_mengfu_04,zhao_mengfu,星,Fonts/my_fonts/04/char_0047.png
yu_shinan_06,yu_shinan,星,Fonts/my_fonts/06/char_0113.png
zhiyong_00,zhiyong,右,Fonts/my_fonts/00/char_0465.png
liu_gongquan_02,liu_gongquan,右,Fonts/my_fonts/02/char_0358.png
liu_gongquan_02,liu_gongquan,右,Fonts/my_fonts/02/char_0361.png
ouyang_xun_03,ouyang_xun,右,Fonts/my_fonts/03/char_0563.png
shen_yinmo_10,shen_yinmo,右,Fonts/my_fonts/10/char_0541.png
shen_yinmo_10,shen_yinmo,右,Fonts/my_fonts/10/char_0542.png
zhiyong_00,zhiyong,通,Fonts/my_fonts/00/char_0466.png
liu_gongquan_02,liu_gongquan,通,Fonts/my_fonts/02/char_0519.png
liu_gongquan_02,liu_gongquan,通,Fonts/my_fonts/02/char_1105.png
liu_gongquan_02,liu_gongquan,通,Fonts/my_fonts/02/char_1224.png
liu_gongquan_02,liu_gongquan,通,Fonts/my_fonts/02/char_1332.png
liu_gongquan_02,liu_gongquan,通,Fonts/my_fonts/02/char_1352.png
zhao_mengfu_04,zhao_mengfu,通,Fonts/my_fonts/04/char_0223.png
yu_shinan_06,yu_shinan,通,Fonts/my_fonts/06/char_0188.png
yan_zhenqing_07,yan_zhenqing,通,Fonts/my_fonts/07/char_0574.png
yan_zhenqing_07,yan_zhenqing,通,Fonts/my_fonts/07/char_1720.png
yan_zhenqing_07,yan_zhenqing,通,Fonts/my_fonts/07/char_1753.png
zhiyong_00,zhiyong,廣,Fonts/my_fonts/00/char_0467.png
shen_yinmo_01,shen_yinmo,廣,Fonts/my_fonts/01/font_00_0742.png
zhao_mengfu_04,zhao_mengfu,廣,Fonts/my_fonts/04/char_0093.png
yan_zhenqing_07,yan_zhenqing,廣,Fonts/my_fonts/07/char_0098.png
yan_zhenqing_07,yan_zhenqing,廣,Fonts/my_fonts/07/char_1407.png
yan_zhenqing_07,yan_zhenqing,廣,Fonts/my_fonts/07/char_1704.png
yan_zhenqing_07,yan_zhenqing,廣,Fonts/my_fonts/07/char_1880.png
zhiyong_00,zhiyong,內,Fonts/my_fonts/00/char_0468.png
liu_gongquan_02,liu_gongquan,內,Fonts/my_fonts/02/char_0251.png
liu_gongquan_02,liu_gongquan,內,Fonts/my_fonts/02/char_0416.png
liu_gongquan_02,liu_gongquan,內,Fonts/my_fonts/02/char_0775.png
ouyang_xun_03,ouyang_xun,內,Fonts/my_fonts/03/char_0194.png
ouyang_xun_03,ouyang_xun,內,Fonts/my_fonts/03/char_0463.png
zhao_mengfu_04,zhao_mengfu,內,Fonts/my_fonts/04/char_0051.png
zhao_mengfu_04,zhao_mengfu,內,Fonts/my_fonts/04/char_0117.png
yan_zhenqing_07,yan_zhenqing,內,Fonts/my_fonts/07/char_0422.png
yan_zhenqing_07,yan_zhenqing,內,Fonts/my_fonts/07/char_0583.png
yan_zhenqing_07,yan_zhenqing,內,Fonts/my_fonts/07/char_1115.png
yan_zhenqing_07,yan_zhenqing,內,Fonts/my_fonts/07/char_1991.png
yan_zhenqing_07,yan_zhenqing,內,Fonts/my_fonts/07/char_1998.png
zhiyong_00,zhiyong,左,Fonts/my_fonts/00/char_0469.png
liu_gongquan_02,liu_gongquan,左,Fonts/my_fonts/02/char_0360.png
liu_gongquan_02,liu_gongquan,左,Fonts/my_fonts/02/char_0863.png
liu_gongquan_02,liu_gongquan,左,Fonts/my_fonts/02/char_1062.png
liu_gongquan_02,liu_gongquan,左,Fonts/my_fonts/02/char_1109.png
liu_gongquan_02,liu_gongquan,左,Fonts/my_fonts/02/char_1426.png
zhiyong_00,zhiyong,達,Fonts/my_fonts/00/char_0470.png
zhao_mengfu_04,zhao_mengfu,達,Fonts/my_fonts/04/char_0448.png
yu_shinan_06,yu_shinan,達,Fonts/my_fonts/06/char_0246.png
yan_zhenqing_07,yan_zhenqing,達,Fonts/my_fonts/07/char_1144.png
zhiyong_00,zhiyong,承,Fonts/my_fonts/00/char_0471.png
shen_yinmo_01,shen_yinmo,承,Fonts/my_fonts/01/font_00_0161.png
shen_yinmo_01,shen_yinmo,承,Fonts/my_fonts/01/font_00_0210.png
shen_yinmo_01,shen_yinmo,承,Fonts/my_fonts/01/font_00_0395.png
shen_yinmo_01,shen_yinmo,承,Fonts/my_fonts/01/font_00_0802.png
ouyang_xun_03,ouyang_xun,承,Fonts/my_fonts/03/char_0542.png
ouyang_xun_03,ouyang_xun,承,Fonts/my_fonts/03/char_0863.png
yu_shinan_06,yu_shinan,承,Fonts/my_fonts/06/char_0045.png
yan_zhenqing_07,yan_zhenqing,承,Fonts/my_fonts/07/char_1269.png
zhiyong_00,zhiyong,明,Fonts/my_fonts/00/char_0472.png
shen_yinmo_01,shen_yinmo,明,Fonts/my_fonts/01/font_00_0843.png
liu_gongquan_02,liu_gongquan,明,Fonts/my_fonts/02/char_0631.png
liu_gongquan_02,liu_gongquan,明,Fonts/my_fonts/02/char_0883.png
liu_gongquan_02,liu_gongquan,明,Fonts/my_fonts/02/char_1096.png
liu_gongquan_02,liu_gongquan,明,Fonts/my_fonts/02/char_1231.png
liu_gongquan_02,liu_gongquan,明,Fonts/my_fonts/02/char_1249.png
liu_gongquan_02,liu_gongquan,明,Fonts/my_fonts/02/char_1255.png
liu_gongquan_02,liu_gongquan,明,Fonts/my_fonts/02/char_1262.png
liu_gongquan_02,liu_gongquan,明,Fonts/my_fonts/02/char_1310.png
liu_gongquan_02,liu_gongquan,明,Fonts/my_fonts/02/char_1353.png
liu_gongquan_02,liu_gongquan,明,Fonts/my_fonts/02/char_1384.png
ouyang_xun_03,ouyang_xun,明,Fonts/my_fonts/03/char_0955.png
ouyang_xun_03,ouyang_xun,明,Fonts/my_fonts/03/char_0956.png
zhao_mengfu_04,zhao_mengfu,明,Fonts/my_fonts/04/char_0360.png
yu_shinan_06,yu_shinan,明,Fonts/my_fonts/06/char_0025.png
yan_zhenqing_07,yan_zhenqing,明,Fonts/my_fonts/07/char_0078.png
yan_zhenqing_07,yan_zhenqing,明,Fonts/my_fonts/07/char_0439.png
yan_zhenqing_07,yan_zhenqing,明,Fonts/my_fonts/07/char_0465.png
yan_zhenqing_07,yan_zhenqing,明,Fonts/my_fonts/07/char_0650.png
yan_zhenqing_07,yan_zhenqing,明,Fonts/my_fonts/07/char_1198.png
yan_zhenqing_07,yan_zhenqing,明,Fonts/my_fonts/07/char_1468.png
yan_zhenqing_07,yan_zhenqing,明,Fonts/my_fonts/07/char_1862.png
shen_yinmo_09,shen_yinmo,明,Fonts/my_fonts/09/char_0117.png
shen_yinmo_09,shen_yinmo,明,Fonts/my_fonts/09/char_0121.png
shen_yinmo_09,shen_yinmo,明,Fonts/my_fonts/09/char_0218.png
zhiyong_00,zhiyong,既,Fonts/my_fonts/00/char_0473.png
liu_gongquan_02,liu_gongquan,既,Fonts/my_fonts/02/char_0659.png
ouyang_xun_03,ouyang_xun,既,Fonts/my_fonts/03/char_0418.png
ouyang_xun_03,ouyang_xun,既,Fonts/my_fonts/03/char_0476.png
ouyang_xun_03,ouyang_xun,既,Fonts/my_fonts/03/char_0735.png
zhao_mengfu_04,zhao_mengfu,既,Fonts/my_fonts/04/char_0308.png
yan_zhenqing_07,yan_zhenqing,既,Fonts/my_fonts/07/char_0327.png
yan_zhenqing_07,yan_zhenqing,既,Fonts/my_fonts/07/char_1106.png
zhiyong_00,zhiyong,集,Fonts/my_fonts/00/char_0474.png
liu_gongquan_02,liu_gongquan,集,Fonts/my_fonts/02/char_0173.png
liu_gongquan_02,liu_gongquan,集,Fonts/my_fonts/02/char_0213.png
liu_gongquan_02,liu_gongquan,集,Fonts/my_fonts/02/char_1608.png
zhao_mengfu_04,zhao_mengfu,集,Fonts/my_fonts/04/char_0471.png
yan_zhenqing_07,yan_zhenqing,集,Fonts/my_fonts/07/char_0913.png
shen_yinmo_09,shen_yinmo,集,Fonts/my_fonts/09/char_0135.png
zhiyong_00,zhiyong,典,Fonts/my_fonts/00/char_0476.png
liu_gongquan_02,liu_gongquan,典,Fonts/my_fonts/02/char_0263.png
ouyang_xun_03,ouyang_xun,典,Fonts/my_fonts/03/char_0824.png
zhiyong_00,zhiyong,亦,Fonts/my_fonts/00/char_0477.png
shen_yinmo_01,shen_yinmo,亦,Fonts/my_fonts/01/font_00_0407.png
shen_yinmo_01,shen_yinmo,亦,Fonts/my_fonts/01/font_00_0481.png
ouyang_xun_03,ouyang_xun,亦,Fonts/my_fonts/03/char_0625.png
yu_shinan_06,yu_shinan,亦,Fonts/my_fonts/06/char_0196.png
shen_yinmo_08,shen_yinmo,亦,Fonts/my_fonts/08/char_0261.png
shen_yinmo_08,shen_yinmo,亦,Fonts/my_fonts/08/char_0300.png
shen_yinmo_08,shen_yinmo,亦,Fonts/my_fonts/08/char_0310.png
shen_yinmo_09,shen_yinmo,亦,Fonts/my_fonts/09/char_0057.png
shen_yinmo_09,shen_yinmo,亦,Fonts/my_fonts/09/char_0118.png
shen_yinmo_09,shen_yinmo,亦,Fonts/my_fonts/09/char_0128.png
shen_yinmo_09,shen_yinmo,亦,Fonts/my_fonts/09/char_0140.png
shen_yinmo_10,shen_yinmo,亦,Fonts/my_fonts/10/char_0288.png
shen_yinmo_10,shen_yinmo,亦,Fonts/my_fonts/10/char_0311.png
shen_yinmo_10,shen_yinmo,亦,Fonts/my_fonts/10/char_0322.png
zhiyong_00,zhiyong,聚,Fonts/my_fonts/00/char_0478.png
yan_zhenqing_07,yan_zhenqing,聚,Fonts/my_fonts/07/char_1506.png
yan_zhenqing_07,yan_zhenqing,聚,Fonts/my_fonts/07/char_1883.png
zhiyong_00,zhiyong,群,Fonts/my_fonts/00/char_0479.png
liu_gongquan_02,liu_gongquan,群,Fonts/my_fonts/02/char_1515.png
ouyang_xun_03,ouyang_xun,群,Fonts/my_fonts/03/char_0244.png
ouyang_xun_03,ouyang_xun,群,Fonts/my_fonts/03/char_0308.png
ouyang_xun_03,ouyang_xun,群,Fonts/my_fonts/03/char_0600.png
yan_zhenqing_07,yan_zhenqing,群,Fonts/my_fonts/07/char_1550.png
zhiyong_00,zhiyong,英,Fonts/my_fonts/00/char_0480.png
liu_gongquan_02,liu_gongquan,英,Fonts/my_fonts/02/char_0208.png
liu_gongquan_02,liu_gongquan,英,Fonts/my_fonts/02/char_0211.png
yan_zhenqing_07,yan_zhenqing,英,Fonts/my_fonts/07/char_1343.png
zhiyong_00,zhiyong,鍾,Fonts/my_fonts/00/char_0483.png
shen_yinmo_08,shen_yinmo,鍾,Fonts/my_fonts/08/char_0372.png
shen_yinmo_10,shen_yinmo,鍾,Fonts/my_fonts/10/char_0130.png
shen_yinmo_10,shen_yinmo,鍾,Fonts/my_fonts/10/char_0223.png
shen_yinmo_10,shen_yinmo,鍾,Fonts/my_fonts/10/char_0384.png
shen_yinmo_10,shen_yinmo,鍾,Fonts/my_fonts/10/char_0459.png
zhiyong_00,zhiyong,隸,Fonts/my_fonts/00/char_0484.png
liu_gongquan_02,liu_gongquan,隸,Fonts/my_fonts/02/char_0995.png
liu_gongquan_02,liu_gongquan,隸,Fonts/my_fonts/02/char_1054.png
liu_gongquan_02,liu_gongquan,隸,Fonts/my_fonts/02/char_1336.png
shen_yinmo_08,shen_yinmo,隸,Fonts/my_fonts/08/char_0307.png
shen_yinmo_08,shen_yinmo,隸,Fonts/my_fonts/08/char_0400.png
shen_yinmo_10,shen_yinmo,隸,Fonts/my_fonts/10/char_0319.png
shen_yinmo_10,shen_yinmo,隸,Fonts/my_fonts/10/char_0411.png
zhiyong_00,zhiyong,書,Fonts/my_fonts/00/char_0486.png
liu_gongquan_02,liu_gongquan,書,Fonts/my_fonts/02/char_0004.png
liu_gongquan_02,liu_gongquan,書,Fonts/my_fonts/02/char_0035.png
liu_gongquan_02,liu_gongquan,書,Fonts/my_fonts/02/char_0075.png
liu_gongquan_02,liu_gongquan,書,Fonts/my_fonts/02/char_0110.png
liu_gongquan_02,liu_gongquan,書,Fonts/my_fonts/02/char_0144.png
liu_gongquan_02,liu_gongquan,書,Fonts/my_fonts/02/char_0168.png
liu_gongquan_02,liu_gongquan,書,Fonts/my_fonts/02/char_0349.png
liu_gongquan_02,liu_gongquan,書,Fonts/my_fonts/02/char_0352.png
liu_gongquan_02,liu_gongquan,書,Fonts/my_fonts/02/char_0380.png
liu_gongquan_02,liu_gongquan,書,Fonts/my_fonts/02/char_0474.png
liu_gongquan_02,liu_gongquan,書,Fonts/my_fonts/02/char_0483.png
liu_gongquan_02,liu_gongquan,書,Fonts/my_fonts/02/char_0564.png
liu_gongquan_02,liu_gongquan,書,Fonts/my_fonts/02/char_0617.png
liu_gongquan_02,liu_gongquan,書,Fonts/my_fonts/02/char_0779.png
liu_gongquan_02,liu_gongquan,書,Fonts/my_fonts/02/char_0810.png
liu_gongquan_02,liu_gongquan,書,Fonts/my_fonts/02/char_0816.png
liu_gongquan_02,liu_gongquan,書,Fonts/my_fonts/02/char_1013.png
liu_gongquan_02,liu_gongquan,書,Fonts/my_fonts/02/char_1055.png
liu_gongquan_02,liu_gongquan,書,Fonts/my_fonts/02/char_1108.png
liu_gongquan_02,liu_gongquan,書,Fonts/my_fonts/02/char_1122.png
liu_gongquan_02,liu_gongquan,書,Fonts/my_fonts/02/char_1303.png
liu_gongquan_02,liu_gongquan,書,Fonts/my_fonts/02/char_1337.png
ouyang_xun_03,ouyang_xun,書,Fonts/my_fonts/03/char_0008.png
ouyang_xun_03,ouyang_xun,書,Fonts/my_fonts/03/char_0813.png
ouyang_xun_03,ouyang_xun,書,Fonts/my_fonts/03/char_0885.png
ouyang_xun_03,ouyang_xun,書,Fonts/my_fonts/03/char_1100.png
zhao_mengfu_04,zhao_mengfu,書,Fonts/my_fonts/04/char_0494.png
yu_shinan_06,yu_shinan,書,Fonts/my_fonts/06/char_0346.png
yan_zhenqing_07,yan_zhenqing,書,Fonts/my_fonts/07/char_0026.png
yan_zhenqing_07,yan_zhenqing,書,Fonts/my_fonts/07/char_0037.png
yan_zhenqing_07,yan_zhenqing,書,Fonts/my_fonts/07/char_0045.png
yan_zhenqing_07,yan_zhenqing,書,Fonts/my_fonts/07/char_0732.png
shen_yinmo_08,shen_yinmo,書,Fonts/my_fonts/08/char_0039.png
shen_yinmo_08,shen_yinmo,書,Fonts/my_fonts/08/char_0093.png
shen_yinmo_08,shen_yinmo,書,Fonts/my_fonts/08/char_0110.png
shen_yinmo_08,shen_yinmo,書,Fonts/my_fonts/08/char_0188.png
shen_yinmo_08,shen_yinmo,書,Fonts/my_fonts/08/char_0221.png
shen_yinmo_08,shen_yinmo,書,Fonts/my_fonts/08/char_0224.png
shen_yinmo_08,shen_yinmo,書,Fonts/my_fonts/08/char_0233.png
shen_yinmo_08,shen_yinmo,書,Fonts/my_fonts/08/char_0299.png
shen_yinmo_08,shen_yinmo,書,Fonts/my_fonts/08/char_0391.png
shen_yinmo_08,shen_yinmo,書,Fonts/my_fonts/08/char_0423.png
shen_yinmo_08,shen_yinmo,書,Fonts/my_fonts/08/char_0443.png
shen_yinmo_08,shen_yinmo,書,Fonts/my_fonts/08/char_0453.png
shen_yinmo_08,shen_yinmo,書,Fonts/my_fonts/08/char_0464.png
shen_yinmo_08,shen_yinmo,書,Fonts/my_fonts/08/char_0483.png
shen_yinmo_08,shen_yinmo,書,Fonts/my_fonts/08/char_0503.png
shen_yinmo_08,shen_yinmo,書,Fonts/my_fonts/08/char_0517.png
shen_yinmo_08,shen_yinmo,書,Fonts/my_fonts/08/char_0534.png
shen_yinmo_10,shen_yinmo,書,Fonts/my_fonts/10/char_0060.png
shen_yinmo_10,shen_yinmo,書,Fonts/my_fonts/10/char_0114.png
shen_yinmo_10,shen_yinmo,書,Fonts/my_fonts/10/char_0127.png
shen_yinmo_10,shen_yinmo,書,Fonts/my_fonts/10/char_0245.png
shen_yinmo_10,shen_yinmo,書,Fonts/my_fonts/10/char_0248.png
shen_yinmo_10,shen_yinmo,書,Fonts/my_fonts/10/char_0257.png
shen_yinmo_10,shen_yinmo,書,Fonts/my_fonts/10/char_0310.png
shen_yinmo_10,shen_yinmo,書,Fonts/my_fonts/10/char_0402.png
shen_yinmo_10,shen_yinmo,書,Fonts/my_fonts/10/char_0434.png
shen_yinmo_10,shen_yinmo,書,Fonts/my_fonts/10/char_0453.png
shen_yinmo_10,shen_yinmo,書,Fonts/my_fonts/10/char_0463.png
shen_yinmo_10,shen_yinmo,書,Fonts/my_fonts/10/char_0473.png
shen_yinmo_10,shen_yinmo,書,Fonts/my_fonts/10/char_0492.png
shen_yinmo_10,shen_yinmo,書,Fonts/my_fonts/10/char_0512.png
zhiyong_00,zhiyong,壁,Fonts/my_fonts/00/char_0487.png
ouyang_xun_03,ouyang_xun,壁,Fonts/my_fonts/03/char_0394.png
zhao_mengfu_04,zhao_mengfu,壁,Fonts/my_fonts/04/char_0418.png
zhiyong_00,zhiyong,經,Fonts/my_fonts/00/char_0488.png
shen_yinmo_01,shen_yinmo,經,Fonts/my_fonts/01/font_00_0622.png
liu_gongquan_02,liu_gongquan,經,Fonts/my_fonts/02/char_0141.png
liu_gongquan_02,liu_gongquan,經,Fonts/my_fonts/02/char_0161.png
liu_gongquan_02,liu_gongquan,經,Fonts/my_fonts/02/char_0318.png
liu_gongquan_02,liu_gongquan,經,Fonts/my_fonts/02/char_0530.png
liu_gongquan_02,liu_gongquan,經,Fonts/my_fonts/02/char_0534.png
liu_gongquan_02,liu_gongquan,經,Fonts/my_fonts/02/char_0884.png
liu_gongquan_02,liu_gongquan,經,Fonts/my_fonts/02/char_1097.png
liu_gongquan_02,liu_gongquan,經,Fonts/my_fonts/02/char_1311.png
ouyang_xun_03,ouyang_xun,經,Fonts/my_fonts/03/char_0176.png
zhao_mengfu_04,zhao_mengfu,經,Fonts/my_fonts/04/char_0019.png
yan_zhenqing_07,yan_zhenqing,經,Fonts/my_fonts/07/char_0072.png
yan_zhenqing_07,yan_zhenqing,經,Fonts/my_fonts/07/char_0195.png
yan_zhenqing_07,yan_zhenqing,經,Fonts/my_fonts/07/char_0533.png
yan_zhenqing_07,yan_zhenqing,經,Fonts/my_fonts/07/char_0893.png
yan_zhenqing_07,yan_zhenqing,經,Fonts/my_fonts/07/char_1006.png
yan_zhenqing_07,yan_zhenqing,經,Fonts/my_fonts/07/char_1018.png
yan_zhenqing_07,yan_zhenqing,經,Fonts/my_fonts/07/char_1081.png
yan_zhenqing_07,yan_zhenqing,經,Fonts/my_fonts/07/char_1213.png
shen_yinmo_08,shen_yinmo,經,Fonts/my_fonts/08/char_0462.png
shen_yinmo_09,shen_yinmo,經,Fonts/my_fonts/09/char_0008.png
shen_yinmo_09,shen_yinmo,經,Fonts/my_fonts/09/char_0276.png
shen_yinmo_10,shen_yinmo,經,Fonts/my_fonts/10/char_0472.png
zhiyong_00,zhiyong,府,Fonts/my_fonts/00/char_0489.png
shen_yinmo_01,shen_yinmo,府,Fonts/my_fonts/01/font_00_0046.png
shen_yinmo_01,shen_yinmo,府,Fonts/my_fonts/01/font_00_0077.png
shen_yinmo_01,shen_yinmo,府,Fonts/my_fonts/01/font_00_0083.png
shen_yinmo_01,shen_yinmo,府,Fonts/my_fonts/01/font_00_0142.png
shen_yinmo_01,shen_yinmo,府,Fonts/my_fonts/01/font_00_0255.png
shen_yinmo_01,shen_yinmo,府,Fonts/my_fonts/01/font_00_0296.png
shen_yinmo_01,shen_yinmo,府,Fonts/my_fonts/01/font_00_0302.png
shen_yinmo_01,shen_yinmo,府,Fonts/my_fonts/01/font_00_0321.png
shen_yinmo_01,shen_yinmo,府,Fonts/my_fonts/01/font_00_0420.png
shen_yinmo_01,shen_yinmo,府,Fonts/my_fonts/01/font_00_0433.png
shen_yinmo_01,shen_yinmo,府,Fonts/my_fonts/01/font_00_0567.png
shen_yinmo_01,shen_yinmo,府,Fonts/my_fonts/01/font_00_0672.png
shen_yinmo_01,shen_yinmo,府,Fonts/my_fonts/01/font_00_0754.png
shen_yinmo_01,shen_yinmo,府,Fonts/my_fonts/01/font_00_0878.png
liu_gongquan_02,liu_gongquan,府,Fonts/my_fonts/02/char_0013.png
liu_gongquan_02,liu_gongquan,府,Fonts/my_fonts/02/char_0362.png
liu_gongquan_02,liu_gongquan,府,Fonts/my_fonts/02/char_0513.png
liu_gongquan_02,liu_gongquan,府,Fonts/my_fonts/02/char_0628.png
liu_gongquan_02,liu_gongquan,府,Fonts/my_fonts/02/char_0655.png
liu_gongquan_02,liu_gongquan,府,Fonts/my_fonts/02/char_1113.png
liu_gongquan_02,liu_gongquan,府,Fonts/my_fonts/02/char_1344.png
liu_gongquan_02,liu_gongquan,府,Fonts/my_fonts/02/char_1398.png
yan_zhenqing_07,yan_zhenqing,府,Fonts/my_fonts/07/char_1999.png
zhiyong_00,zhiyong,羅,Fonts/my_fonts/00/char_0490.png
zhao_mengfu_04,zhao_mengfu,羅,Fonts/my_fonts/04/char_0205.png
yan_zhenqing_07,yan_zhenqing,羅,Fonts/my_fonts/07/char_0824.png
yan_zhenqing_07,yan_zhenqing,羅,Fonts/my_fonts/07/char_1394.png
shen_yinmo_09,shen_yinmo,羅,Fonts/my_fonts/09/char_0004.png
shen_yinmo_09,shen_yinmo,羅,Fonts/my_fonts/09/char_0019.png
shen_yinmo_09,shen_yinmo,羅,Fonts/my_fonts/09/char_0156.png
shen_yinmo_09,shen_yinmo,羅,Fonts/my_fonts/09/char_0190.png
shen_yinmo_09,shen_yinmo,羅,Fonts/my_fonts/09/char_0198.png
shen_yinmo_09,shen_yinmo,羅,Fonts/my_fonts/09/char_0209.png
shen_yinmo_09,shen_yinmo,羅,Fonts/my_fonts/09/char_0243.png
shen_yinmo_09,shen_yinmo,羅,Fonts/my_fonts/09/char_0256.png
shen_yinmo_09,shen_yinmo,羅,Fonts/my_fonts/09/char_0260.png
zhiyong_00,zhiyong,將,Fonts/my_fonts/00/char_0491.png
shen_yinmo_01,shen_yinmo,將,Fonts/my_fonts/01/font_00_0790.png
shen_yinmo_01,shen_yinmo,將,Fonts/my_fonts/01/font_00_0863.png
liu_gongquan_02,liu_gongquan,將,Fonts/my_fonts/02/char_0182.png
liu_gongquan_02,liu_gongquan,將,Fonts/my_fonts/02/char_0261.png
liu_gongquan_02,liu_gongquan,將,Fonts/my_fonts/02/char_0940.png
ouyang_xun_03,ouyang_xun,將,Fonts/my_fonts/03/char_0612.png
ouyang_xun_03,ouyang_xun,將,Fonts/my_fonts/03/char_0742.png
yan_zhenqing_07,yan_zhenqing,將,Fonts/my_fonts/07/char_0765.png
shen_yinmo_08,shen_yinmo,將,Fonts/my_fonts/08/char_0424.png
shen_yinmo_10,shen_yinmo,將,Fonts/my_fonts/10/char_0025.png
shen_yinmo_10,shen_yinmo,將,Fonts/my_fonts/10/char_0032.png
shen_yinmo_10,shen_yinmo,將,Fonts/my_fonts/10/char_0435.png
zhiyong_00,zhiyong,相,Fonts/my_fonts/00/char_0492.png
shen_yinmo_01,shen_yinmo,相,Fonts/my_fonts/01/font_00_0001.png
shen_yinmo_01,shen_yinmo,相,Fonts/my_fonts/01/font_00_0270.png
shen_yinmo_01,shen_yinmo,相,Fonts/my_fonts/01/font_00_0575.png
shen_yinmo_01,shen_yinmo,相,Fonts/my_fonts/01/font_00_0731.png
liu_gongquan_02,liu_gongquan,相,Fonts/my_fonts/02/char_0491.png
liu_gongquan_02,liu_gongquan,相,Fonts/my_fonts/02/char_0558.png
liu_gongquan_02,liu_gongquan,相,Fonts/my_fonts/02/char_0894.png
ouyang_xun_03,ouyang_xun,相,Fonts/my_fonts/03/char_0102.png
ouyang_xun_03,ouyang_xun,相,Fonts/my_fonts/03/char_0753.png
yan_zhenqing_07,yan_zhenqing,相,Fonts/my_fonts/07/char_0147.png
yan_zhenqing_07,yan_zhenqing,相,Fonts/my_fonts/07/char_0427.png
yan_zhenqing_07,yan_zhenqing,相,Fonts/my_fonts/07/char_0552.png
yan_zhenqing_07,yan_zhenqing,相,Fonts/my_fonts/07/char_0565.png
yan_zhenqing_07,yan_zhenqing,相,Fonts/my_fonts/07/char_1471.png
yan_zhenqing_07,yan_zhenqing,相,Fonts/my_fonts/07/char_1602.png
yan_zhenqing_07,yan_zhenqing,相,Fonts/my_fonts/07/char_1708.png
yan_zhenqing_07,yan_zhenqing,相,Fonts/my_fonts/07/char_1709.png
shen_yinmo_08,shen_yinmo,相,Fonts/my_fonts/08/char_0063.png
shen_yinmo_08,shen_yinmo,相,Fonts/my_fonts/08/char_0076.png
shen_yinmo_08,shen_yinmo,相,Fonts/my_fonts/08/char_0308.png
shen_yinmo_09,shen_yinmo,相,Fonts/my_fonts/09/char_0068.png
shen_yinmo_10,shen_yinmo,相,Fonts/my_fonts/10/char_0084.png
shen_yinmo_10,shen_yinmo,相,Fonts/my_fonts/10/char_0097.png
shen_yinmo_10,shen_yinmo,相,Fonts/my_fonts/10/char_0275.png
shen_yinmo_10,shen_yinmo,相,Fonts/my_fonts/10/char_0320.png
zhiyong_00,zhiyong,路,Fonts/my_fonts/00/char_0493.png
zhao_mengfu_04,zhao_mengfu,路,Fonts/my_fonts/04/char_0398.png
zhiyong_00,zhiyong,卿,Fonts/my_fonts/00/char_0496.png
liu_gongquan_02,liu_gongquan,卿,Fonts/my_fonts/02/char_0032.png
liu_gongquan_02,liu_gongquan,卿,Fonts/my_fonts/02/char_0713.png
liu_gongquan_02,liu_gongquan,卿,Fonts/my_fonts/02/char_0876.png
liu_gongquan_02,liu_gongquan,卿,Fonts/my_fonts/02/char_0916.png
liu_gongquan_02,liu_gongquan,卿,Fonts/my_fonts/02/char_0959.png
liu_gongquan_02,liu_gongquan,卿,Fonts/my_fonts/02/char_0990.png
liu_gongquan_02,liu_gongquan,卿,Fonts/my_fonts/02/char_1010.png
liu_gongquan_02,liu_gongquan,卿,Fonts/my_fonts/02/char_1082.png
liu_gongquan_02,liu_gongquan,卿,Fonts/my_fonts/02/char_1117.png
liu_gongquan_02,liu_gongquan,卿,Fonts/my_fonts/02/char_1198.png
liu_gongquan_02,liu_gongquan,卿,Fonts/my_fonts/02/char_1200.png
liu_gongquan_02,liu_gongquan,卿,Fonts/my_fonts/02/char_1202.png
liu_gongquan_02,liu_gongquan,卿,Fonts/my_fonts/02/char_1212.png
liu_gongquan_02,liu_gongquan,卿,Fonts/my_fonts/02/char_1503.png
liu_gongquan_02,liu_gongquan,卿,Fonts/my_fonts/02/char_1505.png
liu_gongquan_02,liu_gongquan,卿,Fonts/my_fonts/02/char_1507.png
liu_gongquan_02,liu_gongquan,卿,Fonts/my_fonts/02/char_1601.png
ouyang_xun_03,ouyang_xun,卿,Fonts/my_fonts/03/char_0751.png
yan_zhenqing_07,yan_zhenqing,卿,Fonts/my_fonts/07/char_0036.png
zhiyong_00,zhiyong,戶,Fonts/my_fonts/00/char_0497.png
ouyang_xun_03,ouyang_xun,戶,Fonts/my_fonts/03/char_0235.png
zhao_mengfu_04,zhao_mengfu,戶,Fonts/my_fonts/04/char_0014.png
zhao_mengfu_04,zhao_mengfu,戶,Fonts/my_fonts/04/char_0341.png
zhao_mengfu_04,zhao_mengfu,戶,Fonts/my_fonts/04/char_0344.png
zhao_mengfu_04,zhao_mengfu,戶,Fonts/my_fonts/04/char_0406.png
yan_zhenqing_07,yan_zhenqing,戶,Fonts/my_fonts/07/char_0317.png
yan_zhenqing_07,yan_zhenqing,戶,Fonts/my_fonts/07/char_1282.png
yan_zhenqing_07,yan_zhenqing,戶,Fonts/my_fonts/07/char_1308.png
zhiyong_00,zhiyong,封,Fonts/my_fonts/00/char_0498.png
yu_shinan_06,yu_shinan,封,Fonts/my_fonts/06/char_0222.png
yan_zhenqing_07,yan_zhenqing,封,Fonts/my_fonts/07/char_1840.png
zhiyong_00,zhiyong,八,Fonts/my_fonts/00/char_0499.png
shen_yinmo_01,shen_yinmo,八,Fonts/my_fonts/01/font_00_0029.png
shen_yinmo_01,shen_yinmo,八,Fonts/my_fonts/01/font_00_0039.png
shen_yinmo_01,shen_yinmo,八,Fonts/my_fonts/01/font_00_0428.png
yu_shinan_06,yu_shinan,八,Fonts/my_fonts/06/char_0153.png
yu_shinan_06,yu_shinan,八,Fonts/my_fonts/06/char_0336.png
yan_zhenqing_07,yan_zhenqing,八,Fonts/my_fonts/07/char_0964.png
yan_zhenqing_07,yan_zhenqing,八,Fonts/my_fonts/07/char_1385.png
yan_zhenqing_07,yan_zhenqing,八,Fonts/my_fonts/07/char_1526.png
shen_yinmo_08,shen_yinmo,八,Fonts/my_fonts/08/char_0304.png
shen_yinmo_08,shen_yinmo,八,Fonts/my_fonts/08/char_0361.png
shen_yinmo_08,shen_yinmo,八,Fonts/my_fonts/08/char_0395.png
shen_yinmo_10,shen_yinmo,八,Fonts/my_fonts/10/char_0316.png
shen_yinmo_10,shen_yinmo,八,Fonts/my_fonts/10/char_0372.png
shen_yinmo_10,shen_yinmo,八,Fonts/my_fonts/10/char_0406.png
zhiyong_00,zhiyong,縣,Fonts/my_fonts/00/char_0500.png
liu_gongquan_02,liu_gongquan,縣,Fonts/my_fonts/02/char_0670.png
liu_gongquan_02,liu_gongquan,縣,Fonts/my_fonts/02/char_0891.png
liu_gongquan_02,liu_gongquan,縣,Fonts/my_fonts/02/char_1170.png
ouyang_xun_03,ouyang_xun,縣,Fonts/my_fonts/03/char_0231.png
zhiyong_00,zhiyong,家,Fonts/my_fonts/00/char_0501.png
shen_yinmo_01,shen_yinmo,家,Fonts/my_fonts/01/font_00_0412.png
shen_yinmo_01,shen_yinmo,家,Fonts/my_fonts/01/font_00_0524.png
shen_yinmo_01,shen_yinmo,家,Fonts/my_fonts/01/font_00_0763.png
shen_yinmo_01,shen_yinmo,家,Fonts/my_fonts/01/font_00_0868.png
liu_gongquan_02,liu_gongquan,家,Fonts/my_fonts/02/char_0267.png
liu_gongquan_02,liu_gongquan,家,Fonts/my_fonts/02/char_1574.png
ouyang_xun_03,ouyang_xun,家,Fonts/my_fonts/03/char_0329.png
yan_zhenqing_07,yan_zhenqing,家,Fonts/my_fonts/07/char_0191.png
zhiyong_00,zhiyong,給,Fonts/my_fonts/00/char_0502.png
liu_gongquan_02,liu_gongquan,給,Fonts/my_fonts/02/char_0098.png
zhao_mengfu_04,zhao_mengfu,給,Fonts/my_fonts/04/char_0152.png
zhiyong_00,zhiyong,千,Fonts/my_fonts/00/char_0503.png
liu_gongquan_02,liu_gongquan,千,Fonts/my_fonts/02/char_0952.png
liu_gongquan_02,liu_gongquan,千,Fonts/my_fonts/02/char_1427.png
liu_gongquan_02,liu_gongquan,千,Fonts/my_fonts/02/char_1519.png
ouyang_xun_03,ouyang_xun,千,Fonts/my_fonts/03/char_0094.png
ouyang_xun_03,ouyang_xun,千,Fonts/my_fonts/03/char_0845.png
zhao_mengfu_04,zhao_mengfu,千,Fonts/my_fonts/04/char_0231.png
yu_shinan_06,yu_shinan,千,Fonts/my_fonts/06/char_0325.png
yan_zhenqing_07,yan_zhenqing,千,Fonts/my_fonts/07/char_0005.png
yan_zhenqing_07,yan_zhenqing,千,Fonts/my_fonts/07/char_0365.png
yan_zhenqing_07,yan_zhenqing,千,Fonts/my_fonts/07/char_0372.png
yan_zhenqing_07,yan_zhenqing,千,Fonts/my_fonts/07/char_0393.png
yan_zhenqing_07,yan_zhenqing,千,Fonts/my_fonts/07/char_0620.png
yan_zhenqing_07,yan_zhenqing,千,Fonts/my_fonts/07/char_0671.png
yan_zhenqing_07,yan_zhenqing,千,Fonts/my_fonts/07/char_0945.png
yan_zhenqing_07,yan_zhenqing,千,Fonts/my_fonts/07/char_1026.png
yan_zhenqing_07,yan_zhenqing,千,Fonts/my_fonts/07/char_1083.png
yan_zhenqing_07,yan_zhenqing,千,Fonts/my_fonts/07/char_1098.png
yan_zhenqing_07,yan_zhenqing,千,Fonts/my_fonts/07/char_1363.png
yan_zhenqing_07,yan_zhenqing,千,Fonts/my_fonts/07/char_1397.png
yan_zhenqing_07,yan_zhenqing,千,Fonts/my_fonts/07/char_1426.png
shen_yinmo_10,shen_yinmo,千,Fonts/my_fonts/10/char_0538.png
zhiyong_00,zhiyong,兵,Fonts/my_fonts/00/char_0504.png
liu_gongquan_02,liu_gongquan,兵,Fonts/my_fonts/02/char_1114.png
zhiyong_00,zhiyong,高,Fonts/my_fonts/00/char_0505.png
liu_gongquan_02,liu_gongquan,高,Fonts/my_fonts/02/char_0047.png
liu_gongquan_02,liu_gongquan,高,Fonts/my_fonts/02/char_0782.png
liu_gongquan_02,liu_gongquan,高,Fonts/my_fonts/02/char_0819.png
liu_gongquan_02,liu_gongquan,高,Fonts/my_fonts/02/char_0954.png
ouyang_xun_03,ouyang_xun,高,Fonts/my_fonts/03/char_0066.png
ouyang_xun_03,ouyang_xun,高,Fonts/my_fonts/03/char_0517.png
zhao_mengfu_04,zhao_mengfu,高,Fonts/my_fonts/04/char_0182.png
zhao_mengfu_04,zhao_mengfu,高,Fonts/my_fonts/04/char_0359.png
yu_shinan_06,yu_shinan,高,Fonts/my_fonts/06/char_0145.png
yu_shinan_06,yu_shinan,高,Fonts/my_fonts/06/char_0250.png
yan_zhenqing_07,yan_zhenqing,高,Fonts/my_fonts/07/char_0114.png
yan_zhenqing_07,yan_zhenqing,高,Fonts/my_fonts/07/char_1125.png
yan_zhenqing_07,yan_zhenqing,高,Fonts/my_fonts/07/char_1636.png
shen_yinmo_10,shen_yinmo,高,Fonts/my_fonts/10/char_0197.png
zhiyong_00,zhiyong,冠,Fonts/my_fonts/00/char_0506.png
ouyang_xun_03,ouyang_xun,冠,Fonts/my_fonts/03/char_0050.png
ouyang_xun_03,ouyang_xun,冠,Fonts/my_fonts/03/char_0175.png
ouyang_xun_03,ouyang_xun,冠,Fonts/my_fonts/03/char_0657.png
ouyang_xun_03,ouyang_xun,冠,Fonts/my_fonts/03/char_0893.png
yan_zhenqing_07,yan_zhenqing,冠,Fonts/my_fonts/07/char_1319.png
zhiyong_00,zhiyong,驅,Fonts/my_fonts/00/char_0509.png
yan_zhenqing_07,yan_zhenqing,驅,Fonts/my_fonts/07/char_1500.png
zhiyong_00,zhiyong,振,Fonts/my_fonts/00/char_0511.png
shen_yinmo_01,shen_yinmo,振,Fonts/my_fonts/01/font_00_0347.png
shen_yinmo_01,shen_yinmo,振,Fonts/my_fonts/01/font_00_0348.png
shen_yinmo_01,shen_yinmo,振,Fonts/my_fonts/01/font_00_0415.png
shen_yinmo_08,shen_yinmo,振,Fonts/my_fonts/08/char_0058.png
shen_yinmo_08,shen_yinmo,振,Fonts/my_fonts/08/char_0219.png
shen_yinmo_10,shen_yinmo,振,Fonts/my_fonts/10/char_0080.png
shen_yinmo_10,shen_yinmo,振,Fonts/my_fonts/10/char_0242.png
zhiyong_00,zhiyong,世,Fonts/my_fonts/00/char_0513.png
shen_yinmo_01,shen_yinmo,世,Fonts/my_fonts/01/font_00_0765.png
shen_yinmo_01,shen_yinmo,世,Fonts/my_fonts/01/font_00_0887.png
liu_gongquan_02,liu_gongquan,世,Fonts/my_fonts/02/char_1210.png
liu_gongquan_02,liu_gongquan,世,Fonts/my_fonts/02/char_1470.png
yu_shinan_06,yu_shinan,世,Fonts/my_fonts/06/char_0344.png
shen_yinmo_09,shen_yinmo,世,Fonts/my_fonts/09/char_0183.png
zhiyong_00,zhiyong,祿,Fonts/my_fonts/00/char_0514.png
liu_gongquan_02,liu_gongquan,祿,Fonts/my_fonts/02/char_0938.png
liu_gongquan_02,liu_gongquan,祿,Fonts/my_fonts/02/char_1208.png
zhiyong_00,zhiyong,侈,Fonts/my_fonts/00/char_0515.png
ouyang_xun_03,ouyang_xun,侈,Fonts/my_fonts/03/char_0121.png
zhiyong_00,zhiyong,富,Fonts/my_fonts/00/char_0516.png
liu_gongquan_02,liu_gongquan,富,Fonts/my_fonts/02/char_1088.png
zhiyong_00,zhiyong,車,Fonts/my_fonts/00/char_0517.png
liu_gongquan_02,liu_gongquan,車,Fonts/my_fonts/02/char_0374.png
yan_zhenqing_07,yan_zhenqing,車,Fonts/my_fonts/07/char_1767.png
yan_zhenqing_07,yan_zhenqing,車,Fonts/my_fonts/07/char_2001.png
zhiyong_00,zhiyong,駕,Fonts/my_fonts/00/char_0518.png
yan_zhenqing_07,yan_zhenqing,駕,Fonts/my_fonts/07/char_1312.png
zhiyong_00,zhiyong,輕,Fonts/my_fonts/00/char_0520.png
liu_gongquan_02,liu_gongquan,輕,Fonts/my_fonts/02/char_0373.png
zhiyong_00,zhiyong,策,Fonts/my_fonts/00/char_0521.png
ouyang_xun_03,ouyang_xun,策,Fonts/my_fonts/03/char_0825.png
zhiyong_00,zhiyong,功,Fonts/my_fonts/00/char_0522.png
liu_gongquan_02,liu_gongquan,功,Fonts/my_fonts/02/char_0763.png
ouyang_xun_03,ouyang_xun,功,Fonts/my_fonts/03/char_0191.png
ouyang_xun_03,ouyang_xun,功,Fonts/my_fonts/03/char_0257.png
ouyang_xun_03,ouyang_xun,功,Fonts/my_fonts/03/char_0448.png
ouyang_xun_03,ouyang_xun,功,Fonts/my_fonts/03/char_0644.png
ouyang_xun_03,ouyang_xun,功,Fonts/my_fonts/03/char_0853.png
ouyang_xun_03,ouyang_xun,功,Fonts/my_fonts/03/char_0910.png
ouyang_xun_03,ouyang_xun,功,Fonts/my_fonts/03/char_0928.png
zhao_mengfu_04,zhao_mengfu,功,Fonts/my_fonts/04/char_0134.png
yan_zhenqing_07,yan_zhenqing,功,Fonts/my_fonts/07/char_0691.png
yan_zhenqing_07,yan_zhenqing,功,Fonts/my_fonts/07/char_0772.png
yan_zhenqing_07,yan_zhenqing,功,Fonts/my_fonts/07/char_1216.png
yan_zhenqing_07,yan_zhenqing,功,Fonts/my_fonts/07/char_1881.png
zhiyong_00,zhiyong,茂,Fonts/my_fonts/00/char_0523.png
liu_gongquan_02,liu_gongquan,茂,Fonts/my_fonts/02/char_0899.png
liu_gongquan_02,liu_gongquan,茂,Fonts/my_fonts/02/char_1017.png
zhiyong_00,zhiyong,實,Fonts/my_fonts/00/char_0524.png
shen_yinmo_01,shen_yinmo,實,Fonts/my_fonts/01/font_00_0034.png
shen_yinmo_01,shen_yinmo,實,Fonts/my_fonts/01/font_00_0245.png
shen_yinmo_01,shen_yinmo,實,Fonts/my_fonts/01/font_00_0325.png
liu_gongquan_02,liu_gongquan,實,Fonts/my_fonts/02/char_1165.png
ouyang_xun_03,ouyang_xun,實,Fonts/my_fonts/03/char_0781.png
ouyang_xun_03,ouyang_xun,實,Fonts/my_fonts/03/char_0828.png
ouyang_xun_03,ouyang_xun,實,Fonts/my_fonts/03/char_1060.png
yan_zhenqing_07,yan_zhenqing,實,Fonts/my_fonts/07/char_1119.png
shen_yinmo_09,shen_yinmo,實,Fonts/my_fonts/09/char_0235.png
zhiyong_00,zhiyong,勒,Fonts/my_fonts/00/char_0525.png
ouyang_xun_03,ouyang_xun,勒,Fonts/my_fonts/03/char_0831.png
zhiyong_00,zhiyong,碑,Fonts/my_fonts/00/char_0526.png
liu_gongquan_02,liu_gongquan,碑,Fonts/my_fonts/02/char_0023.png
liu_gongquan_02,liu_gongquan,碑,Fonts/my_fonts/02/char_0718.png
liu_gongquan_02,liu_gongquan,碑,Fonts/my_fonts/02/char_0732.png
liu_gongquan_02,liu_gongquan,碑,Fonts/my_fonts/02/char_0849.png
yan_zhenqing_07,yan_zhenqing,碑,Fonts/my_fonts/07/char_0014.png
shen_yinmo_08,shen_yinmo,碑,Fonts/my_fonts/08/char_0383.png
shen_yinmo_08,shen_yinmo,碑,Fonts/my_fonts/08/char_0476.png
shen_yinmo_08,shen_yinmo,碑,Fonts/my_fonts/08/char_0496.png
shen_yinmo_10,shen_yinmo,碑,Fonts/my_fonts/10/char_0395.png
shen_yinmo_10,shen_yinmo,碑,Fonts/my_fonts/10/char_0485.png
shen_yinmo_10,shen_yinmo,碑,Fonts/my_fonts/10/char_0506.png
zhiyong_00,zhiyong,銘,Fonts/my_fonts/00/char_0528.png
liu_gongquan_02,liu_gongquan,銘,Fonts/my_fonts/02/char_1635.png
ouyang_xun_03,ouyang_xun,銘,Fonts/my_fonts/03/char_0006.png
ouyang_xun_03,ouyang_xun,銘,Fonts/my_fonts/03/char_0833.png
zhao_mengfu_04,zhao_mengfu,銘,Fonts/my_fonts/04/char_0382.png
shen_yinmo_08,shen_yinmo,銘,Fonts/my_fonts/08/char_0376.png
shen_yinmo_10,shen_yinmo,銘,Fonts/my_fonts/10/char_0388.png
zhiyong_00,zhiyong,尹,Fonts/my_fonts/00/char_0532.png
liu_gongquan_02,liu_gongquan,尹,Fonts/my_fonts/02/char_1190.png
shen_yinmo_09,shen_yinmo,尹,Fonts/my_fonts/09/char_0273.png
zhiyong_00,zhiyong,佐,Fonts/my_fonts/00/char_0533.png
liu_gongquan_02,liu_gongquan,佐,Fonts/my_fonts/02/char_0402.png
liu_gongquan_02,liu_gongquan,佐,Fonts/my_fonts/02/char_1241.png
zhiyong_00,zhiyong,時,Fonts/my_fonts/00/char_0534.png
shen_yinmo_01,shen_yinmo,時,Fonts/my_fonts/01/font_00_0152.png
shen_yinmo_01,shen_yinmo,時,Fonts/my_fonts/01/font_00_0541.png
liu_gongquan_02,liu_gongquan,時,Fonts/my_fonts/02/char_0273.png
liu_gongquan_02,liu_gongquan,時,Fonts/my_fonts/02/char_0279.png
liu_gongquan_02,liu_gongquan,時,Fonts/my_fonts/02/char_0492.png
liu_gongquan_02,liu_gongquan,時,Fonts/my_fonts/02/char_0499.png
liu_gongquan_02,liu_gongquan,時,Fonts/my_fonts/02/char_0641.png
liu_gongquan_02,liu_gongquan,時,Fonts/my_fonts/02/char_1597.png
ouyang_xun_03,ouyang_xun,時,Fonts/my_fonts/03/char_1023.png
zhao_mengfu_04,zhao_mengfu,時,Fonts/my_fonts/04/char_0139.png
zhao_mengfu_04,zhao_mengfu,時,Fonts/my_fonts/04/char_0171.png
yu_shinan_06,yu_shinan,時,Fonts/my_fonts/06/char_0009.png
yu_shinan_06,yu_shinan,時,Fonts/my_fonts/06/char_0083.png
yan_zhenqing_07,yan_zhenqing,時,Fonts/my_fonts/07/char_0371.png
yan_zhenqing_07,yan_zhenqing,時,Fonts/my_fonts/07/char_0678.png
yan_zhenqing_07,yan_zhenqing,時,Fonts/my_fonts/07/char_0775.png
yan_zhenqing_07,yan_zhenqing,時,Fonts/my_fonts/07/char_0912.png
shen_yinmo_08,shen_yinmo,時,Fonts/my_fonts/08/char_0505.png
shen_yinmo_09,shen_yinmo,時,Fonts/my_fonts/09/char_0022.png
shen_yinmo_10,shen_yinmo,時,Fonts/my_fonts/10/char_0514.png
zhiyong_00,zhiyong,阿,Fonts/my_fonts/00/char_0535.png
shen_yinmo_09,shen_yinmo,阿,Fonts/my_fonts/09/char_0195.png
zhiyong_00,zhiyong,衡,Fonts/my_fonts/00/char_0536.png
shen_yinmo_01,shen_yinmo,衡,Fonts/my_fonts/01/font_00_0062.png
yan_zhenqing_07,yan_zhenqing,衡,Fonts/my_fonts/07/char_1428.png
yan_zhenqing_07,yan_zhenqing,衡,Fonts/my_fonts/07/char_1623.png
zhiyong_00,zhiyong,奄,Fonts/my_fonts/00/char_0537.png
ouyang_xun_03,ouyang_xun,奄,Fonts/my_fonts/03/char_0841.png
zhiyong_00,zhiyong,微,Fonts/my_fonts/00/char_0541.png
ouyang_xun_03,ouyang_xun,微,Fonts/my_fonts/03/char_0141.png
ouyang_xun_03,ouyang_xun,微,Fonts/my_fonts/03/char_0525.png
yan_zhenqing_07,yan_zhenqing,微,Fonts/my_fonts/07/char_1952.png
zhiyong_00,zhiyong,旦,Fonts/my_fonts/00/char_0542.png
shen_yinmo_01,shen_yinmo,旦,Fonts/my_fonts/01/font_00_0463.png
zhiyong_00,zhiyong,孰,Fonts/my_fonts/00/char_0543.png
zhao_mengfu_04,zhao_mengfu,孰,Fonts/my_fonts/04/char_0322.png
zhao_mengfu_04,zhao_mengfu,孰,Fonts/my_fonts/04/char_0427.png
yan_zhenqing_07,yan_zhenqing,孰,Fonts/my_fonts/07/char_0476.png
zhiyong_00,zhiyong,營,Fonts/my_fonts/00/char_0544.png
liu_gongquan_02,liu_gongquan,營,Fonts/my_fonts/02/char_1322.png
ouyang_xun_03,ouyang_xun,營,Fonts/my_fonts/03/char_0177.png
ouyang_xun_03,ouyang_xun,營,Fonts/my_fonts/03/char_0346.png
zhiyong_00,zhiyong,公,Fonts/my_fonts/00/char_0546.png
liu_gongquan_02,liu_gongquan,公,Fonts/my_fonts/02/char_0030.png
liu_gongquan_02,liu_gongquan,公,Fonts/my_fonts/02/char_1161.png
ouyang_xun_03,ouyang_xun,公,Fonts/my_fonts/03/char_0017.png
zhao_mengfu_04,zhao_mengfu,公,Fonts/my_fonts/04/char_0291.png
yu_shinan_06,yu_shinan,公,Fonts/my_fonts/06/char_0214.png
shen_yinmo_08,shen_yinmo,公,Fonts/my_fonts/08/char_0373.png
shen_yinmo_10,shen_yinmo,公,Fonts/my_fonts/10/char_0385.png
zhiyong_00,zhiyong,匡,Fonts/my_fonts/00/char_0547.png
liu_gongquan_02,liu_gongquan,匡,Fonts/my_fonts/02/char_1529.png
zhiyong_00,zhiyong,合,Fonts/my_fonts/00/char_0548.png
liu_gongquan_02,liu_gongquan,合,Fonts/my_fonts/02/char_0690.png
yan_zhenqing_07,yan_zhenqing,合,Fonts/my_fonts/07/char_1512.png
yan_zhenqing_07,yan_zhenqing,合,Fonts/my_fonts/07/char_1887.png
zhiyong_00,zhiyong,濟,Fonts/my_fonts/00/char_0549.png
liu_gongquan_02,liu_gongquan,濟,Fonts/my_fonts/02/char_1548.png
yan_zhenqing_07,yan_zhenqing,濟,Fonts/my_fonts/07/char_1140.png
yan_zhenqing_07,yan_zhenqing,濟,Fonts/my_fonts/07/char_1669.png
zhiyong_00,zhiyong,弱,Fonts/my_fonts/00/char_0550.png
shen_yinmo_01,shen_yinmo,弱,Fonts/my_fonts/01/font_00_0516.png
ouyang_xun_03,ouyang_xun,弱,Fonts/my_fonts/03/char_0174.png
zhao_mengfu_04,zhao_mengfu,弱,Fonts/my_fonts/04/char_0119.png
zhiyong_00,zhiyong,扶,Fonts/my_fonts/00/char_0551.png
ouyang_xun_03,ouyang_xun,扶,Fonts/my_fonts/03/char_0732.png
zhiyong_00,zhiyong,傾,Fonts/my_fonts/00/char_0552.png
liu_gongquan_02,liu_gongquan,傾,Fonts/my_fonts/02/char_0652.png
zhiyong_00,zhiyong,漢,Fonts/my_fonts/00/char_0555.png
liu_gongquan_02,liu_gongquan,漢,Fonts/my_fonts/02/char_1107.png
ouyang_xun_03,ouyang_xun,漢,Fonts/my_fonts/03/char_0162.png
ouyang_xun_03,ouyang_xun,漢,Fonts/my_fonts/03/char_0704.png
yu_shinan_06,yu_shinan,漢,Fonts/my_fonts/06/char_0298.png
yan_zhenqing_07,yan_zhenqing,漢,Fonts/my_fonts/07/char_0649.png
zhiyong_00,zhiyong,說,Fonts/my_fonts/00/char_0557.png
liu_gongquan_02,liu_gongquan,說,Fonts/my_fonts/02/char_1542.png
shen_yinmo_09,shen_yinmo,說,Fonts/my_fonts/09/char_0239.png
shen_yinmo_09,shen_yinmo,說,Fonts/my_fonts/09/char_0248.png
zhiyong_00,zhiyong,感,Fonts/my_fonts/00/char_0558.png
ouyang_xun_03,ouyang_xun,感,Fonts/my_fonts/03/char_0942.png
yan_zhenqing_07,yan_zhenqing,感,Fonts/my_fonts/07/char_0012.png
yan_zhenqing_07,yan_zhenqing,感,Fonts/my_fonts/07/char_0300.png
yan_zhenqing_07,yan_zhenqing,感,Fonts/my_fonts/07/char_0474.png
yan_zhenqing_07,yan_zhenqing,感,Fonts/my_fonts/07/char_0573.png
yan_zhenqing_07,yan_zhenqing,感,Fonts/my_fonts/07/char_0940.png
yan_zhenqing_07,yan_zhenqing,感,Fonts/my_fonts/07/char_1143.png
yan_zhenqing_07,yan_zhenqing,感,Fonts/my_fonts/07/char_1188.png
yan_zhenqing_07,yan_zhenqing,感,Fonts/my_fonts/07/char_1827.png
zhiyong_00,zhiyong,武,Fonts/my_fonts/00/char_0559.png
shen_yinmo_01,shen_yinmo,武,Fonts/my_fonts/01/font_00_0685.png
liu_gongquan_02,liu_gongquan,武,Fonts/my_fonts/02/char_0058.png
liu_gongquan_02,liu_gongquan,武,Fonts/my_fonts/02/char_0354.png
liu_gongquan_02,liu_gongquan,武,Fonts/my_fonts/02/char_1219.png
ouyang_xun_03,ouyang_xun,武,Fonts/my_fonts/03/char_0190.png
ouyang_xun_03,ouyang_xun,武,Fonts/my_fonts/03/char_0708.png
ouyang_xun_03,ouyang_xun,武,Fonts/my_fonts/03/char_0877.png
yan_zhenqing_07,yan_zhenqing,武,Fonts/my_fonts/07/char_0027.png
zhiyong_00,zhiyong,密,Fonts/my_fonts/00/char_0563.png
yan_zhenqing_07,yan_zhenqing,密,Fonts/my_fonts/07/char_1641.png
zhiyong_00,zhiyong,勿,Fonts/my_fonts/00/char_0564.png
shen_yinmo_01,shen_yinmo,勿,Fonts/my_fonts/01/font_00_0531.png
ouyang_xun_03,ouyang_xun,勿,Fonts/my_fonts/03/char_0769.png
shen_yinmo_10,shen_yinmo,勿,Fonts/my_fonts/10/char_0540.png
zhiyong_00,zhiyong,多,Fonts/my_fonts/00/char_0565.png
liu_gongquan_02,liu_gongquan,多,Fonts/my_fonts/02/char_0321.png
liu_gongquan_02,liu_gongquan,多,Fonts/my_fonts/02/char_1206.png
liu_gongquan_02,liu_gongquan,多,Fonts/my_fonts/02/char_1554.png
liu_gongquan_02,liu_gongquan,多,Fonts/my_fonts/02/char_1631.png
yan_zhenqing_07,yan_zhenqing,多,Fonts/my_fonts/07/char_0008.png
yan_zhenqing_07,yan_zhenqing,多,Fonts/my_fonts/07/char_0067.png
yan_zhenqing_07,yan_zhenqing,多,Fonts/my_fonts/07/char_0266.png
yan_zhenqing_07,yan_zhenqing,多,Fonts/my_fonts/07/char_0716.png
yan_zhenqing_07,yan_zhenqing,多,Fonts/my_fonts/07/char_1107.png
shen_yinmo_09,shen_yinmo,多,Fonts/my_fonts/09/char_0006.png
shen_yinmo_09,shen_yinmo,多,Fonts/my_fonts/09/char_0021.png
shen_yinmo_09,shen_yinmo,多,Fonts/my_fonts/09/char_0158.png
shen_yinmo_09,shen_yinmo,多,Fonts/my_fonts/09/char_0192.png
shen_yinmo_09,shen_yinmo,多,Fonts/my_fonts/09/char_0197.png
shen_yinmo_09,shen_yinmo,多,Fonts/my_fonts/09/char_0211.png
shen_yinmo_09,shen_yinmo,多,Fonts/my_fonts/09/char_0245.png
zhiyong_00,zhiyong,士,Fonts/my_fonts/00/char_0566.png
liu_gongquan_02,liu_gongquan,士,Fonts/my_fonts/02/char_0108.png
liu_gongquan_02,liu_gongquan,士,Fonts/my_fonts/02/char_0148.png
liu_gongquan_02,liu_gongquan,士,Fonts/my_fonts/02/char_0424.png
liu_gongquan_02,liu_gongquan,士,Fonts/my_fonts/02/char_0437.png
liu_gongquan_02,liu_gongquan,士,Fonts/my_fonts/02/char_0463.png
liu_gongquan_02,liu_gongquan,士,Fonts/my_fonts/02/char_0507.png
liu_gongquan_02,liu_gongquan,士,Fonts/my_fonts/02/char_0515.png
liu_gongquan_02,liu_gongquan,士,Fonts/my_fonts/02/char_0545.png
liu_gongquan_02,liu_gongquan,士,Fonts/my_fonts/02/char_0761.png
liu_gongquan_02,liu_gongquan,士,Fonts/my_fonts/02/char_1120.png
liu_gongquan_02,liu_gongquan,士,Fonts/my_fonts/02/char_1473.png
ouyang_xun_03,ouyang_xun,士,Fonts/my_fonts/03/char_0752.png
zhao_mengfu_04,zhao_mengfu,士,Fonts/my_fonts/04/char_0475.png
yu_shinan_06,yu_shinan,士,Fonts/my_fonts/06/char_0253.png
yan_zhenqing_07,yan_zhenqing,士,Fonts/my_fonts/07/char_0334.png
yan_zhenqing_07,yan_zhenqing,士,Fonts/my_fonts/07/char_1771.png
zhiyong_00,zhiyong,寔,Fonts/my_fonts/00/char_0567.png
ouyang_xun_03,ouyang_xun,寔,Fonts/my_fonts/03/char_0731.png
zhiyong_00,zhiyong,寧,Fonts/my_fonts/00/char_0568.png
shen_yinmo_01,shen_yinmo,寧,Fonts/my_fonts/01/font_00_0390.png
liu_gongquan_02,liu_gongquan,寧,Fonts/my_fonts/02/char_0150.png
liu_gongquan_02,liu_gongquan,寧,Fonts/my_fonts/02/char_0326.png
liu_gongquan_02,liu_gongquan,寧,Fonts/my_fonts/02/char_0671.png
ouyang_xun_03,ouyang_xun,寧,Fonts/my_fonts/03/char_0671.png
zhiyong_00,zhiyong,晉,Fonts/my_fonts/00/char_0569.png
liu_gongquan_02,liu_gongquan,晉,Fonts/my_fonts/02/char_0699.png
liu_gongquan_02,liu_gongquan,晉,Fonts/my_fonts/02/char_1199.png
shen_yinmo_08,shen_yinmo,晉,Fonts/my_fonts/08/char_0190.png
zhiyong_00,zhiyong,楚,Fonts/my_fonts/00/char_0570.png
shen_yinmo_01,shen_yinmo,楚,Fonts/my_fonts/01/font_00_0012.png
shen_yinmo_01,shen_yinmo,楚,Fonts/my_fonts/01/font_00_0293.png
shen_yinmo_01,shen_yinmo,楚,Fonts/my_fonts/01/font_00_0371.png
liu_gongquan_02,liu_gongquan,楚,Fonts/my_fonts/02/char_0245.png
liu_gongquan_02,liu_gongquan,楚,Fonts/my_fonts/02/char_0255.png
liu_gongquan_02,liu_gongquan,楚,Fonts/my_fonts/02/char_0858.png
liu_gongquan_02,liu_gongquan,楚,Fonts/my_fonts/02/char_0973.png
yan_zhenqing_07,yan_zhenqing,楚,Fonts/my_fonts/07/char_0094.png
zhiyong_00,zhiyong,更,Fonts/my_fonts/00/char_0571.png
liu_gongquan_02,liu_gongquan,更,Fonts/my_fonts/02/char_0219.png
ouyang_xun_03,ouyang_xun,更,Fonts/my_fonts/03/char_1089.png
zhao_mengfu_04,zhao_mengfu,更,Fonts/my_fonts/04/char_0173.png
shen_yinmo_08,shen_yinmo,更,Fonts/my_fonts/08/char_0363.png
shen_yinmo_10,shen_yinmo,更,Fonts/my_fonts/10/char_0374.png
zhiyong_00,zhiyong,趙,Fonts/my_fonts/00/char_0573.png
zhao_mengfu_04,zhao_mengfu,趙,Fonts/my_fonts/04/char_0253.png
zhao_mengfu_04,zhao_mengfu,趙,Fonts/my_fonts/04/char_0491.png
yan_zhenqing_07,yan_zhenqing,趙,Fonts/my_fonts/07/char_0335.png
yan_zhenqing_07,yan_zhenqing,趙,Fonts/my_fonts/07/char_0585.png
yan_zhenqing_07,yan_zhenqing,趙,Fonts/my_fonts/07/char_1993.png
zhiyong_00,zhiyong,魏,Fonts/my_fonts/00/char_0574.png
ouyang_xun_03,ouyang_xun,魏,Fonts/my_fonts/03/char_0019.png
shen_yinmo_08,shen_yinmo,魏,Fonts/my_fonts/08/char_0378.png
shen_yinmo_10,shen_yinmo,魏,Fonts/my_fonts/10/char_0390.png
zhiyong_00,zhiyong,橫,Fonts/my_fonts/00/char_0576.png
zhao_mengfu_04,zhao_mengfu,橫,Fonts/my_fonts/04/char_0049.png
shen_yinmo_08,shen_yinmo,橫,Fonts/my_fonts/08/char_0145.png
shen_yinmo_10,shen_yinmo,橫,Fonts/my_fonts/10/char_0174.png
zhiyong_00,zhiyong,滅,Fonts/my_fonts/00/char_0579.png
yan_zhenqing_07,yan_zhenqing,滅,Fonts/my_fonts/07/char_0414.png
yan_zhenqing_07,yan_zhenqing,滅,Fonts/my_fonts/07/char_0443.png
yan_zhenqing_07,yan_zhenqing,滅,Fonts/my_fonts/07/char_0831.png
shen_yinmo_09,shen_yinmo,滅,Fonts/my_fonts/09/char_0072.png
shen_yinmo_09,shen_yinmo,滅,Fonts/my_fonts/09/char_0136.png
zhiyong_00,zhiyong,土,Fonts/my_fonts/00/char_0582.png
liu_gongquan_02,liu_gongquan,土,Fonts/my_fonts/02/char_0945.png
liu_gongquan_02,liu_gongquan,土,Fonts/my_fonts/02/char_1239.png
ouyang_xun_03,ouyang_xun,土,Fonts/my_fonts/03/char_0402.png
ouyang_xun_03,ouyang_xun,土,Fonts/my_fonts/03/char_0524.png
zhao_mengfu_04,zhao_mengfu,土,Fonts/my_fonts/04/char_0264.png
yu_shinan_06,yu_shinan,土,Fonts/my_fonts/06/char_0032.png
zhiyong_00,zhiyong,會,Fonts/my_fonts/00/char_0583.png
liu_gongquan_02,liu_gongquan,會,Fonts/my_fonts/02/char_0850.png
zhao_mengfu_04,zhao_mengfu,會,Fonts/my_fonts/04/char_0370.png
yu_shinan_06,yu_shinan,會,Fonts/my_fonts/06/char_0284.png
yan_zhenqing_07,yan_zhenqing,會,Fonts/my_fonts/07/char_0570.png
yan_zhenqing_07,yan_zhenqing,會,Fonts/my_fonts/07/char_0780.png
zhiyong_00,zhiyong,何,Fonts/my_fonts/00/char_0585.png
shen_yinmo_01,shen_yinmo,何,Fonts/my_fonts/01/font_00_0139.png
shen_yinmo_01,shen_yinmo,何,Fonts/my_fonts/01/font_00_0825.png
liu_gongquan_02,liu_gongquan,何,Fonts/my_fonts/02/char_0471.png
liu_gongquan_02,liu_gongquan,何,Fonts/my_fonts/02/char_0951.png
liu_gongquan_02,liu_gongquan,何,Fonts/my_fonts/02/char_1588.png
ouyang_xun_03,ouyang_xun,何,Fonts/my_fonts/03/char_0364.png
zhao_mengfu_04,zhao_mengfu,何,Fonts/my_fonts/04/char_0170.png
zhao_mengfu_04,zhao_mengfu,何,Fonts/my_fonts/04/char_0328.png
yan_zhenqing_07,yan_zhenqing,何,Fonts/my_fonts/07/char_0871.png
yan_zhenqing_07,yan_zhenqing,何,Fonts/my_fonts/07/char_1927.png
zhiyong_00,zhiyong,遵,Fonts/my_fonts/00/char_0586.png
shen_yinmo_01,shen_yinmo,遵,Fonts/my_fonts/01/font_00_0801.png
zhiyong_00,zhiyong,法,Fonts/my_fonts/00/char_0588.png
liu_gongquan_02,liu_gongquan,法,Fonts/my_fonts/02/char_1399.png
yan_zhenqing_07,yan_zhenqing,法,Fonts/my_fonts/07/char_0058.png
yan_zhenqing_07,yan_zhenqing,法,Fonts/my_fonts/07/char_0092.png
yan_zhenqing_07,yan_zhenqing,法,Fonts/my_fonts/07/char_0111.png
yan_zhenqing_07,yan_zhenqing,法,Fonts/my_fonts/07/char_0196.png
yan_zhenqing_07,yan_zhenqing,法,Fonts/my_fonts/07/char_0237.png
yan_zhenqing_07,yan_zhenqing,法,Fonts/my_fonts/07/char_0426.png
yan_zhenqing_07,yan_zhenqing,法,Fonts/my_fonts/07/char_0450.png
yan_zhenqing_07,yan_zhenqing,法,Fonts/my_fonts/07/char_0608.png
yan_zhenqing_07,yan_zhenqing,法,Fonts/my_fonts/07/char_0725.png
yan_zhenqing_07,yan_zhenqing,法,Fonts/my_fonts/07/char_0810.png
yan_zhenqing_07,yan_zhenqing,法,Fonts/my_fonts/07/char_0840.png
yan_zhenqing_07,yan_zhenqing,法,Fonts/my_fonts/07/char_0887.png
yan_zhenqing_07,yan_zhenqing,法,Fonts/my_fonts/07/char_0923.png
yan_zhenqing_07,yan_zhenqing,法,Fonts/my_fonts/07/char_0999.png
yan_zhenqing_07,yan_zhenqing,法,Fonts/my_fonts/07/char_1004.png
yan_zhenqing_07,yan_zhenqing,法,Fonts/my_fonts/07/char_1078.png
yan_zhenqing_07,yan_zhenqing,法,Fonts/my_fonts/07/char_1156.png
yan_zhenqing_07,yan_zhenqing,法,Fonts/my_fonts/07/char_1177.png
yan_zhenqing_07,yan_zhenqing,法,Fonts/my_fonts/07/char_1435.png
yan_zhenqing_07,yan_zhenqing,法,Fonts/my_fonts/07/char_1453.png
yan_zhenqing_07,yan_zhenqing,法,Fonts/my_fonts/07/char_1477.png
yan_zhenqing_07,yan_zhenqing,法,Fonts/my_fonts/07/char_1504.png
yan_zhenqing_07,yan_zhenqing,法,Fonts/my_fonts/07/char_1528.png
yan_zhenqing_07,yan_zhenqing,法,Fonts/my_fonts/07/char_1563.png
yan_zhenqing_07,yan_zhenqing,法,Fonts/my_fonts/07/char_1668.png
yan_zhenqing_07,yan_zhenqing,法,Fonts/my_fonts/07/char_1739.png
yan_zhenqing_07,yan_zhenqing,法,Fonts/my_fonts/07/char_1754.png
yan_zhenqing_07,yan_zhenqing,法,Fonts/my_fonts/07/char_1893.png
yan_zhenqing_07,yan_zhenqing,法,Fonts/my_fonts/07/char_1931.png
shen_yinmo_08,shen_yinmo,法,Fonts/my_fonts/08/char_0214.png
shen_yinmo_08,shen_yinmo,法,Fonts/my_fonts/08/char_0228.png
shen_yinmo_08,shen_yinmo,法,Fonts/my_fonts/08/char_0237.png
shen_yinmo_09,shen_yinmo,法,Fonts/my_fonts/09/char_0066.png
shen_yinmo_09,shen_yinmo,法,Fonts/my_fonts/09/char_0105.png
shen_yinmo_10,shen_yinmo,法,Fonts/my_fonts/10/char_0237.png
shen_yinmo_10,shen_yinmo,法,Fonts/my_fonts/10/char_0252.png
shen_yinmo_10,shen_yinmo,法,Fonts/my_fonts/10/char_0261.png
zhiyong_00,zhiyong,弊,Fonts/my_fonts/00/char_0590.png
ouyang_xun_03,ouyang_xun,弊,Fonts/my_fonts/03/char_0305.png
zhiyong_00,zhiyong,刑,Fonts/my_fonts/00/char_0592.png
ouyang_xun_03,ouyang_xun,刑,Fonts/my_fonts/03/char_0637.png
zhiyong_00,zhiyong,起,Fonts/my_fonts/00/char_0593.png
shen_yinmo_01,shen_yinmo,起,Fonts/my_fonts/01/font_00_0316.png
ouyang_xun_03,ouyang_xun,起,Fonts/my_fonts/03/char_0073.png
yan_zhenqing_07,yan_zhenqing,起,Fonts/my_fonts/07/char_1705.png
yan_zhenqing_07,yan_zhenqing,起,Fonts/my_fonts/07/char_1882.png
yan_zhenqing_07,yan_zhenqing,起,Fonts/my_fonts/07/char_1915.png
shen_yinmo_08,shen_yinmo,起,Fonts/my_fonts/08/char_0257.png
shen_yinmo_10,shen_yinmo,起,Fonts/my_fonts/10/char_0284.png
zhiyong_00,zhiyong,頗,Fonts/my_fonts/00/char_0595.png
liu_gongquan_02,liu_gongquan,頗,Fonts/my_fonts/02/char_1023.png
liu_gongquan_02,liu_gongquan,頗,Fonts/my_fonts/02/char_1260.png
liu_gongquan_02,liu_gongquan,頗,Fonts/my_fonts/02/char_1334.png
zhao_mengfu_04,zhao_mengfu,頗,Fonts/my_fonts/04/char_0295.png
zhiyong_00,zhiyong,用,Fonts/my_fonts/00/char_0597.png
shen_yinmo_01,shen_yinmo,用,Fonts/my_fonts/01/font_00_0005.png
shen_yinmo_01,shen_yinmo,用,Fonts/my_fonts/01/font_00_0277.png
ouyang_xun_03,ouyang_xun,用,Fonts/my_fonts/03/char_1013.png
zhao_mengfu_04,zhao_mengfu,用,Fonts/my_fonts/04/char_0155.png
yu_shinan_06,yu_shinan,用,Fonts/my_fonts/06/char_0051.png
yu_shinan_06,yu_shinan,用,Fonts/my_fonts/06/char_0091.png
yu_shinan_06,yu_shinan,用,Fonts/my_fonts/06/char_0208.png
yu_shinan_06,yu_shinan,用,Fonts/my_fonts/06/char_0272.png
yan_zhenqing_07,yan_zhenqing,用,Fonts/my_fonts/07/char_0520.png
yan_zhenqing_07,yan_zhenqing,用,Fonts/my_fonts/07/char_0807.png
yan_zhenqing_07,yan_zhenqing,用,Fonts/my_fonts/07/char_1091.png
shen_yinmo_08,shen_yinmo,用,Fonts/my_fonts/08/char_0259.png
shen_yinmo_08,shen_yinmo,用,Fonts/my_fonts/08/char_0342.png
shen_yinmo_08,shen_yinmo,用,Fonts/my_fonts/08/char_0346.png
shen_yinmo_10,shen_yinmo,用,Fonts/my_fonts/10/char_0286.png
shen_yinmo_10,shen_yinmo,用,Fonts/my_fonts/10/char_0353.png
shen_yinmo_10,shen_yinmo,用,Fonts/my_fonts/10/char_0357.png
zhiyong_00,zhiyong,軍,Fonts/my_fonts/00/char_0598.png
liu_gongquan_02,liu_gongquan,軍,Fonts/my_fonts/02/char_0018.png
liu_gongquan_02,liu_gongquan,軍,Fonts/my_fonts/02/char_0087.png
liu_gongquan_02,liu_gongquan,軍,Fonts/my_fonts/02/char_0183.png
liu_gongquan_02,liu_gongquan,軍,Fonts/my_fonts/02/char_0197.png
liu_gongquan_02,liu_gongquan,軍,Fonts/my_fonts/02/char_0366.png
liu_gongquan_02,liu_gongquan,軍,Fonts/my_fonts/02/char_0393.png
liu_gongquan_02,liu_gongquan,軍,Fonts/my_fonts/02/char_0638.png
liu_gongquan_02,liu_gongquan,軍,Fonts/my_fonts/02/char_0855.png
liu_gongquan_02,liu_gongquan,軍,Fonts/my_fonts/02/char_1042.png
liu_gongquan_02,liu_gongquan,軍,Fonts/my_fonts/02/char_1194.png
liu_gongquan_02,liu_gongquan,軍,Fonts/my_fonts/02/char_1330.png
liu_gongquan_02,liu_gongquan,軍,Fonts/my_fonts/02/char_1368.png
liu_gongquan_02,liu_gongquan,軍,Fonts/my_fonts/02/char_1409.png
liu_gongquan_02,liu_gongquan,軍,Fonts/my_fonts/02/char_1419.png
liu_gongquan_02,liu_gongquan,軍,Fonts/my_fonts/02/char_1435.png
shen_yinmo_10,shen_yinmo,軍,Fonts/my_fonts/10/char_0026.png
shen_yinmo_10,shen_yinmo,軍,Fonts/my_fonts/10/char_0543.png
zhiyong_00,zhiyong,最,Fonts/my_fonts/00/char_0599.png
yan_zhenqing_07,yan_zhenqing,最,Fonts/my_fonts/07/char_1532.png
zhiyong_00,zhiyong,精,Fonts/my_fonts/00/char_0600.png
liu_gongquan_02,liu_gongquan,精,Fonts/my_fonts/02/char_0189.png
liu_gongquan_02,liu_gongquan,精,Fonts/my_fonts/02/char_0312.png
ouyang_xun_03,ouyang_xun,精,Fonts/my_fonts/03/char_0623.png
yu_shinan_06,yu_shinan,精,Fonts/my_fonts/06/char_0308.png
yan_zhenqing_07,yan_zhenqing,精,Fonts/my_fonts/07/char_0473.png
yan_zhenqing_07,yan_zhenqing,精,Fonts/my_fonts/07/char_0535.png
yan_zhenqing_07,yan_zhenqing,精,Fonts/my_fonts/07/char_0628.png
yan_zhenqing_07,yan_zhenqing,精,Fonts/my_fonts/07/char_0838.png
yan_zhenqing_07,yan_zhenqing,精,Fonts/my_fonts/07/char_1340.png
yan_zhenqing_07,yan_zhenqing,精,Fonts/my_fonts/07/char_1632.png
zhiyong_00,zhiyong,宣,Fonts/my_fonts/00/char_0601.png
liu_gongquan_02,liu_gongquan,宣,Fonts/my_fonts/02/char_1551.png
yan_zhenqing_07,yan_zhenqing,宣,Fonts/my_fonts/07/char_0705.png
zhiyong_00,zhiyong,威,Fonts/my_fonts/00/char_0602.png
liu_gongquan_02,liu_gongquan,威,Fonts/my_fonts/02/char_1248.png
zhiyong_00,zhiyong,沙,Fonts/my_fonts/00/char_0603.png
ouyang_xun_03,ouyang_xun,沙,Fonts/my_fonts/03/char_0390.png
yan_zhenqing_07,yan_zhenqing,沙,Fonts/my_fonts/07/char_1507.png
yan_zhenqing_07,yan_zhenqing,沙,Fonts/my_fonts/07/char_1759.png
yan_zhenqing_07,yan_zhenqing,沙,Fonts/my_fonts/07/char_1884.png
zhiyong_00,zhiyong,漠,Fonts/my_fonts/00/char_0604.png
zhao_mengfu_04,zhao_mengfu,漠,Fonts/my_fonts/04/char_0350.png
zhiyong_00,zhiyong,馳,Fonts/my_fonts/00/char_0605.png
liu_gongquan_02,liu_gongquan,馳,Fonts/my_fonts/02/char_0599.png
shen_yinmo_08,shen_yinmo,馳,Fonts/my_fonts/08/char_0183.png
zhiyong_00,zhiyong,譽,Fonts/my_fonts/00/char_0606.png
liu_gongquan_02,liu_gongquan,譽,Fonts/my_fonts/02/char_0600.png
zhiyong_00,zhiyong,丹,Fonts/my_fonts/00/char_0607.png
ouyang_xun_03,ouyang_xun,丹,Fonts/my_fonts/03/char_0208.png
ouyang_xun_03,ouyang_xun,丹,Fonts/my_fonts/03/char_0387.png
ouyang_xun_03,ouyang_xun,丹,Fonts/my_fonts/03/char_0560.png
zhao_mengfu_04,zhao_mengfu,丹,Fonts/my_fonts/04/char_0178.png
zhiyong_00,zhiyong,青,Fonts/my_fonts/00/char_0608.png
ouyang_xun_03,ouyang_xun,青,Fonts/my_fonts/03/char_0204.png
ouyang_xun_03,ouyang_xun,青,Fonts/my_fonts/03/char_0572.png
zhiyong_00,zhiyong,九,Fonts/my_fonts/00/char_0609.png
shen_yinmo_01,shen_yinmo,九,Fonts/my_fonts/01/font_00_0032.png
shen_yinmo_01,shen_yinmo,九,Fonts/my_fonts/01/font_00_0048.png
shen_yinmo_01,shen_yinmo,九,Fonts/my_fonts/01/font_00_0098.png
shen_yinmo_01,shen_yinmo,九,Fonts/my_fonts/01/font_00_0100.png
shen_yinmo_01,shen_yinmo,九,Fonts/my_fonts/01/font_00_0359.png
shen_yinmo_01,shen_yinmo,九,Fonts/my_fonts/01/font_00_0787.png
liu_gongquan_02,liu_gongquan,九,Fonts/my_fonts/02/char_0367.png
liu_gongquan_02,liu_gongquan,九,Fonts/my_fonts/02/char_1146.png
ouyang_xun_03,ouyang_xun,九,Fonts/my_fonts/03/char_0001.png
ouyang_xun_03,ouyang_xun,九,Fonts/my_fonts/03/char_0038.png
zhao_mengfu_04,zhao_mengfu,九,Fonts/my_fonts/04/char_0224.png
yu_shinan_06,yu_shinan,九,Fonts/my_fonts/06/char_0011.png
yu_shinan_06,yu_shinan,九,Fonts/my_fonts/06/char_0143.png
yan_zhenqing_07,yan_zhenqing,九,Fonts/my_fonts/07/char_0216.png
yan_zhenqing_07,yan_zhenqing,九,Fonts/my_fonts/07/char_0920.png
yan_zhenqing_07,yan_zhenqing,九,Fonts/my_fonts/07/char_0978.png
zhiyong_00,zhiyong,州,Fonts/my_fonts/00/char_0610.png
liu_gongquan_02,liu_gongquan,州,Fonts/my_fonts/02/char_0010.png
liu_gongquan_02,liu_gongquan,州,Fonts/my_fonts/02/char_0391.png
liu_gongquan_02,liu_gongquan,州,Fonts/my_fonts/02/char_0625.png
liu_gongquan_02,liu_gongquan,州,Fonts/my_fonts/02/char_0707.png
liu_gongquan_02,liu_gongquan,州,Fonts/my_fonts/02/char_0805.png
liu_gongquan_02,liu_gongquan,州,Fonts/my_fonts/02/char_0853.png
liu_gongquan_02,liu_gongquan,州,Fonts/my_fonts/02/char_0859.png
liu_gongquan_02,liu_gongquan,州,Fonts/my_fonts/02/char_1040.png
liu_gongquan_02,liu_gongquan,州,Fonts/my_fonts/02/char_1245.png
liu_gongquan_02,liu_gongquan,州,Fonts/my_fonts/02/char_1251.png
liu_gongquan_02,liu_gongquan,州,Fonts/my_fonts/02/char_1366.png
liu_gongquan_02,liu_gongquan,州,Fonts/my_fonts/02/char_1380.png
ouyang_xun_03,ouyang_xun,州,Fonts/my_fonts/03/char_0230.png
zhiyong_00,zhiyong,禹,Fonts/my_fonts/00/char_0611.png
ouyang_xun_03,ouyang_xun,禹,Fonts/my_fonts/03/char_0287.png
ouyang_xun_03,ouyang_xun,禹,Fonts/my_fonts/03/char_0860.png
zhiyong_00,zhiyong,跡,Fonts/my_fonts/00/char_0612.png
yu_shinan_06,yu_shinan,跡,Fonts/my_fonts/06/char_0160.png
shen_yinmo_08,shen_yinmo,跡,Fonts/my_fonts/08/char_0126.png
shen_yinmo_10,shen_yinmo,跡,Fonts/my_fonts/10/char_0151.png
zhiyong_00,zhiyong,百,Fonts/my_fonts/00/char_0613.png
shen_yinmo_01,shen_yinmo,百,Fonts/my_fonts/01/font_00_0886.png
ouyang_xun_03,ouyang_xun,百,Fonts/my_fonts/03/char_0087.png
ouyang_xun_03,ouyang_xun,百,Fonts/my_fonts/03/char_0272.png
ouyang_xun_03,ouyang_xun,百,Fonts/my_fonts/03/char_0749.png
zhao_mengfu_04,zhao_mengfu,百,Fonts/my_fonts/04/char_0236.png
yan_zhenqing_07,yan_zhenqing,百,Fonts/my_fonts/07/char_0692.png
yan_zhenqing_07,yan_zhenqing,百,Fonts/my_fonts/07/char_0738.png
yan_zhenqing_07,yan_zhenqing,百,Fonts/my_fonts/07/char_0963.png
yan_zhenqing_07,yan_zhenqing,百,Fonts/my_fonts/07/char_1473.png
shen_yinmo_08,shen_yinmo,百,Fonts/my_fonts/08/char_0157.png
shen_yinmo_10,shen_yinmo,百,Fonts/my_fonts/10/char_0187.png
zhiyong_00,zhiyong,郡,Fonts/my_fonts/00/char_0614.png
liu_gongquan_02,liu_gongquan,郡,Fonts/my_fonts/02/char_0027.png
liu_gongquan_02,liu_gongquan,郡,Fonts/my_fonts/02/char_0682.png
liu_gongquan_02,liu_gongquan,郡,Fonts/my_fonts/02/char_1160.png
ouyang_xun_03,ouyang_xun,郡,Fonts/my_fonts/03/char_0016.png
zhiyong_00,zhiyong,秦,Fonts/my_fonts/00/char_0615.png
liu_gongquan_02,liu_gongquan,秦,Fonts/my_fonts/02/char_0187.png
liu_gongquan_02,liu_gongquan,秦,Fonts/my_fonts/02/char_0258.png
zhiyong_00,zhiyong,嶽,Fonts/my_fonts/00/char_0617.png
yan_zhenqing_07,yan_zhenqing,嶽,Fonts/my_fonts/07/char_1235.png
yan_zhenqing_07,yan_zhenqing,嶽,Fonts/my_fonts/07/char_1579.png
zhiyong_00,zhiyong,宗,Fonts/my_fonts/00/char_0618.png
liu_gongquan_02,liu_gongquan,宗,Fonts/my_fonts/02/char_0185.png
liu_gongquan_02,liu_gongquan,宗,Fonts/my_fonts/02/char_0334.png
liu_gongquan_02,liu_gongquan,宗,Fonts/my_fonts/02/char_0537.png
liu_gongquan_02,liu_gongquan,宗,Fonts/my_fonts/02/char_0794.png
liu_gongquan_02,liu_gongquan,宗,Fonts/my_fonts/02/char_0851.png
yan_zhenqing_07,yan_zhenqing,宗,Fonts/my_fonts/07/char_1649.png
yan_zhenqing_07,yan_zhenqing,宗,Fonts/my_fonts/07/char_1864.png
zhiyong_00,zhiyong,禪,Fonts/my_fonts/00/char_0621.png
liu_gongquan_02,liu_gongquan,禪,Fonts/my_fonts/02/char_0061.png
yan_zhenqing_07,yan_zhenqing,禪,Fonts/my_fonts/07/char_0090.png
yan_zhenqing_07,yan_zhenqing,禪,Fonts/my_fonts/07/char_0170.png
yan_zhenqing_07,yan_zhenqing,禪,Fonts/my_fonts/07/char_0276.png
yan_zhenqing_07,yan_zhenqing,禪,Fonts/my_fonts/07/char_0349.png
yan_zhenqing_07,yan_zhenqing,禪,Fonts/my_fonts/07/char_0377.png
yan_zhenqing_07,yan_zhenqing,禪,Fonts/my_fonts/07/char_0482.png
yan_zhenqing_07,yan_zhenqing,禪,Fonts/my_fonts/07/char_0522.png
yan_zhenqing_07,yan_zhenqing,禪,Fonts/my_fonts/07/char_0567.png
yan_zhenqing_07,yan_zhenqing,禪,Fonts/my_fonts/07/char_0602.png
yan_zhenqing_07,yan_zhenqing,禪,Fonts/my_fonts/07/char_0708.png
yan_zhenqing_07,yan_zhenqing,禪,Fonts/my_fonts/07/char_0812.png
yan_zhenqing_07,yan_zhenqing,禪,Fonts/my_fonts/07/char_0990.png
yan_zhenqing_07,yan_zhenqing,禪,Fonts/my_fonts/07/char_1180.png
yan_zhenqing_07,yan_zhenqing,禪,Fonts/my_fonts/07/char_1432.png
yan_zhenqing_07,yan_zhenqing,禪,Fonts/my_fonts/07/char_1461.png
yan_zhenqing_07,yan_zhenqing,禪,Fonts/my_fonts/07/char_1570.png
yan_zhenqing_07,yan_zhenqing,禪,Fonts/my_fonts/07/char_1616.png
yan_zhenqing_07,yan_zhenqing,禪,Fonts/my_fonts/07/char_1859.png
shen_yinmo_08,shen_yinmo,禪,Fonts/my_fonts/08/char_0382.png
shen_yinmo_10,shen_yinmo,禪,Fonts/my_fonts/10/char_0394.png
zhiyong_00,zhiyong,主,Fonts/my_fonts/00/char_0622.png
liu_gongquan_02,liu_gongquan,主,Fonts/my_fonts/02/char_0411.png
liu_gongquan_02,liu_gongquan,主,Fonts/my_fonts/02/char_1413.png
liu_gongquan_02,liu_gongquan,主,Fonts/my_fonts/02/char_1423.png
yan_zhenqing_07,yan_zhenqing,主,Fonts/my_fonts/07/char_1071.png
yan_zhenqing_07,yan_zhenqing,主,Fonts/my_fonts/07/char_1165.png
yan_zhenqing_07,yan_zhenqing,主,Fonts/my_fonts/07/char_1193.png
yan_zhenqing_07,yan_zhenqing,主,Fonts/my_fonts/07/char_1226.png
yan_zhenqing_07,yan_zhenqing,主,Fonts/my_fonts/07/char_1813.png
zhiyong_00,zhiyong,云,Fonts/my_fonts/00/char_0623.png
ouyang_xun_03,ouyang_xun,云,Fonts/my_fonts/03/char_0634.png
zhao_mengfu_04,zhao_mengfu,云,Fonts/my_fonts/04/char_0266.png
zhao_mengfu_04,zhao_mengfu,云,Fonts/my_fonts/04/char_0271.png
yan_zhenqing_07,yan_zhenqing,云,Fonts/my_fonts/07/char_1137.png
zhiyong_00,zhiyong,亭,Fonts/my_fonts/00/char_0624.png
liu_gongquan_02,liu_gongquan,亭,Fonts/my_fonts/02/char_1371.png
yan_zhenqing_07,yan_zhenqing,亭,Fonts/my_fonts/07/char_1250.png
zhiyong_00,zhiyong,門,Fonts/my_fonts/00/char_0626.png
shen_yinmo_01,shen_yinmo,門,Fonts/my_fonts/01/font_00_0349.png
liu_gongquan_02,liu_gongquan,門,Fonts/my_fonts/02/char_0101.png
liu_gongquan_02,liu_gongquan,門,Fonts/my_fonts/02/char_0170.png
liu_gongquan_02,liu_gongquan,門,Fonts/my_fonts/02/char_0946.png
liu_gongquan_02,liu_gongquan,門,Fonts/my_fonts/02/char_1240.png
liu_gongquan_02,liu_gongquan,門,Fonts/my_fonts/02/char_1446.png
zhao_mengfu_04,zhao_mengfu,門,Fonts/my_fonts/04/char_0028.png
zhao_mengfu_04,zhao_mengfu,門,Fonts/my_fonts/04/char_0099.png
zhao_mengfu_04,zhao_mengfu,門,Fonts/my_fonts/04/char_0317.png
zhao_mengfu_04,zhao_mengfu,門,Fonts/my_fonts/04/char_0379.png
yu_shinan_06,yu_shinan,門,Fonts/my_fonts/06/char_0063.png
yan_zhenqing_07,yan_zhenqing,門,Fonts/my_fonts/07/char_0108.png
yan_zhenqing_07,yan_zhenqing,門,Fonts/my_fonts/07/char_0841.png
yan_zhenqing_07,yan_zhenqing,門,Fonts/my_fonts/07/char_1059.png
yan_zhenqing_07,yan_zhenqing,門,Fonts/my_fonts/07/char_1499.png
yan_zhenqing_07,yan_zhenqing,門,Fonts/my_fonts/07/char_1521.png
yan_zhenqing_07,yan_zhenqing,門,Fonts/my_fonts/07/char_1656.png
yan_zhenqing_07,yan_zhenqing,門,Fonts/my_fonts/07/char_1874.png
zhiyong_00,zhiyong,紫,Fonts/my_fonts/00/char_0627.png
ouyang_xun_03,ouyang_xun,紫,Fonts/my_fonts/03/char_0576.png
zhiyong_00,zhiyong,塞,Fonts/my_fonts/00/char_0628.png
zhao_mengfu_04,zhao_mengfu,塞,Fonts/my_fonts/04/char_0298.png
zhiyong_00,zhiyong,田,Fonts/my_fonts/00/char_0630.png
liu_gongquan_02,liu_gongquan,田,Fonts/my_fonts/02/char_1323.png
ouyang_xun_03,ouyang_xun,田,Fonts/my_fonts/03/char_0922.png
zhiyong_00,zhiyong,赤,Fonts/my_fonts/00/char_0631.png
liu_gongquan_02,liu_gongquan,赤,Fonts/my_fonts/02/char_0823.png
zhiyong_00,zhiyong,城,Fonts/my_fonts/00/char_0632.png
liu_gongquan_02,liu_gongquan,城,Fonts/my_fonts/02/char_0337.png
liu_gongquan_02,liu_gongquan,城,Fonts/my_fonts/02/char_0665.png
liu_gongquan_02,liu_gongquan,城,Fonts/my_fonts/02/char_0871.png
liu_gongquan_02,liu_gongquan,城,Fonts/my_fonts/02/char_0965.png
liu_gongquan_02,liu_gongquan,城,Fonts/my_fonts/02/char_1358.png
ouyang_xun_03,ouyang_xun,城,Fonts/my_fonts/03/char_0461.png
ouyang_xun_03,ouyang_xun,城,Fonts/my_fonts/03/char_0512.png
yan_zhenqing_07,yan_zhenqing,城,Fonts/my_fonts/07/char_0254.png
shen_yinmo_10,shen_yinmo,城,Fonts/my_fonts/10/char_0019.png
zhiyong_00,zhiyong,昆,Fonts/my_fonts/00/char_0633.png
ouyang_xun_03,ouyang_xun,昆,Fonts/my_fonts/03/char_0429.png
zhiyong_00,zhiyong,池,Fonts/my_fonts/00/char_0634.png
ouyang_xun_03,ouyang_xun,池,Fonts/my_fonts/03/char_0057.png
ouyang_xun_03,ouyang_xun,池,Fonts/my_fonts/03/char_0454.png
yan_zhenqing_07,yan_zhenqing,池,Fonts/my_fonts/07/char_0171.png
shen_yinmo_10,shen_yinmo,池,Fonts/my_fonts/10/char_0020.png
zhiyong_00,zhiyong,石,Fonts/my_fonts/00/char_0636.png
ouyang_xun_03,ouyang_xun,石,Fonts/my_fonts/03/char_0293.png
ouyang_xun_03,ouyang_xun,石,Fonts/my_fonts/03/char_0544.png
zhao_mengfu_04,zhao_mengfu,石,Fonts/my_fonts/04/char_0232.png
zhao_mengfu_04,zhao_mengfu,石,Fonts/my_fonts/04/char_0387.png
yu_shinan_06,yu_shinan,石,Fonts/my_fonts/06/char_0122.png
yan_zhenqing_07,yan_zhenqing,石,Fonts/my_fonts/07/char_1030.png
yan_zhenqing_07,yan_zhenqing,石,Fonts/my_fonts/07/char_1036.png
shen_yinmo_08,shen_yinmo,石,Fonts/my_fonts/08/char_0348.png
shen_yinmo_08,shen_yinmo,石,Fonts/my_fonts/08/char_0354.png
shen_yinmo_08,shen_yinmo,石,Fonts/my_fonts/08/char_0461.png
shen_yinmo_10,shen_yinmo,石,Fonts/my_fonts/10/char_0200.png
shen_yinmo_10,shen_yinmo,石,Fonts/my_fonts/10/char_0359.png
shen_yinmo_10,shen_yinmo,石,Fonts/my_fonts/10/char_0365.png
shen_yinmo_10,shen_yinmo,石,Fonts/my_fonts/10/char_0471.png
shen_yinmo_10,shen_yinmo,石,Fonts/my_fonts/10/char_0536.png
zhiyong_00,zhiyong,鉅,Fonts/my_fonts/00/char_0637.png
ouyang_xun_03,ouyang_xun,鉅,Fonts/my_fonts/03/char_0014.png
zhiyong_00,zhiyong,洞,Fonts/my_fonts/00/char_0639.png
zhao_mengfu_04,zhao_mengfu,洞,Fonts/my_fonts/04/char_0441.png
zhiyong_00,zhiyong,庭,Fonts/my_fonts/00/char_0640.png
shen_yinmo_01,shen_yinmo,庭,Fonts/my_fonts/01/font_00_0589.png
liu_gongquan_02,liu_gongquan,庭,Fonts/my_fonts/02/char_1459.png
liu_gongquan_02,liu_gongquan,庭,Fonts/my_fonts/02/char_1518.png
liu_gongquan_02,liu_gongquan,庭,Fonts/my_fonts/02/char_1613.png
ouyang_xun_03,ouyang_xun,庭,Fonts/my_fonts/03/char_0655.png
zhao_mengfu_04,zhao_mengfu,庭,Fonts/my_fonts/04/char_0199.png
yan_zhenqing_07,yan_zhenqing,庭,Fonts/my_fonts/07/char_0318.png
zhiyong_00,zhiyong,遠,Fonts/my_fonts/00/char_0642.png
liu_gongquan_02,liu_gongquan,遠,Fonts/my_fonts/02/char_0051.png
liu_gongquan_02,liu_gongquan,遠,Fonts/my_fonts/02/char_0306.png
ouyang_xun_03,ouyang_xun,遠,Fonts/my_fonts/03/char_0200.png
ouyang_xun_03,ouyang_xun,遠,Fonts/my_fonts/03/char_0242.png
ouyang_xun_03,ouyang_xun,遠,Fonts/my_fonts/03/char_0883.png
zhao_mengfu_04,zhao_mengfu,遠,Fonts/my_fonts/04/char_0307.png
yu_shinan_06,yu_shinan,遠,Fonts/my_fonts/06/char_0261.png
yan_zhenqing_07,yan_zhenqing,遠,Fonts/my_fonts/07/char_0436.png
yan_zhenqing_07,yan_zhenqing,遠,Fonts/my_fonts/07/char_0864.png
shen_yinmo_09,shen_yinmo,遠,Fonts/my_fonts/09/char_0172.png
zhiyong_00,zhiyong,邈,Fonts/my_fonts/00/char_0644.png
shen_yinmo_01,shen_yinmo,邈,Fonts/my_fonts/01/font_00_0816.png
liu_gongquan_02,liu_gongquan,邈,Fonts/my_fonts/02/char_0955.png
zhiyong_00,zhiyong,治,Fonts/my_fonts/00/char_0649.png
yu_shinan_06,yu_shinan,治,Fonts/my_fonts/06/char_0036.png
yu_shinan_06,yu_shinan,治,Fonts/my_fonts/06/char_0205.png
zhiyong_00,zhiyong,本,Fonts/my_fonts/00/char_0650.png
shen_yinmo_01,shen_yinmo,本,Fonts/my_fonts/01/font_00_0056.png
ouyang_xun_03,ouyang_xun,本,Fonts/my_fonts/03/char_0464.png
ouyang_xun_03,ouyang_xun,本,Fonts/my_fonts/03/char_1064.png
yan_zhenqing_07,yan_zhenqing,本,Fonts/my_fonts/07/char_0849.png
yan_zhenqing_07,yan_zhenqing,本,Fonts/my_fonts/07/char_1110.png
yan_zhenqing_07,yan_zhenqing,本,Fonts/my_fonts/07/char_1957.png
shen_yinmo_08,shen_yinmo,本,Fonts/my_fonts/08/char_0491.png
shen_yinmo_10,shen_yinmo,本,Fonts/my_fonts/10/char_0028.png
shen_yinmo_10,shen_yinmo,本,Fonts/my_fonts/10/char_0501.png
zhiyong_00,zhiyong,於,Fonts/my_fonts/00/char_0651.png
shen_yinmo_01,shen_yinmo,於,Fonts/my_fonts/01/font_00_0213.png
shen_yinmo_01,shen_yinmo,於,Fonts/my_fonts/01/font_00_0356.png
shen_yinmo_01,shen_yinmo,於,Fonts/my_fonts/01/font_00_0667.png
liu_gongquan_02,liu_gongquan,於,Fonts/my_fonts/02/char_0308.png
liu_gongquan_02,liu_gongquan,於,Fonts/my_fonts/02/char_0528.png
liu_gongquan_02,liu_gongquan,於,Fonts/my_fonts/02/char_0654.png
liu_gongquan_02,liu_gongquan,於,Fonts/my_fonts/02/char_0663.png
liu_gongquan_02,liu_gongquan,於,Fonts/my_fonts/02/char_1228.png
ouyang_xun_03,ouyang_xun,於,Fonts/my_fonts/03/char_0131.png
ouyang_xun_03,ouyang_xun,於,Fonts/my_fonts/03/char_0347.png
ouyang_xun_03,ouyang_xun,於,Fonts/my_fonts/03/char_0368.png
ouyang_xun_03,ouyang_xun,於,Fonts/my_fonts/03/char_0401.png
ouyang_xun_03,ouyang_xun,於,Fonts/my_fonts/03/char_0407.png
ouyang_xun_03,ouyang_xun,於,Fonts/my_fonts/03/char_0417.png
ouyang_xun_03,ouyang_xun,於,Fonts/my_fonts/03/char_0427.png
ouyang_xun_03,ouyang_xun,於,Fonts/my_fonts/03/char_0567.png
ouyang_xun_03,ouyang_xun,於,Fonts/my_fonts/03/char_0653.png
ouyang_xun_03,ouyang_xun,於,Fonts/my_fonts/03/char_0774.png
ouyang_xun_03,ouyang_xun,於,Fonts/my_fonts/03/char_0784.png
zhao_mengfu_04,zhao_mengfu,於,Fonts/my_fonts/04/char_0108.png
zhao_mengfu_04,zhao_mengfu,於,Fonts/my_fonts/04/char_0184.png
zhao_mengfu_04,zhao_mengfu,於,Fonts/my_fonts/04/char_0195.png
zhao_mengfu_04,zhao_mengfu,於,Fonts/my_fonts/04/char_0249.png
zhao_mengfu_04,zhao_mengfu,於,Fonts/my_fonts/04/char_0405.png
yu_shinan_06,yu_shinan,於,Fonts/my_fonts/06/char_0037.png
yu_shinan_06,yu_shinan,於,Fonts/my_fonts/06/char_0142.png
yu_shinan_06,yu_shinan,於,Fonts/my_fonts/06/char_0152.png
yu_shinan_06,yu_shinan,於,Fonts/my_fonts/06/char_0232.png
yu_shinan_06,yu_shinan,於,Fonts/my_fonts/06/char_0287.png
yu_shinan_06,yu_shinan,於,Fonts/my_fonts/06/char_0297.png
yan_zhenqing_07,yan_zhenqing,於,Fonts/my_fonts/07/char_0086.png
yan_zhenqing_07,yan_zhenqing,於,Fonts/my_fonts/07/char_0151.png
yan_zhenqing_07,yan_zhenqing,於,Fonts/my_fonts/07/char_0369.png
yan_zhenqing_07,yan_zhenqing,於,Fonts/my_fonts/07/char_0429.png
yan_zhenqing_07,yan_zhenqing,於,Fonts/my_fonts/07/char_0449.png
yan_zhenqing_07,yan_zhenqing,於,Fonts/my_fonts/07/char_0455.png
yan_zhenqing_07,yan_zhenqing,於,Fonts/my_fonts/07/char_0467.png
yan_zhenqing_07,yan_zhenqing,於,Fonts/my_fonts/07/char_0479.png
yan_zhenqing_07,yan_zhenqing,於,Fonts/my_fonts/07/char_0496.png
yan_zhenqing_07,yan_zhenqing,於,Fonts/my_fonts/07/char_0970.png
yan_zhenqing_07,yan_zhenqing,於,Fonts/my_fonts/07/char_1189.png
yan_zhenqing_07,yan_zhenqing,於,Fonts/my_fonts/07/char_1202.png
yan_zhenqing_07,yan_zhenqing,於,Fonts/my_fonts/07/char_1286.png
yan_zhenqing_07,yan_zhenqing,於,Fonts/my_fonts/07/char_1380.png
yan_zhenqing_07,yan_zhenqing,於,Fonts/my_fonts/07/char_1485.png
yan_zhenqing_07,yan_zhenqing,於,Fonts/my_fonts/07/char_1491.png
yan_zhenqing_07,yan_zhenqing,於,Fonts/my_fonts/07/char_1723.png
shen_yinmo_08,shen_yinmo,於,Fonts/my_fonts/08/char_0196.png
shen_yinmo_08,shen_yinmo,於,Fonts/my_fonts/08/char_0466.png
shen_yinmo_08,shen_yinmo,於,Fonts/my_fonts/08/char_0494.png
shen_yinmo_08,shen_yinmo,於,Fonts/my_fonts/08/char_0522.png
shen_yinmo_10,shen_yinmo,於,Fonts/my_fonts/10/char_0219.png
shen_yinmo_10,shen_yinmo,於,Fonts/my_fonts/10/char_0475.png
shen_yinmo_10,shen_yinmo,於,Fonts/my_fonts/10/char_0504.png
shen_yinmo_10,shen_yinmo,於,Fonts/my_fonts/10/char_0529.png
zhiyong_00,zhiyong,務,Fonts/my_fonts/00/char_0653.png
shen_yinmo_01,shen_yinmo,務,Fonts/my_fonts/01/font_00_0869.png
liu_gongquan_02,liu_gongquan,務,Fonts/my_fonts/02/char_0741.png
zhiyong_00,zhiyong,茲,Fonts/my_fonts/00/char_0654.png
shen_yinmo_01,shen_yinmo,茲,Fonts/my_fonts/01/font_00_0520.png
yan_zhenqing_07,yan_zhenqing,茲,Fonts/my_fonts/07/char_0325.png
zhiyong_00,zhiyong,載,Fonts/my_fonts/00/char_0658.png
shen_yinmo_01,shen_yinmo,載,Fonts/my_fonts/01/font_00_0222.png
ouyang_xun_03,ouyang_xun,載,Fonts/my_fonts/03/char_0846.png
ouyang_xun_03,ouyang_xun,載,Fonts/my_fonts/03/char_0936.png
yu_shinan_06,yu_shinan,載,Fonts/my_fonts/06/char_0337.png
yan_zhenqing_07,yan_zhenqing,載,Fonts/my_fonts/07/char_0558.png
yan_zhenqing_07,yan_zhenqing,載,Fonts/my_fonts/07/char_0698.png
yan_zhenqing_07,yan_zhenqing,載,Fonts/my_fonts/07/char_0762.png
yan_zhenqing_07,yan_zhenqing,載,Fonts/my_fonts/07/char_0907.png
yan_zhenqing_07,yan_zhenqing,載,Fonts/my_fonts/07/char_0951.png
yan_zhenqing_07,yan_zhenqing,載,Fonts/my_fonts/07/char_1113.png
yan_zhenqing_07,yan_zhenqing,載,Fonts/my_fonts/07/char_1965.png
zhiyong_00,zhiyong,南,Fonts/my_fonts/00/char_0659.png
liu_gongquan_02,liu_gongquan,南,Fonts/my_fonts/02/char_0115.png
liu_gongquan_02,liu_gongquan,南,Fonts/my_fonts/02/char_0667.png
liu_gongquan_02,liu_gongquan,南,Fonts/my_fonts/02/char_0907.png
liu_gongquan_02,liu_gongquan,南,Fonts/my_fonts/02/char_1044.png
liu_gongquan_02,liu_gongquan,南,Fonts/my_fonts/02/char_1192.png
liu_gongquan_02,liu_gongquan,南,Fonts/my_fonts/02/char_1321.png
liu_gongquan_02,liu_gongquan,南,Fonts/my_fonts/02/char_1397.png
liu_gongquan_02,liu_gongquan,南,Fonts/my_fonts/02/char_1509.png
ouyang_xun_03,ouyang_xun,南,Fonts/my_fonts/03/char_0206.png
ouyang_xun_03,ouyang_xun,南,Fonts/my_fonts/03/char_0558.png
yu_shinan_06,yu_shinan,南,Fonts/my_fonts/06/char_0345.png
yan_zhenqing_07,yan_zhenqing,南,Fonts/my_fonts/07/char_0016.png
yan_zhenqing_07,yan_zhenqing,南,Fonts/my_fonts/07/char_2009.png
zhiyong_00,zhiyong,畝,Fonts/my_fonts/00/char_0660.png
yu_shinan_06,yu_shinan,畝,Fonts/my_fonts/06/char_0329.png
zhiyong_00,zhiyong,我,Fonts/my_fonts/00/char_0661.png
shen_yinmo_01,shen_yinmo,我,Fonts/my_fonts/01/font_00_0044.png
shen_yinmo_01,shen_yinmo,我,Fonts/my_fonts/01/font_00_0738.png
shen_yinmo_01,shen_yinmo,我,Fonts/my_fonts/01/font_00_0753.png
shen_yinmo_01,shen_yinmo,我,Fonts/my_fonts/01/font_00_0885.png
ouyang_xun_03,ouyang_xun,我,Fonts/my_fonts/03/char_0445.png
ouyang_xun_03,ouyang_xun,我,Fonts/my_fonts/03/char_0757.png
ouyang_xun_03,ouyang_xun,我,Fonts/my_fonts/03/char_1029.png
ouyang_xun_03,ouyang_xun,我,Fonts/my_fonts/03/char_1057.png
yan_zhenqing_07,yan_zhenqing,我,Fonts/my_fonts/07/char_0514.png
yan_zhenqing_07,yan_zhenqing,我,Fonts/my_fonts/07/char_0659.png
yan_zhenqing_07,yan_zhenqing,我,Fonts/my_fonts/07/char_0874.png
yan_zhenqing_07,yan_zhenqing,我,Fonts/my_fonts/07/char_0993.png
yan_zhenqing_07,yan_zhenqing,我,Fonts/my_fonts/07/char_1460.png
yan_zhenqing_07,yan_zhenqing,我,Fonts/my_fonts/07/char_1530.png
yan_zhenqing_07,yan_zhenqing,我,Fonts/my_fonts/07/char_1569.png
yan_zhenqing_07,yan_zhenqing,我,Fonts/my_fonts/07/char_1829.png
yan_zhenqing_07,yan_zhenqing,我,Fonts/my_fonts/07/char_1934.png
zhiyong_00,zhiyong,藝,Fonts/my_fonts/00/char_0662.png
liu_gongquan_02,liu_gongquan,藝,Fonts/my_fonts/02/char_0450.png
zhiyong_00,zhiyong,貢,Fonts/my_fonts/00/char_0667.png
ouyang_xun_03,ouyang_xun,貢,Fonts/my_fonts/03/char_0691.png
zhiyong_00,zhiyong,新,Fonts/my_fonts/00/char_0668.png
ouyang_xun_03,ouyang_xun,新,Fonts/my_fonts/03/char_1016.png
zhao_mengfu_04,zhao_mengfu,新,Fonts/my_fonts/04/char_0095.png
shen_yinmo_10,shen_yinmo,新,Fonts/my_fonts/10/char_0503.png
zhiyong_00,zhiyong,賞,Fonts/my_fonts/00/char_0670.png
ouyang_xun_03,ouyang_xun,賞,Fonts/my_fonts/03/char_0641.png
zhiyong_00,zhiyong,黜,Fonts/my_fonts/00/char_0671.png
liu_gongquan_02,liu_gongquan,黜,Fonts/my_fonts/02/char_1132.png
zhiyong_00,zhiyong,陟,Fonts/my_fonts/00/char_0672.png
liu_gongquan_02,liu_gongquan,陟,Fonts/my_fonts/02/char_1133.png
zhao_mengfu_04,zhao_mengfu,陟,Fonts/my_fonts/04/char_0218.png
zhiyong_00,zhiyong,孟,Fonts/my_fonts/00/char_0673.png
ouyang_xun_03,ouyang_xun,孟,Fonts/my_fonts/03/char_0029.png
zhao_mengfu_04,zhao_mengfu,孟,Fonts/my_fonts/04/char_0254.png
zhao_mengfu_04,zhao_mengfu,孟,Fonts/my_fonts/04/char_0492.png
zhiyong_00,zhiyong,敦,Fonts/my_fonts/00/char_0675.png
liu_gongquan_02,liu_gongquan,敦,Fonts/my_fonts/02/char_1100.png
liu_gongquan_02,liu_gongquan,敦,Fonts/my_fonts/02/char_1164.png
zhiyong_00,zhiyong,素,Fonts/my_fonts/00/char_0676.png
liu_gongquan_02,liu_gongquan,素,Fonts/my_fonts/02/char_0591.png
zhiyong_00,zhiyong,史,Fonts/my_fonts/00/char_0677.png
liu_gongquan_02,liu_gongquan,史,Fonts/my_fonts/02/char_0015.png
liu_gongquan_02,liu_gongquan,史,Fonts/my_fonts/02/char_0054.png
liu_gongquan_02,liu_gongquan,史,Fonts/my_fonts/02/char_0252.png
liu_gongquan_02,liu_gongquan,史,Fonts/my_fonts/02/char_0297.png
liu_gongquan_02,liu_gongquan,史,Fonts/my_fonts/02/char_0319.png
liu_gongquan_02,liu_gongquan,史,Fonts/my_fonts/02/char_0535.png
liu_gongquan_02,liu_gongquan,史,Fonts/my_fonts/02/char_0630.png
liu_gongquan_02,liu_gongquan,史,Fonts/my_fonts/02/char_0709.png
liu_gongquan_02,liu_gongquan,史,Fonts/my_fonts/02/char_0807.png
liu_gongquan_02,liu_gongquan,史,Fonts/my_fonts/02/char_0962.png
liu_gongquan_02,liu_gongquan,史,Fonts/my_fonts/02/char_1069.png
liu_gongquan_02,liu_gongquan,史,Fonts/my_fonts/02/char_1178.png
liu_gongquan_02,liu_gongquan,史,Fonts/my_fonts/02/char_1382.png
ouyang_xun_03,ouyang_xun,史,Fonts/my_fonts/03/char_0988.png
yu_shinan_06,yu_shinan,史,Fonts/my_fonts/06/char_0299.png
yan_zhenqing_07,yan_zhenqing,史,Fonts/my_fonts/07/char_2010.png
zhiyong_00,zhiyong,直,Fonts/my_fonts/00/char_0680.png
liu_gongquan_02,liu_gongquan,直,Fonts/my_fonts/02/char_0250.png
liu_gongquan_02,liu_gongquan,直,Fonts/my_fonts/02/char_0378.png
liu_gongquan_02,liu_gongquan,直,Fonts/my_fonts/02/char_0417.png
liu_gongquan_02,liu_gongquan,直,Fonts/my_fonts/02/char_1001.png
liu_gongquan_02,liu_gongquan,直,Fonts/my_fonts/02/char_1315.png
liu_gongquan_02,liu_gongquan,直,Fonts/my_fonts/02/char_1395.png
zhao_mengfu_04,zhao_mengfu,直,Fonts/my_fonts/04/char_0473.png
yan_zhenqing_07,yan_zhenqing,直,Fonts/my_fonts/07/char_0248.png
yan_zhenqing_07,yan_zhenqing,直,Fonts/my_fonts/07/char_1760.png
shen_yinmo_08,shen_yinmo,直,Fonts/my_fonts/08/char_0057.png
shen_yinmo_08,shen_yinmo,直,Fonts/my_fonts/08/char_0075.png
shen_yinmo_08,shen_yinmo,直,Fonts/my_fonts/08/char_0089.png
shen_yinmo_08,shen_yinmo,直,Fonts/my_fonts/08/char_0329.png
shen_yinmo_08,shen_yinmo,直,Fonts/my_fonts/08/char_0408.png
shen_yinmo_10,shen_yinmo,直,Fonts/my_fonts/10/char_0079.png
shen_yinmo_10,shen_yinmo,直,Fonts/my_fonts/10/char_0096.png
shen_yinmo_10,shen_yinmo,直,Fonts/my_fonts/10/char_0340.png
shen_yinmo_10,shen_yinmo,直,Fonts/my_fonts/10/char_0419.png
zhiyong_00,zhiyong,庶,Fonts/my_fonts/00/char_0681.png
shen_yinmo_01,shen_yinmo,庶,Fonts/my_fonts/01/font_00_0067.png
shen_yinmo_01,shen_yinmo,庶,Fonts/my_fonts/01/font_00_0710.png
liu_gongquan_02,liu_gongquan,庶,Fonts/my_fonts/02/char_0734.png
ouyang_xun_03,ouyang_xun,庶,Fonts/my_fonts/03/char_0314.png
zhiyong_00,zhiyong,幾,Fonts/my_fonts/00/char_0682.png
shen_yinmo_01,shen_yinmo,幾,Fonts/my_fonts/01/font_00_0711.png
liu_gongquan_02,liu_gongquan,幾,Fonts/my_fonts/02/char_1536.png
ouyang_xun_03,ouyang_xun,幾,Fonts/my_fonts/03/char_0913.png
zhao_mengfu_04,zhao_mengfu,幾,Fonts/my_fonts/04/char_0169.png
zhiyong_00,zhiyong,中,Fonts/my_fonts/00/char_0683.png
shen_yinmo_01,shen_yinmo,中,Fonts/my_fonts/01/font_00_0022.png
shen_yinmo_01,shen_yinmo,中,Fonts/my_fonts/01/font_00_0102.png
liu_gongquan_02,liu_gongquan,中,Fonts/my_fonts/02/char_0055.png
liu_gongquan_02,liu_gongquan,中,Fonts/my_fonts/02/char_0204.png
liu_gongquan_02,liu_gongquan,中,Fonts/my_fonts/02/char_0356.png
liu_gongquan_02,liu_gongquan,中,Fonts/my_fonts/02/char_0563.png
liu_gongquan_02,liu_gongquan,中,Fonts/my_fonts/02/char_0616.png
liu_gongquan_02,liu_gongquan,中,Fonts/my_fonts/02/char_0724.png
liu_gongquan_02,liu_gongquan,中,Fonts/my_fonts/02/char_0963.png
liu_gongquan_02,liu_gongquan,中,Fonts/my_fonts/02/char_1066.png
liu_gongquan_02,liu_gongquan,中,Fonts/my_fonts/02/char_1417.png
ouyang_xun_03,ouyang_xun,中,Fonts/my_fonts/03/char_0013.png
ouyang_xun_03,ouyang_xun,中,Fonts/my_fonts/03/char_0503.png
ouyang_xun_03,ouyang_xun,中,Fonts/my_fonts/03/char_0672.png
ouyang_xun_03,ouyang_xun,中,Fonts/my_fonts/03/char_0709.png
zhao_mengfu_04,zhao_mengfu,中,Fonts/my_fonts/04/char_0200.png
zhao_mengfu_04,zhao_mengfu,中,Fonts/my_fonts/04/char_0362.png
yan_zhenqing_07,yan_zhenqing,中,Fonts/my_fonts/07/char_0049.png
yan_zhenqing_07,yan_zhenqing,中,Fonts/my_fonts/07/char_0305.png
yan_zhenqing_07,yan_zhenqing,中,Fonts/my_fonts/07/char_0381.png
yan_zhenqing_07,yan_zhenqing,中,Fonts/my_fonts/07/char_0399.png
yan_zhenqing_07,yan_zhenqing,中,Fonts/my_fonts/07/char_0700.png
yan_zhenqing_07,yan_zhenqing,中,Fonts/my_fonts/07/char_1255.png
yan_zhenqing_07,yan_zhenqing,中,Fonts/my_fonts/07/char_1816.png
yan_zhenqing_07,yan_zhenqing,中,Fonts/my_fonts/07/char_1845.png
shen_yinmo_08,shen_yinmo,中,Fonts/my_fonts/08/char_0193.png
shen_yinmo_08,shen_yinmo,中,Fonts/my_fonts/08/char_0291.png
shen_yinmo_08,shen_yinmo,中,Fonts/my_fonts/08/char_0384.png
shen_yinmo_08,shen_yinmo,中,Fonts/my_fonts/08/char_0402.png
shen_yinmo_09,shen_yinmo,中,Fonts/my_fonts/09/char_0084.png
shen_yinmo_10,shen_yinmo,中,Fonts/my_fonts/10/char_0302.png
shen_yinmo_10,shen_yinmo,中,Fonts/my_fonts/10/char_0396.png
shen_yinmo_10,shen_yinmo,中,Fonts/my_fonts/10/char_0413.png
zhiyong_00,zhiyong,庸,Fonts/my_fonts/00/char_0684.png
zhao_mengfu_04,zhao_mengfu,庸,Fonts/my_fonts/04/char_0363.png
zhao_mengfu_04,zhao_mengfu,庸,Fonts/my_fonts/04/char_0380.png
zhiyong_00,zhiyong,勞,Fonts/my_fonts/00/char_0685.png
ouyang_xun_03,ouyang_xun,勞,Fonts/my_fonts/03/char_0277.png
ouyang_xun_03,ouyang_xun,勞,Fonts/my_fonts/03/char_0359.png
yan_zhenqing_07,yan_zhenqing,勞,Fonts/my_fonts/07/char_1502.png
zhiyong_00,zhiyong,謙,Fonts/my_fonts/00/char_0686.png
ouyang_xun_03,ouyang_xun,謙,Fonts/my_fonts/03/char_0998.png
zhiyong_00,zhiyong,謹,Fonts/my_fonts/00/char_0687.png
shen_yinmo_01,shen_yinmo,謹,Fonts/my_fonts/01/font_00_0065.png
shen_yinmo_01,shen_yinmo,謹,Fonts/my_fonts/01/font_00_0862.png
ouyang_xun_03,ouyang_xun,謹,Fonts/my_fonts/03/char_0630.png
zhiyong_00,zhiyong,敕,Fonts/my_fonts/00/char_0688.png
ouyang_xun_03,ouyang_xun,敕,Fonts/my_fonts/03/char_0022.png
ouyang_xun_03,ouyang_xun,敕,Fonts/my_fonts/03/char_1099.png
yan_zhenqing_07,yan_zhenqing,敕,Fonts/my_fonts/07/char_0582.png
yan_zhenqing_07,yan_zhenqing,敕,Fonts/my_fonts/07/char_0699.png
yan_zhenqing_07,yan_zhenqing,敕,Fonts/my_fonts/07/char_1114.png
yan_zhenqing_07,yan_zhenqing,敕,Fonts/my_fonts/07/char_1981.png
zhiyong_00,zhiyong,音,Fonts/my_fonts/00/char_0690.png
shen_yinmo_01,shen_yinmo,音,Fonts/my_fonts/01/font_00_0127.png
yu_shinan_06,yu_shinan,音,Fonts/my_fonts/06/char_0059.png
yu_shinan_06,yu_shinan,音,Fonts/my_fonts/06/char_0126.png
yan_zhenqing_07,yan_zhenqing,音,Fonts/my_fonts/07/char_0549.png
zhiyong_00,zhiyong,察,Fonts/my_fonts/00/char_0691.png
shen_yinmo_01,shen_yinmo,察,Fonts/my_fonts/01/font_00_0649.png
liu_gongquan_02,liu_gongquan,察,Fonts/my_fonts/02/char_1157.png
ouyang_xun_03,ouyang_xun,察,Fonts/my_fonts/03/char_0421.png
ouyang_xun_03,ouyang_xun,察,Fonts/my_fonts/03/char_0522.png
zhiyong_00,zhiyong,理,Fonts/my_fonts/00/char_0692.png
shen_yinmo_01,shen_yinmo,理,Fonts/my_fonts/01/font_00_0644.png
liu_gongquan_02,liu_gongquan,理,Fonts/my_fonts/02/char_1313.png
liu_gongquan_02,liu_gongquan,理,Fonts/my_fonts/02/char_1378.png
ouyang_xun_03,ouyang_xun,理,Fonts/my_fonts/03/char_0297.png
yan_zhenqing_07,yan_zhenqing,理,Fonts/my_fonts/07/char_0569.png
yan_zhenqing_07,yan_zhenqing,理,Fonts/my_fonts/07/char_1655.png
yan_zhenqing_07,yan_zhenqing,理,Fonts/my_fonts/07/char_1729.png
yan_zhenqing_07,yan_zhenqing,理,Fonts/my_fonts/07/char_1939.png
zhiyong_00,zhiyong,貌,Fonts/my_fonts/00/char_0694.png
yu_shinan_06,yu_shinan,貌,Fonts/my_fonts/06/char_0248.png
yan_zhenqing_07,yan_zhenqing,貌,Fonts/my_fonts/07/char_1577.png
zhiyong_00,zhiyong,色,Fonts/my_fonts/00/char_0696.png
liu_gongquan_02,liu_gongquan,色,Fonts/my_fonts/02/char_0647.png
ouyang_xun_03,ouyang_xun,色,Fonts/my_fonts/03/char_0756.png
ouyang_xun_03,ouyang_xun,色,Fonts/my_fonts/03/char_0976.png
yu_shinan_06,yu_shinan,色,Fonts/my_fonts/06/char_0132.png
yan_zhenqing_07,yan_zhenqing,色,Fonts/my_fonts/07/char_0786.png
yan_zhenqing_07,yan_zhenqing,色,Fonts/my_fonts/07/char_1330.png
yan_zhenqing_07,yan_zhenqing,色,Fonts/my_fonts/07/char_1918.png
shen_yinmo_09,shen_yinmo,色,Fonts/my_fonts/09/char_0037.png
shen_yinmo_09,shen_yinmo,色,Fonts/my_fonts/09/char_0044.png
shen_yinmo_09,shen_yinmo,色,Fonts/my_fonts/09/char_0045.png
shen_yinmo_09,shen_yinmo,色,Fonts/my_fonts/09/char_0052.png
shen_yinmo_09,shen_yinmo,色,Fonts/my_fonts/09/char_0086.png
shen_yinmo_09,shen_yinmo,色,Fonts/my_fonts/09/char_0100.png
zhiyong_00,zhiyong,貽,Fonts/my_fonts/00/char_0697.png
liu_gongquan_02,liu_gongquan,貽,Fonts/my_fonts/02/char_1583.png
zhiyong_00,zhiyong,厥,Fonts/my_fonts/00/char_0698.png
shen_yinmo_01,shen_yinmo,厥,Fonts/my_fonts/01/font_00_0369.png
ouyang_xun_03,ouyang_xun,厥,Fonts/my_fonts/03/char_0523.png
zhao_mengfu_04,zhao_mengfu,厥,Fonts/my_fonts/04/char_0310.png
yan_zhenqing_07,yan_zhenqing,厥,Fonts/my_fonts/07/char_0142.png
zhiyong_00,zhiyong,嘉,Fonts/my_fonts/00/char_0699.png
yu_shinan_06,yu_shinan,嘉,Fonts/my_fonts/06/char_0079.png
zhiyong_00,zhiyong,猷,Fonts/my_fonts/00/char_0700.png
yu_shinan_06,yu_shinan,猷,Fonts/my_fonts/06/char_0050.png
zhiyong_00,zhiyong,勉,Fonts/my_fonts/00/char_0701.png
shen_yinmo_01,shen_yinmo,勉,Fonts/my_fonts/01/font_00_0722.png
zhiyong_00,zhiyong,其,Fonts/my_fonts/00/char_0702.png
shen_yinmo_01,shen_yinmo,其,Fonts/my_fonts/01/font_00_0135.png
shen_yinmo_01,shen_yinmo,其,Fonts/my_fonts/01/font_00_0624.png
shen_yinmo_01,shen_yinmo,其,Fonts/my_fonts/01/font_00_0714.png
shen_yinmo_01,shen_yinmo,其,Fonts/my_fonts/01/font_00_0893.png
liu_gongquan_02,liu_gongquan,其,Fonts/my_fonts/02/char_0286.png
liu_gongquan_02,liu_gongquan,其,Fonts/my_fonts/02/char_0948.png
liu_gongquan_02,liu_gongquan,其,Fonts/my_fonts/02/char_1242.png
ouyang_xun_03,ouyang_xun,其,Fonts/my_fonts/03/char_0113.png
ouyang_xun_03,ouyang_xun,其,Fonts/my_fonts/03/char_0379.png
ouyang_xun_03,ouyang_xun,其,Fonts/my_fonts/03/char_0383.png
ouyang_xun_03,ouyang_xun,其,Fonts/my_fonts/03/char_0443.png
ouyang_xun_03,ouyang_xun,其,Fonts/my_fonts/03/char_0447.png
ouyang_xun_03,ouyang_xun,其,Fonts/my_fonts/03/char_0550.png
ouyang_xun_03,ouyang_xun,其,Fonts/my_fonts/03/char_0834.png
ouyang_xun_03,ouyang_xun,其,Fonts/my_fonts/03/char_1055.png
ouyang_xun_03,ouyang_xun,其,Fonts/my_fonts/03/char_1059.png
zhao_mengfu_04,zhao_mengfu,其,Fonts/my_fonts/04/char_0149.png
zhao_mengfu_04,zhao_mengfu,其,Fonts/my_fonts/04/char_0153.png
zhao_mengfu_04,zhao_mengfu,其,Fonts/my_fonts/04/char_0174.png
zhao_mengfu_04,zhao_mengfu,其,Fonts/my_fonts/04/char_0388.png
yu_shinan_06,yu_shinan,其,Fonts/my_fonts/06/char_0307.png
yu_shinan_06,yu_shinan,其,Fonts/my_fonts/06/char_0316.png
yan_zhenqing_07,yan_zhenqing,其,Fonts/my_fonts/07/char_0430.png
yan_zhenqing_07,yan_zhenqing,其,Fonts/my_fonts/07/char_0475.png
yan_zhenqing_07,yan_zhenqing,其,Fonts/my_fonts/07/char_0612.png
yan_zhenqing_07,yan_zhenqing,其,Fonts/my_fonts/07/char_0693.png
yan_zhenqing_07,yan_zhenqing,其,Fonts/my_fonts/07/char_1112.png
yan_zhenqing_07,yan_zhenqing,其,Fonts/my_fonts/07/char_1230.png
yan_zhenqing_07,yan_zhenqing,其,Fonts/my_fonts/07/char_1258.png
yan_zhenqing_07,yan_zhenqing,其,Fonts/my_fonts/07/char_1292.png
yan_zhenqing_07,yan_zhenqing,其,Fonts/my_fonts/07/char_1333.png
yan_zhenqing_07,yan_zhenqing,其,Fonts/my_fonts/07/char_1465.png
yan_zhenqing_07,yan_zhenqing,其,Fonts/my_fonts/07/char_1476.png
yan_zhenqing_07,yan_zhenqing,其,Fonts/my_fonts/07/char_1576.png
yan_zhenqing_07,yan_zhenqing,其,Fonts/my_fonts/07/char_1832.png
shen_yinmo_08,shen_yinmo,其,Fonts/my_fonts/08/char_0096.png
shen_yinmo_08,shen_yinmo,其,Fonts/my_fonts/08/char_0287.png
shen_yinmo_08,shen_yinmo,其,Fonts/my_fonts/08/char_0297.png
shen_yinmo_08,shen_yinmo,其,Fonts/my_fonts/08/char_0352.png
shen_yinmo_10,shen_yinmo,其,Fonts/my_fonts/10/char_0117.png
shen_yinmo_10,shen_yinmo,其,Fonts/my_fonts/10/char_0298.png
shen_yinmo_10,shen_yinmo,其,Fonts/my_fonts/10/char_0308.png
shen_yinmo_10,shen_yinmo,其,Fonts/my_fonts/10/char_0363.png
zhiyong_00,zhiyong,省,Fonts/my_fonts/00/char_0705.png
liu_gongquan_02,liu_gongquan,省,Fonts/my_fonts/02/char_0005.png
liu_gongquan_02,liu_gongquan,省,Fonts/my_fonts/02/char_0253.png
liu_gongquan_02,liu_gongquan,省,Fonts/my_fonts/02/char_0350.png
liu_gongquan_02,liu_gongquan,省,Fonts/my_fonts/02/char_0381.png
liu_gongquan_02,liu_gongquan,省,Fonts/my_fonts/02/char_0475.png
liu_gongquan_02,liu_gongquan,省,Fonts/my_fonts/02/char_1148.png
zhiyong_00,zhiyong,躬,Fonts/my_fonts/00/char_0706.png
shen_yinmo_01,shen_yinmo,躬,Fonts/my_fonts/01/font_00_0235.png
zhiyong_00,zhiyong,誡,Fonts/my_fonts/00/char_0708.png
shen_yinmo_01,shen_yinmo,誡,Fonts/my_fonts/01/font_00_0540.png
zhiyong_00,zhiyong,增,Fonts/my_fonts/00/char_0710.png
yan_zhenqing_07,yan_zhenqing,增,Fonts/my_fonts/07/char_1814.png
shen_yinmo_09,shen_yinmo,增,Fonts/my_fonts/09/char_0078.png
zhiyong_00,zhiyong,抗,Fonts/my_fonts/00/char_0711.png
ouyang_xun_03,ouyang_xun,抗,Fonts/my_fonts/03/char_0052.png
yu_shinan_06,yu_shinan,抗,Fonts/my_fonts/06/char_0277.png
zhiyong_00,zhiyong,極,Fonts/my_fonts/00/char_0712.png
shen_yinmo_01,shen_yinmo,極,Fonts/my_fonts/01/font_00_0818.png
ouyang_xun_03,ouyang_xun,極,Fonts/my_fonts/03/char_0120.png
zhao_mengfu_04,zhao_mengfu,極,Fonts/my_fonts/04/char_0281.png
zhao_mengfu_04,zhao_mengfu,極,Fonts/my_fonts/04/char_0357.png
zhao_mengfu_04,zhao_mengfu,極,Fonts/my_fonts/04/char_0373.png
yu_shinan_06,yu_shinan,極,Fonts/my_fonts/06/char_0154.png
zhiyong_00,zhiyong,殆,Fonts/my_fonts/00/char_0713.png
liu_gongquan_02,liu_gongquan,殆,Fonts/my_fonts/02/char_0733.png
zhiyong_00,zhiyong,近,Fonts/my_fonts/00/char_0715.png
zhao_mengfu_04,zhao_mengfu,近,Fonts/my_fonts/04/char_0303.png
yan_zhenqing_07,yan_zhenqing,近,Fonts/my_fonts/07/char_0440.png
zhiyong_00,zhiyong,林,Fonts/my_fonts/00/char_0717.png
liu_gongquan_02,liu_gongquan,林,Fonts/my_fonts/02/char_1567.png
zhiyong_00,zhiyong,幸,Fonts/my_fonts/00/char_0719.png
shen_yinmo_01,shen_yinmo,幸,Fonts/my_fonts/01/font_00_0165.png
shen_yinmo_01,shen_yinmo,幸,Fonts/my_fonts/01/font_00_0355.png
liu_gongquan_02,liu_gongquan,幸,Fonts/my_fonts/02/char_0649.png
liu_gongquan_02,liu_gongquan,幸,Fonts/my_fonts/02/char_1349.png
zhiyong_00,zhiyong,即,Fonts/my_fonts/00/char_0720.png
yan_zhenqing_07,yan_zhenqing,即,Fonts/my_fonts/07/char_0415.png
yan_zhenqing_07,yan_zhenqing,即,Fonts/my_fonts/07/char_0442.png
yan_zhenqing_07,yan_zhenqing,即,Fonts/my_fonts/07/char_1598.png
shen_yinmo_08,shen_yinmo,即,Fonts/my_fonts/08/char_0122.png
shen_yinmo_08,shen_yinmo,即,Fonts/my_fonts/08/char_0328.png
shen_yinmo_08,shen_yinmo,即,Fonts/my_fonts/08/char_0371.png
shen_yinmo_09,shen_yinmo,即,Fonts/my_fonts/09/char_0046.png
shen_yinmo_09,shen_yinmo,即,Fonts/my_fonts/09/char_0050.png
shen_yinmo_09,shen_yinmo,即,Fonts/my_fonts/09/char_0247.png
shen_yinmo_10,shen_yinmo,即,Fonts/my_fonts/10/char_0147.png
shen_yinmo_10,shen_yinmo,即,Fonts/my_fonts/10/char_0339.png
shen_yinmo_10,shen_yinmo,即,Fonts/my_fonts/10/char_0383.png
zhiyong_00,zhiyong,兩,Fonts/my_fonts/00/char_0721.png
shen_yinmo_01,shen_yinmo,兩,Fonts/my_fonts/01/font_00_0267.png
zhiyong_00,zhiyong,疏,Fonts/my_fonts/00/char_0722.png
yu_shinan_06,yu_shinan,疏,Fonts/my_fonts/06/char_0296.png
zhiyong_00,zhiyong,見,Fonts/my_fonts/00/char_0723.png
shen_yinmo_01,shen_yinmo,見,Fonts/my_fonts/01/font_00_0601.png
liu_gongquan_02,liu_gongquan,見,Fonts/my_fonts/02/char_0050.png
liu_gongquan_02,liu_gongquan,見,Fonts/my_fonts/02/char_0071.png
liu_gongquan_02,liu_gongquan,見,Fonts/my_fonts/02/char_1477.png
yu_shinan_06,yu_shinan,見,Fonts/my_fonts/06/char_0007.png
yan_zhenqing_07,yan_zhenqing,見,Fonts/my_fonts/07/char_0279.png
yan_zhenqing_07,yan_zhenqing,見,Fonts/my_fonts/07/char_0364.png
yan_zhenqing_07,yan_zhenqing,見,Fonts/my_fonts/07/char_0383.png
yan_zhenqing_07,yan_zhenqing,見,Fonts/my_fonts/07/char_0404.png
yan_zhenqing_07,yan_zhenqing,見,Fonts/my_fonts/07/char_0433.png
yan_zhenqing_07,yan_zhenqing,見,Fonts/my_fonts/07/char_0598.png
yan_zhenqing_07,yan_zhenqing,見,Fonts/my_fonts/07/char_0859.png
yan_zhenqing_07,yan_zhenqing,見,Fonts/my_fonts/07/char_1892.png
shen_yinmo_08,shen_yinmo,見,Fonts/my_fonts/08/char_0120.png
shen_yinmo_08,shen_yinmo,見,Fonts/my_fonts/08/char_0437.png
shen_yinmo_08,shen_yinmo,見,Fonts/my_fonts/08/char_0448.png
shen_yinmo_08,shen_yinmo,見,Fonts/my_fonts/08/char_0458.png
shen_yinmo_08,shen_yinmo,見,Fonts/my_fonts/08/char_0471.png
shen_yinmo_09,shen_yinmo,見,Fonts/my_fonts/09/char_0024.png
shen_yinmo_10,shen_yinmo,見,Fonts/my_fonts/10/char_0145.png
shen_yinmo_10,shen_yinmo,見,Fonts/my_fonts/10/char_0447.png
shen_yinmo_10,shen_yinmo,見,Fonts/my_fonts/10/char_0458.png
shen_yinmo_10,shen_yinmo,見,Fonts/my_fonts/10/char_0468.png
shen_yinmo_10,shen_yinmo,見,Fonts/my_fonts/10/char_0480.png
zhiyong_00,zhiyong,機,Fonts/my_fonts/00/char_0724.png
ouyang_xun_03,ouyang_xun,機,Fonts/my_fonts/03/char_0870.png
yu_shinan_06,yu_shinan,機,Fonts/my_fonts/06/char_0266.png
zhiyong_00,zhiyong,解,Fonts/my_fonts/00/char_0725.png
liu_gongquan_02,liu_gongquan,解,Fonts/my_fonts/02/char_0346.png
yu_shinan_06,yu_shinan,解,Fonts/my_fonts/06/char_0135.png
yan_zhenqing_07,yan_zhenqing,解,Fonts/my_fonts/07/char_1721.png
zhiyong_00,zhiyong,誰,Fonts/my_fonts/00/char_0727.png
yan_zhenqing_07,yan_zhenqing,誰,Fonts/my_fonts/07/char_1861.png
zhiyong_00,zhiyong,索,Fonts/my_fonts/00/char_0729.png
zhao_mengfu_04,zhao_mengfu,索,Fonts/my_fonts/04/char_0332.png
yu_shinan_06,yu_shinan,索,Fonts/my_fonts/06/char_0332.png
zhiyong_00,zhiyong,居,Fonts/my_fonts/00/char_0730.png
shen_yinmo_01,shen_yinmo,居,Fonts/my_fonts/01/font_00_0198.png
shen_yinmo_01,shen_yinmo,居,Fonts/my_fonts/01/font_00_0314.png
shen_yinmo_01,shen_yinmo,居,Fonts/my_fonts/01/font_00_0646.png
liu_gongquan_02,liu_gongquan,居,Fonts/my_fonts/02/char_0584.png
ouyang_xun_03,ouyang_xun,居,Fonts/my_fonts/03/char_0301.png
ouyang_xun_03,ouyang_xun,居,Fonts/my_fonts/03/char_1037.png
ouyang_xun_03,ouyang_xun,居,Fonts/my_fonts/03/char_1069.png
yan_zhenqing_07,yan_zhenqing,居,Fonts/my_fonts/07/char_0184.png
yan_zhenqing_07,yan_zhenqing,居,Fonts/my_fonts/07/char_0333.png
yan_zhenqing_07,yan_zhenqing,居,Fonts/my_fonts/07/char_1277.png
zhiyong_00,zhiyong,閒,Fonts/my_fonts/00/char_0731.png
yu_shinan_06,yu_shinan,閒,Fonts/my_fonts/06/char_0303.png
zhiyong_00,zhiyong,處,Fonts/my_fonts/00/char_0732.png
liu_gongquan_02,liu_gongquan,處,Fonts/my_fonts/02/char_0642.png
zhao_mengfu_04,zhao_mengfu,處,Fonts/my_fonts/04/char_0484.png
yan_zhenqing_07,yan_zhenqing,處,Fonts/my_fonts/07/char_0419.png
shen_yinmo_08,shen_yinmo,處,Fonts/my_fonts/08/char_0276.png
shen_yinmo_08,shen_yinmo,處,Fonts/my_fonts/08/char_0470.png
shen_yinmo_10,shen_yinmo,處,Fonts/my_fonts/10/char_0479.png
zhiyong_00,zhiyong,沈,Fonts/my_fonts/00/char_0733.png
liu_gongquan_02,liu_gongquan,沈,Fonts/my_fonts/02/char_1270.png
shen_yinmo_09,shen_yinmo,沈,Fonts/my_fonts/09/char_0272.png
zhiyong_00,zhiyong,默,Fonts/my_fonts/00/char_0734.png
yan_zhenqing_07,yan_zhenqing,默,Fonts/my_fonts/07/char_0367.png
shen_yinmo_09,shen_yinmo,默,Fonts/my_fonts/09/char_0274.png
zhiyong_00,zhiyong,寂,Fonts/my_fonts/00/char_0735.png
yan_zhenqing_07,yan_zhenqing,寂,Fonts/my_fonts/07/char_0830.png
yan_zhenqing_07,yan_zhenqing,寂,Fonts/my_fonts/07/char_1447.png
yan_zhenqing_07,yan_zhenqing,寂,Fonts/my_fonts/07/char_1558.png
zhiyong_00,zhiyong,寥,Fonts/my_fonts/00/char_0736.png
yan_zhenqing_07,yan_zhenqing,寥,Fonts/my_fonts/07/char_1448.png
zhiyong_00,zhiyong,求,Fonts/my_fonts/00/char_0737.png
shen_yinmo_01,shen_yinmo,求,Fonts/my_fonts/01/font_00_0750.png
ouyang_xun_03,ouyang_xun,求,Fonts/my_fonts/03/char_0468.png
zhao_mengfu_04,zhao_mengfu,求,Fonts/my_fonts/04/char_0257.png
zhao_mengfu_04,zhao_mengfu,求,Fonts/my_fonts/04/char_0305.png
yu_shinan_06,yu_shinan,求,Fonts/my_fonts/06/char_0017.png
yu_shinan_06,yu_shinan,求,Fonts/my_fonts/06/char_0164.png
yan_zhenqing_07,yan_zhenqing,求,Fonts/my_fonts/07/char_0588.png
yan_zhenqing_07,yan_zhenqing,求,Fonts/my_fonts/07/char_0998.png
yan_zhenqing_07,yan_zhenqing,求,Fonts/my_fonts/07/char_1714.png
zhiyong_00,zhiyong,古,Fonts/my_fonts/00/char_0738.png
liu_gongquan_02,liu_gongquan,古,Fonts/my_fonts/02/char_0486.png
yan_zhenqing_07,yan_zhenqing,古,Fonts/my_fonts/07/char_0672.png
shen_yinmo_08,shen_yinmo,古,Fonts/my_fonts/08/char_0306.png
shen_yinmo_10,shen_yinmo,古,Fonts/my_fonts/10/char_0318.png
zhiyong_00,zhiyong,尋,Fonts/my_fonts/00/char_0739.png
ouyang_xun_03,ouyang_xun,尋,Fonts/my_fonts/03/char_0088.png
yan_zhenqing_07,yan_zhenqing,尋,Fonts/my_fonts/07/char_0441.png
yan_zhenqing_07,yan_zhenqing,尋,Fonts/my_fonts/07/char_0927.png
zhiyong_00,zhiyong,論,Fonts/my_fonts/00/char_0740.png
liu_gongquan_02,liu_gongquan,論,Fonts/my_fonts/02/char_0160.png
liu_gongquan_02,liu_gongquan,論,Fonts/my_fonts/02/char_1618.png
shen_yinmo_08,shen_yinmo,論,Fonts/my_fonts/08/char_0207.png
shen_yinmo_10,shen_yinmo,論,Fonts/my_fonts/10/char_0230.png
zhiyong_00,zhiyong,散,Fonts/my_fonts/00/char_0741.png
liu_gongquan_02,liu_gongquan,散,Fonts/my_fonts/02/char_0340.png
yan_zhenqing_07,yan_zhenqing,散,Fonts/my_fonts/07/char_0039.png
yan_zhenqing_07,yan_zhenqing,散,Fonts/my_fonts/07/char_1100.png
zhiyong_00,zhiyong,慮,Fonts/my_fonts/00/char_0742.png
shen_yinmo_01,shen_yinmo,慮,Fonts/my_fonts/01/font_00_0486.png
ouyang_xun_03,ouyang_xun,慮,Fonts/my_fonts/03/char_0263.png
zhao_mengfu_04,zhao_mengfu,慮,Fonts/my_fonts/04/char_0462.png
zhiyong_00,zhiyong,遙,Fonts/my_fonts/00/char_0744.png
shen_yinmo_01,shen_yinmo,遙,Fonts/my_fonts/01/font_00_0891.png
shen_yinmo_08,shen_yinmo,遙,Fonts/my_fonts/08/char_0292.png
shen_yinmo_10,shen_yinmo,遙,Fonts/my_fonts/10/char_0303.png
zhiyong_00,zhiyong,奏,Fonts/my_fonts/00/char_0746.png
zhao_mengfu_04,zhao_mengfu,奏,Fonts/my_fonts/04/char_0227.png
yu_shinan_06,yu_shinan,奏,Fonts/my_fonts/06/char_0124.png
zhiyong_00,zhiyong,累,Fonts/my_fonts/00/char_0747.png
liu_gongquan_02,liu_gongquan,累,Fonts/my_fonts/02/char_0622.png
liu_gongquan_02,liu_gongquan,累,Fonts/my_fonts/02/char_0786.png
liu_gongquan_02,liu_gongquan,累,Fonts/my_fonts/02/char_0924.png
liu_gongquan_02,liu_gongquan,累,Fonts/my_fonts/02/char_1581.png
zhiyong_00,zhiyong,遣,Fonts/my_fonts/00/char_0748.png
yan_zhenqing_07,yan_zhenqing,遣,Fonts/my_fonts/07/char_1710.png
zhiyong_00,zhiyong,謝,Fonts/my_fonts/00/char_0750.png
ouyang_xun_03,ouyang_xun,謝,Fonts/my_fonts/03/char_0926.png
yan_zhenqing_07,yan_zhenqing,謝,Fonts/my_fonts/07/char_1133.png
zhiyong_00,zhiyong,歡,Fonts/my_fonts/00/char_0751.png
shen_yinmo_01,shen_yinmo,歡,Fonts/my_fonts/01/font_00_0396.png
yan_zhenqing_07,yan_zhenqing,歡,Fonts/my_fonts/07/char_0488.png
zhiyong_00,zhiyong,招,Fonts/my_fonts/00/char_0752.png
shen_yinmo_01,shen_yinmo,招,Fonts/my_fonts/01/font_00_0636.png
zhiyong_00,zhiyong,渠,Fonts/my_fonts/00/char_0753.png
ouyang_xun_03,ouyang_xun,渠,Fonts/my_fonts/03/char_0549.png
zhiyong_00,zhiyong,荷,Fonts/my_fonts/00/char_0754.png
shen_yinmo_01,shen_yinmo,荷,Fonts/my_fonts/01/font_00_0651.png
yan_zhenqing_07,yan_zhenqing,荷,Fonts/my_fonts/07/char_0492.png
zhiyong_00,zhiyong,歷,Fonts/my_fonts/00/char_0756.png
shen_yinmo_01,shen_yinmo,歷,Fonts/my_fonts/01/font_00_0096.png
liu_gongquan_02,liu_gongquan,歷,Fonts/my_fonts/02/char_0821.png
liu_gongquan_02,liu_gongquan,歷,Fonts/my_fonts/02/char_1061.png
ouyang_xun_03,ouyang_xun,歷,Fonts/my_fonts/03/char_0505.png
zhiyong_00,zhiyong,抽,Fonts/my_fonts/00/char_0759.png
zhao_mengfu_04,zhao_mengfu,抽,Fonts/my_fonts/04/char_0324.png
zhiyong_00,zhiyong,晚,Fonts/my_fonts/00/char_0763.png
liu_gongquan_02,liu_gongquan,晚,Fonts/my_fonts/02/char_1616.png
zhiyong_00,zhiyong,早,Fonts/my_fonts/00/char_0767.png
liu_gongquan_02,liu_gongquan,早,Fonts/my_fonts/02/char_1209.png
liu_gongquan_02,liu_gongquan,早,Fonts/my_fonts/02/char_1296.png
zhiyong_00,zhiyong,陳,Fonts/my_fonts/00/char_0769.png
shen_yinmo_01,shen_yinmo,陳,Fonts/my_fonts/01/font_00_0286.png
shen_yinmo_01,shen_yinmo,陳,Fonts/my_fonts/01/font_00_0859.png
liu_gongquan_02,liu_gongquan,陳,Fonts/my_fonts/02/char_0459.png
liu_gongquan_02,liu_gongquan,陳,Fonts/my_fonts/02/char_0681.png
ouyang_xun_03,ouyang_xun,陳,Fonts/my_fonts/03/char_0827.png
ouyang_xun_03,ouyang_xun,陳,Fonts/my_fonts/03/char_0900.png
zhao_mengfu_04,zhao_mengfu,陳,Fonts/my_fonts/04/char_0050.png
yan_zhenqing_07,yan_zhenqing,陳,Fonts/my_fonts/07/char_1132.png
yan_zhenqing_07,yan_zhenqing,陳,Fonts/my_fonts/07/char_1791.png
zhiyong_00,zhiyong,委,Fonts/my_fonts/00/char_0771.png
liu_gongquan_02,liu_gongquan,委,Fonts/my_fonts/02/char_0603.png
zhiyong_00,zhiyong,落,Fonts/my_fonts/00/char_0773.png
shen_yinmo_01,shen_yinmo,落,Fonts/my_fonts/01/font_00_0773.png
yan_zhenqing_07,yan_zhenqing,落,Fonts/my_fonts/07/char_0218.png
zhiyong_00,zhiyong,游,Fonts/my_fonts/00/char_0777.png
liu_gongquan_02,liu_gongquan,游,Fonts/my_fonts/02/char_0257.png
zhiyong_00,zhiyong,獨,Fonts/my_fonts/00/char_0779.png
shen_yinmo_01,shen_yinmo,獨,Fonts/my_fonts/01/font_00_0507.png
shen_yinmo_01,shen_yinmo,獨,Fonts/my_fonts/01/font_00_0796.png
zhiyong_00,zhiyong,運,Fonts/my_fonts/00/char_0780.png
ouyang_xun_03,ouyang_xun,運,Fonts/my_fonts/03/char_0840.png
ouyang_xun_03,ouyang_xun,運,Fonts/my_fonts/03/char_0912.png
zhao_mengfu_04,zhao_mengfu,運,Fonts/my_fonts/04/char_0005.png
yan_zhenqing_07,yan_zhenqing,運,Fonts/my_fonts/07/char_0819.png
zhiyong_00,zhiyong,霄,Fonts/my_fonts/00/char_0784.png
ouyang_xun_03,ouyang_xun,霄,Fonts/my_fonts/03/char_0561.png
zhao_mengfu_04,zhao_mengfu,霄,Fonts/my_fonts/04/char_0186.png
zhiyong_00,zhiyong,讀,Fonts/my_fonts/00/char_0786.png
liu_gongquan_02,liu_gongquan,讀,Fonts/my_fonts/02/char_0153.png
liu_gongquan_02,liu_gongquan,讀,Fonts/my_fonts/02/char_0704.png
liu_gongquan_02,liu_gongquan,讀,Fonts/my_fonts/02/char_1475.png
shen_yinmo_08,shen_yinmo,讀,Fonts/my_fonts/08/char_0210.png
shen_yinmo_10,shen_yinmo,讀,Fonts/my_fonts/10/char_0233.png
zhiyong_00,zhiyong,市,Fonts/my_fonts/00/char_0788.png
shen_yinmo_01,shen_yinmo,市,Fonts/my_fonts/01/font_00_0170.png
zhiyong_00,zhiyong,目,Fonts/my_fonts/00/char_0790.png
zhao_mengfu_04,zhao_mengfu,目,Fonts/my_fonts/04/char_0103.png
yan_zhenqing_07,yan_zhenqing,目,Fonts/my_fonts/07/char_0284.png
yan_zhenqing_07,yan_zhenqing,目,Fonts/my_fonts/07/char_1592.png
zhiyong_00,zhiyong,囊,Fonts/my_fonts/00/char_0791.png
yan_zhenqing_07,yan_zhenqing,囊,Fonts/my_fonts/07/char_0497.png
zhiyong_00,zhiyong,屬,Fonts/my_fonts/00/char_0797.png
liu_gongquan_02,liu_gongquan,屬,Fonts/my_fonts/02/char_0132.png
liu_gongquan_02,liu_gongquan,屬,Fonts/my_fonts/02/char_0164.png
liu_gongquan_02,liu_gongquan,屬,Fonts/my_fonts/02/char_0192.png
liu_gongquan_02,liu_gongquan,屬,Fonts/my_fonts/02/char_0461.png
liu_gongquan_02,liu_gongquan,屬,Fonts/my_fonts/02/char_0792.png
liu_gongquan_02,liu_gongquan,屬,Fonts/my_fonts/02/char_1289.png
liu_gongquan_02,liu_gongquan,屬,Fonts/my_fonts/02/char_1355.png
ouyang_xun_03,ouyang_xun,屬,Fonts/my_fonts/03/char_0811.png
zhao_mengfu_04,zhao_mengfu,屬,Fonts/my_fonts/04/char_0045.png
yu_shinan_06,yu_shinan,屬,Fonts/my_fonts/06/char_0186.png
zhiyong_00,zhiyong,耳,Fonts/my_fonts/00/char_0798.png
shen_yinmo_01,shen_yinmo,耳,Fonts/my_fonts/01/font_00_0104.png
shen_yinmo_08,shen_yinmo,耳,Fonts/my_fonts/08/char_0099.png
shen_yinmo_08,shen_yinmo,耳,Fonts/my_fonts/08/char_0488.png
shen_yinmo_08,shen_yinmo,耳,Fonts/my_fonts/08/char_0525.png
shen_yinmo_09,shen_yinmo,耳,Fonts/my_fonts/09/char_0094.png
shen_yinmo_10,shen_yinmo,耳,Fonts/my_fonts/10/char_0532.png
zhiyong_00,zhiyong,垣,Fonts/my_fonts/00/char_0799.png
zhao_mengfu_04,zhao_mengfu,垣,Fonts/my_fonts/04/char_0042.png
zhiyong_00,zhiyong,牆,Fonts/my_fonts/00/char_0800.png
zhao_mengfu_04,zhao_mengfu,牆,Fonts/my_fonts/04/char_0417.png
zhiyong_00,zhiyong,具,Fonts/my_fonts/00/char_0801.png
liu_gongquan_02,liu_gongquan,具,Fonts/my_fonts/02/char_0295.png
liu_gongquan_02,liu_gongquan,具,Fonts/my_fonts/02/char_0446.png
liu_gongquan_02,liu_gongquan,具,Fonts/my_fonts/02/char_0711.png
liu_gongquan_02,liu_gongquan,具,Fonts/my_fonts/02/char_0726.png
liu_gongquan_02,liu_gongquan,具,Fonts/my_fonts/02/char_0844.png
zhao_mengfu_04,zhao_mengfu,具,Fonts/my_fonts/04/char_0384.png
yan_zhenqing_07,yan_zhenqing,具,Fonts/my_fonts/07/char_0231.png
yan_zhenqing_07,yan_zhenqing,具,Fonts/my_fonts/07/char_1108.png
zhiyong_00,zhiyong,餐,Fonts/my_fonts/00/char_0803.png
yu_shinan_06,yu_shinan,餐,Fonts/my_fonts/06/char_0167.png
zhiyong_00,zhiyong,適,Fonts/my_fonts/00/char_0805.png
shen_yinmo_01,shen_yinmo,適,Fonts/my_fonts/01/font_00_0008.png
shen_yinmo_01,shen_yinmo,適,Fonts/my_fonts/01/font_00_0283.png
shen_yinmo_01,shen_yinmo,適,Fonts/my_fonts/01/font_00_0290.png
shen_yinmo_01,shen_yinmo,適,Fonts/my_fonts/01/font_00_0453.png
shen_yinmo_01,shen_yinmo,適,Fonts/my_fonts/01/font_00_0846.png
zhiyong_00,zhiyong,口,Fonts/my_fonts/00/char_0806.png
liu_gongquan_02,liu_gongquan,口,Fonts/my_fonts/02/char_1625.png
zhiyong_00,zhiyong,充,Fonts/my_fonts/00/char_0807.png
liu_gongquan_02,liu_gongquan,充,Fonts/my_fonts/02/char_1179.png
liu_gongquan_02,liu_gongquan,充,Fonts/my_fonts/02/char_1203.png
liu_gongquan_02,liu_gongquan,充,Fonts/my_fonts/02/char_1316.png
ouyang_xun_03,ouyang_xun,充,Fonts/my_fonts/03/char_0233.png
zhao_mengfu_04,zhao_mengfu,充,Fonts/my_fonts/04/char_0297.png
zhiyong_00,zhiyong,宰,Fonts/my_fonts/00/char_0812.png
liu_gongquan_02,liu_gongquan,宰,Fonts/my_fonts/02/char_1172.png
zhiyong_00,zhiyong,厭,Fonts/my_fonts/00/char_0814.png
yan_zhenqing_07,yan_zhenqing,厭,Fonts/my_fonts/07/char_0186.png
zhiyong_00,zhiyong,親,Fonts/my_fonts/00/char_0817.png
shen_yinmo_01,shen_yinmo,親,Fonts/my_fonts/01/font_00_0002.png
shen_yinmo_01,shen_yinmo,親,Fonts/my_fonts/01/font_00_0236.png
shen_yinmo_01,shen_yinmo,親,Fonts/my_fonts/01/font_00_0271.png
liu_gongquan_02,liu_gongquan,親,Fonts/my_fonts/02/char_0621.png
zhiyong_00,zhiyong,故,Fonts/my_fonts/00/char_0819.png
liu_gongquan_02,liu_gongquan,故,Fonts/my_fonts/02/char_0002.png
liu_gongquan_02,liu_gongquan,故,Fonts/my_fonts/02/char_0465.png
liu_gongquan_02,liu_gongquan,故,Fonts/my_fonts/02/char_0893.png
liu_gongquan_02,liu_gongquan,故,Fonts/my_fonts/02/char_1568.png
liu_gongquan_02,liu_gongquan,故,Fonts/my_fonts/02/char_1626.png
zhao_mengfu_04,zhao_mengfu,故,Fonts/my_fonts/04/char_0030.png
zhao_mengfu_04,zhao_mengfu,故,Fonts/my_fonts/04/char_0422.png
yu_shinan_06,yu_shinan,故,Fonts/my_fonts/06/char_0026.png
yu_shinan_06,yu_shinan,故,Fonts/my_fonts/06/char_0190.png
yu_shinan_06,yu_shinan,故,Fonts/my_fonts/06/char_0319.png
shen_yinmo_09,shen_yinmo,故,Fonts/my_fonts/09/char_0082.png
shen_yinmo_09,shen_yinmo,故,Fonts/my_fonts/09/char_0147.png
shen_yinmo_09,shen_yinmo,故,Fonts/my_fonts/09/char_0159.png
shen_yinmo_09,shen_yinmo,故,Fonts/my_fonts/09/char_0167.png
shen_yinmo_09,shen_yinmo,故,Fonts/my_fonts/09/char_0193.png
shen_yinmo_09,shen_yinmo,故,Fonts/my_fonts/09/char_0204.png
shen_yinmo_09,shen_yinmo,故,Fonts/my_fonts/09/char_0238.png
zhiyong_00,zhiyong,舊,Fonts/my_fonts/00/char_0820.png
ouyang_xun_03,ouyang_xun,舊,Fonts/my_fonts/03/char_0344.png
zhao_mengfu_04,zhao_mengfu,舊,Fonts/my_fonts/04/char_0175.png
zhiyong_00,zhiyong,老,Fonts/my_fonts/00/char_0821.png
liu_gongquan_02,liu_gongquan,老,Fonts/my_fonts/02/char_1623.png
shen_yinmo_09,shen_yinmo,老,Fonts/my_fonts/09/char_0126.png
shen_yinmo_09,shen_yinmo,老,Fonts/my_fonts/09/char_0130.png
zhiyong_00,zhiyong,少,Fonts/my_fonts/00/char_0822.png
shen_yinmo_01,shen_yinmo,少,Fonts/my_fonts/01/font_00_0261.png
liu_gongquan_02,liu_gongquan,少,Fonts/my_fonts/02/char_0278.png
liu_gongquan_02,liu_gongquan,少,Fonts/my_fonts/02/char_0739.png
liu_gongquan_02,liu_gongquan,少,Fonts/my_fonts/02/char_0840.png
liu_gongquan_02,liu_gongquan,少,Fonts/my_fonts/02/char_1189.png
liu_gongquan_02,liu_gongquan,少,Fonts/my_fonts/02/char_1490.png
shen_yinmo_08,shen_yinmo,少,Fonts/my_fonts/08/char_0418.png
shen_yinmo_10,shen_yinmo,少,Fonts/my_fonts/10/char_0429.png
zhiyong_00,zhiyong,異,Fonts/my_fonts/00/char_0823.png
zhao_mengfu_04,zhao_mengfu,異,Fonts/my_fonts/04/char_0329.png
yan_zhenqing_07,yan_zhenqing,異,Fonts/my_fonts/07/char_0242.png
yan_zhenqing_07,yan_zhenqing,異,Fonts/my_fonts/07/char_0544.png
shen_yinmo_09,shen_yinmo,異,Fonts/my_fonts/09/char_0039.png
shen_yinmo_09,shen_yinmo,異,Fonts/my_fonts/09/char_0043.png
zhiyong_00,zhiyong,御,Fonts/my_fonts/00/char_0826.png
liu_gongquan_02,liu_gongquan,御,Fonts/my_fonts/02/char_0053.png
liu_gongquan_02,liu_gongquan,御,Fonts/my_fonts/02/char_0202.png
liu_gongquan_02,liu_gongquan,御,Fonts/my_fonts/02/char_0961.png
liu_gongquan_02,liu_gongquan,御,Fonts/my_fonts/02/char_1068.png
liu_gongquan_02,liu_gongquan,御,Fonts/my_fonts/02/char_1177.png
liu_gongquan_02,liu_gongquan,御,Fonts/my_fonts/02/char_1447.png
zhiyong_00,zhiyong,侍,Fonts/my_fonts/00/char_0829.png
liu_gongquan_02,liu_gongquan,侍,Fonts/my_fonts/02/char_0102.png
liu_gongquan_02,liu_gongquan,侍,Fonts/my_fonts/02/char_0152.png
liu_gongquan_02,liu_gongquan,侍,Fonts/my_fonts/02/char_0489.png
liu_gongquan_02,liu_gongquan,侍,Fonts/my_fonts/02/char_0703.png
liu_gongquan_02,liu_gongquan,侍,Fonts/my_fonts/02/char_1067.png
liu_gongquan_02,liu_gongquan,侍,Fonts/my_fonts/02/char_1474.png
ouyang_xun_03,ouyang_xun,侍,Fonts/my_fonts/03/char_0012.png
yan_zhenqing_07,yan_zhenqing,侍,Fonts/my_fonts/07/char_0584.png
yan_zhenqing_07,yan_zhenqing,侍,Fonts/my_fonts/07/char_1116.png
yan_zhenqing_07,yan_zhenqing,侍,Fonts/my_fonts/07/char_1992.png
zhiyong_00,zhiyong,帷,Fonts/my_fonts/00/char_0831.png
liu_gongquan_02,liu_gongquan,帷,Fonts/my_fonts/02/char_0586.png
zhiyong_00,zhiyong,房,Fonts/my_fonts/00/char_0832.png
ouyang_xun_03,ouyang_xun,房,Fonts/my_fonts/03/char_0577.png
zhiyong_00,zhiyong,圓,Fonts/my_fonts/00/char_0835.png
yan_zhenqing_07,yan_zhenqing,圓,Fonts/my_fonts/07/char_0982.png
yan_zhenqing_07,yan_zhenqing,圓,Fonts/my_fonts/07/char_1489.png
yan_zhenqing_07,yan_zhenqing,圓,Fonts/my_fonts/07/char_1652.png
yan_zhenqing_07,yan_zhenqing,圓,Fonts/my_fonts/07/char_1701.png
yan_zhenqing_07,yan_zhenqing,圓,Fonts/my_fonts/07/char_1744.png
yan_zhenqing_07,yan_zhenqing,圓,Fonts/my_fonts/07/char_1784.png
zhiyong_00,zhiyong,潔,Fonts/my_fonts/00/char_0836.png
shen_yinmo_01,shen_yinmo,潔,Fonts/my_fonts/01/font_00_0839.png
ouyang_xun_03,ouyang_xun,潔,Fonts/my_fonts/03/char_1004.png
zhiyong_00,zhiyong,銀,Fonts/my_fonts/00/char_0837.png
shen_yinmo_01,shen_yinmo,銀,Fonts/my_fonts/01/font_00_0612.png
yan_zhenqing_07,yan_zhenqing,銀,Fonts/my_fonts/07/char_1279.png
zhiyong_00,zhiyong,燭,Fonts/my_fonts/00/char_0838.png
shen_yinmo_08,shen_yinmo,燭,Fonts/my_fonts/08/char_0513.png
shen_yinmo_10,shen_yinmo,燭,Fonts/my_fonts/10/char_0523.png
zhiyong_00,zhiyong,煌,Fonts/my_fonts/00/char_0840.png
zhao_mengfu_04,zhao_mengfu,煌,Fonts/my_fonts/04/char_0194.png
zhiyong_00,zhiyong,晝,Fonts/my_fonts/00/char_0841.png
yan_zhenqing_07,yan_zhenqing,晝,Fonts/my_fonts/07/char_0881.png
zhiyong_00,zhiyong,夕,Fonts/my_fonts/00/char_0843.png
ouyang_xun_03,ouyang_xun,夕,Fonts/my_fonts/03/char_1031.png
zhiyong_00,zhiyong,寐,Fonts/my_fonts/00/char_0844.png
shen_yinmo_01,shen_yinmo,寐,Fonts/my_fonts/01/font_00_0748.png
zhiyong_00,zhiyong,象,Fonts/my_fonts/00/char_0847.png
ouyang_xun_03,ouyang_xun,象,Fonts/my_fonts/03/char_0621.png
zhao_mengfu_04,zhao_mengfu,象,Fonts/my_fonts/04/char_0038.png
zhao_mengfu_04,zhao_mengfu,象,Fonts/my_fonts/04/char_0241.png
yan_zhenqing_07,yan_zhenqing,象,Fonts/my_fonts/07/char_0131.png
yan_zhenqing_07,yan_zhenqing,象,Fonts/my_fonts/07/char_0749.png
yan_zhenqing_07,yan_zhenqing,象,Fonts/my_fonts/07/char_1402.png
yan_zhenqing_07,yan_zhenqing,象,Fonts/my_fonts/07/char_1741.png
zhiyong_00,zhiyong,酒,Fonts/my_fonts/00/char_0851.png
shen_yinmo_01,shen_yinmo,酒,Fonts/my_fonts/01/font_00_0070.png
liu_gongquan_02,liu_gongquan,酒,Fonts/my_fonts/02/char_0837.png
zhiyong_00,zhiyong,接,Fonts/my_fonts/00/char_0853.png
ouyang_xun_03,ouyang_xun,接,Fonts/my_fonts/03/char_0400.png
zhiyong_00,zhiyong,舉,Fonts/my_fonts/00/char_0855.png
liu_gongquan_02,liu_gongquan,舉,Fonts/my_fonts/02/char_0759.png
liu_gongquan_02,liu_gongquan,舉,Fonts/my_fonts/02/char_0898.png
liu_gongquan_02,liu_gongquan,舉,Fonts/my_fonts/02/char_1095.png
liu_gongquan_02,liu_gongquan,舉,Fonts/my_fonts/02/char_1118.png
liu_gongquan_02,liu_gongquan,舉,Fonts/my_fonts/02/char_1124.png
liu_gongquan_02,liu_gongquan,舉,Fonts/my_fonts/02/char_1169.png
zhao_mengfu_04,zhao_mengfu,舉,Fonts/my_fonts/04/char_0488.png
yan_zhenqing_07,yan_zhenqing,舉,Fonts/my_fonts/07/char_1726.png
zhiyong_00,zhiyong,觴,Fonts/my_fonts/00/char_0856.png
shen_yinmo_01,shen_yinmo,觴,Fonts/my_fonts/01/font_00_0113.png
zhiyong_00,zhiyong,手,Fonts/my_fonts/00/char_0858.png
liu_gongquan_02,liu_gongquan,手,Fonts/my_fonts/02/char_0950.png
yan_zhenqing_07,yan_zhenqing,手,Fonts/my_fonts/07/char_0199.png
yan_zhenqing_07,yan_zhenqing,手,Fonts/my_fonts/07/char_1134.png
zhiyong_00,zhiyong,頓,Fonts/my_fonts/00/char_0859.png
shen_yinmo_01,shen_yinmo,頓,Fonts/my_fonts/01/font_00_0834.png
yan_zhenqing_07,yan_zhenqing,頓,Fonts/my_fonts/07/char_0238.png
yan_zhenqing_07,yan_zhenqing,頓,Fonts/my_fonts/07/char_0827.png
yan_zhenqing_07,yan_zhenqing,頓,Fonts/my_fonts/07/char_1423.png
yan_zhenqing_07,yan_zhenqing,頓,Fonts/my_fonts/07/char_1745.png
yan_zhenqing_07,yan_zhenqing,頓,Fonts/my_fonts/07/char_1876.png
zhiyong_00,zhiyong,足,Fonts/my_fonts/00/char_0860.png
ouyang_xun_03,ouyang_xun,足,Fonts/my_fonts/03/char_0127.png
ouyang_xun_03,ouyang_xun,足,Fonts/my_fonts/03/char_0288.png
ouyang_xun_03,ouyang_xun,足,Fonts/my_fonts/03/char_0424.png
zhao_mengfu_04,zhao_mengfu,足,Fonts/my_fonts/04/char_0113.png
shen_yinmo_08,shen_yinmo,足,Fonts/my_fonts/08/char_0180.png
zhiyong_00,zhiyong,悅,Fonts/my_fonts/00/char_0861.png
ouyang_xun_03,ouyang_xun,悅,Fonts/my_fonts/03/char_0996.png
yan_zhenqing_07,yan_zhenqing,悅,Fonts/my_fonts/07/char_0799.png
zhiyong_00,zhiyong,豫,Fonts/my_fonts/00/char_0862.png
yan_zhenqing_07,yan_zhenqing,豫,Fonts/my_fonts/07/char_0165.png
zhiyong_00,zhiyong,且,Fonts/my_fonts/00/char_0863.png
shen_yinmo_01,shen_yinmo,且,Fonts/my_fonts/01/font_00_0521.png
shen_yinmo_08,shen_yinmo,且,Fonts/my_fonts/08/char_0277.png
zhiyong_00,zhiyong,康,Fonts/my_fonts/00/char_0864.png
shen_yinmo_01,shen_yinmo,康,Fonts/my_fonts/01/font_00_0225.png
liu_gongquan_02,liu_gongquan,康,Fonts/my_fonts/02/char_1521.png
shen_yinmo_08,shen_yinmo,康,Fonts/my_fonts/08/char_0192.png
zhiyong_00,zhiyong,後,Fonts/my_fonts/00/char_0866.png
shen_yinmo_01,shen_yinmo,後,Fonts/my_fonts/01/font_00_0496.png
liu_gongquan_02,liu_gongquan,後,Fonts/my_fonts/02/char_0178.png
liu_gongquan_02,liu_gongquan,後,Fonts/my_fonts/02/char_0287.png
liu_gongquan_02,liu_gongquan,後,Fonts/my_fonts/02/char_0612.png
ouyang_xun_03,ouyang_xun,後,Fonts/my_fonts/03/char_0428.png
ouyang_xun_03,ouyang_xun,後,Fonts/my_fonts/03/char_0862.png
yan_zhenqing_07,yan_zhenqing,後,Fonts/my_fonts/07/char_0259.png
yan_zhenqing_07,yan_zhenqing,後,Fonts/my_fonts/07/char_0643.png
yan_zhenqing_07,yan_zhenqing,後,Fonts/my_fonts/07/char_0936.png
yan_zhenqing_07,yan_zhenqing,後,Fonts/my_fonts/07/char_1835.png
shen_yinmo_08,shen_yinmo,後,Fonts/my_fonts/08/char_0003.png
shen_yinmo_08,shen_yinmo,後,Fonts/my_fonts/08/char_0070.png
shen_yinmo_08,shen_yinmo,後,Fonts/my_fonts/08/char_0087.png
shen_yinmo_08,shen_yinmo,後,Fonts/my_fonts/08/char_0242.png
shen_yinmo_08,shen_yinmo,後,Fonts/my_fonts/08/char_0284.png
shen_yinmo_10,shen_yinmo,後,Fonts/my_fonts/10/char_0091.png
shen_yinmo_10,shen_yinmo,後,Fonts/my_fonts/10/char_0108.png
shen_yinmo_10,shen_yinmo,後,Fonts/my_fonts/10/char_0266.png
shen_yinmo_10,shen_yinmo,後,Fonts/my_fonts/10/char_0295.png
zhiyong_00,zhiyong,嗣,Fonts/my_fonts/00/char_0867.png
yan_zhenqing_07,yan_zhenqing,嗣,Fonts/my_fonts/07/char_1464.png
zhiyong_00,zhiyong,續,Fonts/my_fonts/00/char_0868.png
shen_yinmo_01,shen_yinmo,續,Fonts/my_fonts/01/font_00_0484.png
shen_yinmo_01,shen_yinmo,續,Fonts/my_fonts/01/font_00_0703.png
liu_gongquan_02,liu_gongquan,續,Fonts/my_fonts/02/char_1480.png
ouyang_xun_03,ouyang_xun,續,Fonts/my_fonts/03/char_0406.png
yan_zhenqing_07,yan_zhenqing,續,Fonts/my_fonts/07/char_0896.png
zhiyong_00,zhiyong,祭,Fonts/my_fonts/00/char_0869.png
liu_gongquan_02,liu_gongquan,祭,Fonts/my_fonts/02/char_0836.png
zhiyong_00,zhiyong,祀,Fonts/my_fonts/00/char_0870.png
shen_yinmo_01,shen_yinmo,祀,Fonts/my_fonts/01/font_00_0840.png
zhiyong_00,zhiyong,嘗,Fonts/my_fonts/00/char_0872.png
shen_yinmo_01,shen_yinmo,嘗,Fonts/my_fonts/01/font_00_0759.png
liu_gongquan_02,liu_gongquan,嘗,Fonts/my_fonts/02/char_0538.png
zhiyong_00,zhiyong,稽,Fonts/my_fonts/00/char_0873.png
yan_zhenqing_07,yan_zhenqing,稽,Fonts/my_fonts/07/char_0343.png
zhiyong_00,zhiyong,再,Fonts/my_fonts/00/char_0875.png
shen_yinmo_01,shen_yinmo,再,Fonts/my_fonts/01/font_00_0381.png
zhiyong_00,zhiyong,拜,Fonts/my_fonts/00/char_0876.png
liu_gongquan_02,liu_gongquan,拜,Fonts/my_fonts/02/char_0193.png
liu_gongquan_02,liu_gongquan,拜,Fonts/my_fonts/02/char_0458.png
liu_gongquan_02,liu_gongquan,拜,Fonts/my_fonts/02/char_0472.png
zhiyong_00,zhiyong,懼,Fonts/my_fonts/00/char_0878.png
ouyang_xun_03,ouyang_xun,懼,Fonts/my_fonts/03/char_0780.png
yan_zhenqing_07,yan_zhenqing,懼,Fonts/my_fonts/07/char_1854.png
zhiyong_00,zhiyong,恐,Fonts/my_fonts/00/char_0879.png
shen_yinmo_08,shen_yinmo,恐,Fonts/my_fonts/08/char_0511.png
shen_yinmo_09,shen_yinmo,恐,Fonts/my_fonts/09/char_0170.png
shen_yinmo_10,shen_yinmo,恐,Fonts/my_fonts/10/char_0521.png
zhiyong_00,zhiyong,要,Fonts/my_fonts/00/char_0884.png
shen_yinmo_01,shen_yinmo,要,Fonts/my_fonts/01/font_00_0637.png
yan_zhenqing_07,yan_zhenqing,要,Fonts/my_fonts/07/char_1452.png
zhiyong_00,zhiyong,顧,Fonts/my_fonts/00/char_0885.png
shen_yinmo_01,shen_yinmo,顧,Fonts/my_fonts/01/font_00_0201.png
zhao_mengfu_04,zhao_mengfu,顧,Fonts/my_fonts/04/char_0454.png
zhiyong_00,zhiyong,垢,Fonts/my_fonts/00/char_0890.png
yan_zhenqing_07,yan_zhenqing,垢,Fonts/my_fonts/07/char_1948.png
shen_yinmo_09,shen_yinmo,垢,Fonts/my_fonts/09/char_0074.png
zhiyong_00,zhiyong,想,Fonts/my_fonts/00/char_0891.png
yan_zhenqing_07,yan_zhenqing,想,Fonts/my_fonts/07/char_1777.png
shen_yinmo_08,shen_yinmo,想,Fonts/my_fonts/08/char_0049.png
shen_yinmo_09,shen_yinmo,想,Fonts/my_fonts/09/char_0054.png
shen_yinmo_09,shen_yinmo,想,Fonts/my_fonts/09/char_0089.png
shen_yinmo_09,shen_yinmo,想,Fonts/my_fonts/09/char_0177.png
shen_yinmo_10,shen_yinmo,想,Fonts/my_fonts/10/char_0071.png
zhiyong_00,zhiyong,熱,Fonts/my_fonts/00/char_0894.png
yan_zhenqing_07,yan_zhenqing,熱,Fonts/my_fonts/07/char_0868.png
zhiyong_00,zhiyong,願,Fonts/my_fonts/00/char_0895.png
liu_gongquan_02,liu_gongquan,願,Fonts/my_fonts/02/char_1425.png
yan_zhenqing_07,yan_zhenqing,願,Fonts/my_fonts/07/char_1142.png
yan_zhenqing_07,yan_zhenqing,願,Fonts/my_fonts/07/char_1204.png
yan_zhenqing_07,yan_zhenqing,願,Fonts/my_fonts/07/char_1958.png
zhiyong_00,zhiyong,涼,Fonts/my_fonts/00/char_0896.png
ouyang_xun_03,ouyang_xun,涼,Fonts/my_fonts/03/char_0149.png
zhiyong_00,zhiyong,特,Fonts/my_fonts/00/char_0900.png
liu_gongquan_02,liu_gongquan,特,Fonts/my_fonts/02/char_0768.png
zhiyong_00,zhiyong,超,Fonts/my_fonts/00/char_0903.png
yu_shinan_06,yu_shinan,超,Fonts/my_fonts/06/char_0159.png
yan_zhenqing_07,yan_zhenqing,超,Fonts/my_fonts/07/char_1184.png
yan_zhenqing_07,yan_zhenqing,超,Fonts/my_fonts/07/char_1572.png
zhiyong_00,zhiyong,賊,Fonts/my_fonts/00/char_0907.png
liu_gongquan_02,liu_gongquan,賊,Fonts/my_fonts/02/char_0936.png
liu_gongquan_02,liu_gongquan,賊,Fonts/my_fonts/02/char_0968.png
liu_gongquan_02,liu_gongquan,賊,Fonts/my_fonts/02/char_1277.png
zhiyong_00,zhiyong,獲,Fonts/my_fonts/00/char_0910.png
shen_yinmo_01,shen_yinmo,獲,Fonts/my_fonts/01/font_00_0851.png
zhiyong_00,zhiyong,布,Fonts/my_fonts/00/char_0913.png
yan_zhenqing_07,yan_zhenqing,布,Fonts/my_fonts/07/char_0311.png
zhiyong_00,zhiyong,恬,Fonts/my_fonts/00/char_0921.png
liu_gongquan_02,liu_gongquan,恬,Fonts/my_fonts/02/char_0644.png
zhiyong_00,zhiyong,筆,Fonts/my_fonts/00/char_0922.png
shen_yinmo_01,shen_yinmo,筆,Fonts/my_fonts/01/font_00_0511.png
ouyang_xun_03,ouyang_xun,筆,Fonts/my_fonts/03/char_0985.png
yan_zhenqing_07,yan_zhenqing,筆,Fonts/my_fonts/07/char_0971.png
yan_zhenqing_07,yan_zhenqing,筆,Fonts/my_fonts/07/char_1339.png
shen_yinmo_08,shen_yinmo,筆,Fonts/my_fonts/08/char_0009.png
shen_yinmo_08,shen_yinmo,筆,Fonts/my_fonts/08/char_0067.png
shen_yinmo_08,shen_yinmo,筆,Fonts/my_fonts/08/char_0133.png
shen_yinmo_08,shen_yinmo,筆,Fonts/my_fonts/08/char_0205.png
shen_yinmo_08,shen_yinmo,筆,Fonts/my_fonts/08/char_0260.png
shen_yinmo_08,shen_yinmo,筆,Fonts/my_fonts/08/char_0294.png
shen_yinmo_08,shen_yinmo,筆,Fonts/my_fonts/08/char_0327.png
shen_yinmo_10,shen_yinmo,筆,Fonts/my_fonts/10/char_0006.png
shen_yinmo_10,shen_yinmo,筆,Fonts/my_fonts/10/char_0041.png
shen_yinmo_10,shen_yinmo,筆,Fonts/my_fonts/10/char_0088.png
shen_yinmo_10,shen_yinmo,筆,Fonts/my_fonts/10/char_0160.png
shen_yinmo_10,shen_yinmo,筆,Fonts/my_fonts/10/char_0228.png
shen_yinmo_10,shen_yinmo,筆,Fonts/my_fonts/10/char_0287.png
shen_yinmo_10,shen_yinmo,筆,Fonts/my_fonts/10/char_0305.png
shen_yinmo_10,shen_yinmo,筆,Fonts/my_fonts/10/char_0338.png
shen_yinmo_10,shen_yinmo,筆,Fonts/my_fonts/10/char_0544.png
zhiyong_00,zhiyong,倫,Fonts/my_fonts/00/char_0923.png
liu_gongquan_02,liu_gongquan,倫,Fonts/my_fonts/02/char_1216.png
zhiyong_00,zhiyong,紙,Fonts/my_fonts/00/char_0924.png
shen_yinmo_01,shen_yinmo,紙,Fonts/my_fonts/01/font_00_0510.png
shen_yinmo_08,shen_yinmo,紙,Fonts/my_fonts/08/char_0005.png
shen_yinmo_08,shen_yinmo,紙,Fonts/my_fonts/08/char_0318.png
shen_yinmo_10,shen_yinmo,紙,Fonts/my_fonts/10/char_0002.png
zhiyong_00,zhiyong,鈞,Fonts/my_fonts/00/char_0925.png
shen_yinmo_01,shen_yinmo,鈞,Fonts/my_fonts/01/font_00_0319.png
liu_gongquan_02,liu_gongquan,鈞,Fonts/my_fonts/02/char_0568.png
shen_yinmo_08,shen_yinmo,鈞,Fonts/my_fonts/08/char_0158.png
shen_yinmo_10,shen_yinmo,鈞,Fonts/my_fonts/10/char_0188.png
zhiyong_00,zhiyong,任,Fonts/my_fonts/00/char_0927.png
shen_yinmo_01,shen_yinmo,任,Fonts/my_fonts/01/font_00_0621.png
shen_yinmo_01,shen_yinmo,任,Fonts/my_fonts/01/font_00_0668.png
zhiyong_00,zhiyong,釋,Fonts/my_fonts/00/char_0929.png
shen_yinmo_01,shen_yinmo,釋,Fonts/my_fonts/01/font_00_0824.png
yan_zhenqing_07,yan_zhenqing,釋,Fonts/my_fonts/07/char_0107.png
yan_zhenqing_07,yan_zhenqing,釋,Fonts/my_fonts/07/char_0286.png
zhiyong_00,zhiyong,利,Fonts/my_fonts/00/char_0931.png
ouyang_xun_03,ouyang_xun,利,Fonts/my_fonts/03/char_0266.png
yu_shinan_06,yu_shinan,利,Fonts/my_fonts/06/char_0006.png
yu_shinan_06,yu_shinan,利,Fonts/my_fonts/06/char_0216.png
yan_zhenqing_07,yan_zhenqing,利,Fonts/my_fonts/07/char_0363.png
yan_zhenqing_07,yan_zhenqing,利,Fonts/my_fonts/07/char_0774.png
yan_zhenqing_07,yan_zhenqing,利,Fonts/my_fonts/07/char_0806.png
yan_zhenqing_07,yan_zhenqing,利,Fonts/my_fonts/07/char_0942.png
yan_zhenqing_07,yan_zhenqing,利,Fonts/my_fonts/07/char_0955.png
yan_zhenqing_07,yan_zhenqing,利,Fonts/my_fonts/07/char_1024.png
yan_zhenqing_07,yan_zhenqing,利,Fonts/my_fonts/07/char_1757.png
yan_zhenqing_07,yan_zhenqing,利,Fonts/my_fonts/07/char_1831.png
shen_yinmo_09,shen_yinmo,利,Fonts/my_fonts/09/char_0035.png
shen_yinmo_09,shen_yinmo,利,Fonts/my_fonts/09/char_0062.png
zhiyong_00,zhiyong,俗,Fonts/my_fonts/00/char_0932.png
shen_yinmo_01,shen_yinmo,俗,Fonts/my_fonts/01/font_00_0830.png
yu_shinan_06,yu_shinan,俗,Fonts/my_fonts/06/char_0098.png
yan_zhenqing_07,yan_zhenqing,俗,Fonts/my_fonts/07/char_0187.png
yan_zhenqing_07,yan_zhenqing,俗,Fonts/my_fonts/07/char_0680.png
shen_yinmo_08,shen_yinmo,俗,Fonts/my_fonts/08/char_0410.png
shen_yinmo_10,shen_yinmo,俗,Fonts/my_fonts/10/char_0421.png
zhiyong_00,zhiyong,並,Fonts/my_fonts/00/char_0933.png
shen_yinmo_01,shen_yinmo,並,Fonts/my_fonts/01/font_00_0298.png
liu_gongquan_02,liu_gongquan,並,Fonts/my_fonts/02/char_0034.png
liu_gongquan_02,liu_gongquan,並,Fonts/my_fonts/02/char_1217.png
liu_gongquan_02,liu_gongquan,並,Fonts/my_fonts/02/char_1274.png
liu_gongquan_02,liu_gongquan,並,Fonts/my_fonts/02/char_1295.png
liu_gongquan_02,liu_gongquan,並,Fonts/my_fonts/02/char_1347.png
liu_gongquan_02,liu_gongquan,並,Fonts/my_fonts/02/char_1431.png
liu_gongquan_02,liu_gongquan,並,Fonts/my_fonts/02/char_1439.png
ouyang_xun_03,ouyang_xun,並,Fonts/my_fonts/03/char_0227.png
ouyang_xun_03,ouyang_xun,並,Fonts/my_fonts/03/char_0895.png
zhao_mengfu_04,zhao_mengfu,並,Fonts/my_fonts/04/char_0495.png
yu_shinan_06,yu_shinan,並,Fonts/my_fonts/06/char_0260.png
yan_zhenqing_07,yan_zhenqing,並,Fonts/my_fonts/07/char_0104.png
zhiyong_00,zhiyong,皆,Fonts/my_fonts/00/char_0934.png
shen_yinmo_01,shen_yinmo,皆,Fonts/my_fonts/01/font_00_0014.png
shen_yinmo_01,shen_yinmo,皆,Fonts/my_fonts/01/font_00_0295.png
shen_yinmo_01,shen_yinmo,皆,Fonts/my_fonts/01/font_00_0619.png
shen_yinmo_01,shen_yinmo,皆,Fonts/my_fonts/01/font_00_0701.png
liu_gongquan_02,liu_gongquan,皆,Fonts/my_fonts/02/char_0743.png
liu_gongquan_02,liu_gongquan,皆,Fonts/my_fonts/02/char_1048.png
ouyang_xun_03,ouyang_xun,皆,Fonts/my_fonts/03/char_0210.png
ouyang_xun_03,ouyang_xun,皆,Fonts/my_fonts/03/char_0723.png
shen_yinmo_08,shen_yinmo,皆,Fonts/my_fonts/08/char_0225.png
shen_yinmo_09,shen_yinmo,皆,Fonts/my_fonts/09/char_0027.png
shen_yinmo_10,shen_yinmo,皆,Fonts/my_fonts/10/char_0249.png
zhiyong_00,zhiyong,佳,Fonts/my_fonts/00/char_0935.png
ouyang_xun_03,ouyang_xun,佳,Fonts/my_fonts/03/char_0154.png
zhiyong_00,zhiyong,妙,Fonts/my_fonts/00/char_0936.png
zhao_mengfu_04,zhao_mengfu,妙,Fonts/my_fonts/04/char_0086.png
zhao_mengfu_04,zhao_mengfu,妙,Fonts/my_fonts/04/char_0146.png
zhao_mengfu_04,zhao_mengfu,妙,Fonts/my_fonts/04/char_0377.png
yan_zhenqing_07,yan_zhenqing,妙,Fonts/my_fonts/07/char_0057.png
yan_zhenqing_07,yan_zhenqing,妙,Fonts/my_fonts/07/char_1077.png
yan_zhenqing_07,yan_zhenqing,妙,Fonts/my_fonts/07/char_1498.png
yan_zhenqing_07,yan_zhenqing,妙,Fonts/my_fonts/07/char_1738.png
zhiyong_00,zhiyong,施,Fonts/my_fonts/00/char_0938.png
shen_yinmo_01,shen_yinmo,施,Fonts/my_fonts/01/font_00_0542.png
shen_yinmo_01,shen_yinmo,施,Fonts/my_fonts/01/font_00_0670.png
yan_zhenqing_07,yan_zhenqing,施,Fonts/my_fonts/07/char_0684.png
yan_zhenqing_07,yan_zhenqing,施,Fonts/my_fonts/07/char_1101.png
yan_zhenqing_07,yan_zhenqing,施,Fonts/my_fonts/07/char_1157.png
yan_zhenqing_07,yan_zhenqing,施,Fonts/my_fonts/07/char_1159.png
zhiyong_00,zhiyong,淑,Fonts/my_fonts/00/char_0939.png
shen_yinmo_01,shen_yinmo,淑,Fonts/my_fonts/01/font_00_0300.png
shen_yinmo_01,shen_yinmo,淑,Fonts/my_fonts/01/font_00_0450.png
liu_gongquan_02,liu_gongquan,淑,Fonts/my_fonts/02/char_1538.png
ouyang_xun_03,ouyang_xun,淑,Fonts/my_fonts/03/char_0237.png
zhiyong_00,zhiyong,姿,Fonts/my_fonts/00/char_0940.png
yan_zhenqing_07,yan_zhenqing,姿,Fonts/my_fonts/07/char_1586.png
zhiyong_00,zhiyong,工,Fonts/my_fonts/00/char_0941.png
shen_yinmo_01,shen_yinmo,工,Fonts/my_fonts/01/font_00_0628.png
liu_gongquan_02,liu_gongquan,工,Fonts/my_fonts/02/char_0135.png
liu_gongquan_02,liu_gongquan,工,Fonts/my_fonts/02/char_0307.png
liu_gongquan_02,liu_gongquan,工,Fonts/my_fonts/02/char_0877.png
liu_gongquan_02,liu_gongquan,工,Fonts/my_fonts/02/char_0991.png
liu_gongquan_02,liu_gongquan,工,Fonts/my_fonts/02/char_1024.png
liu_gongquan_02,liu_gongquan,工,Fonts/my_fonts/02/char_1045.png
ouyang_xun_03,ouyang_xun,工,Fonts/my_fonts/03/char_0984.png
yan_zhenqing_07,yan_zhenqing,工,Fonts/my_fonts/07/char_0518.png
zhiyong_00,zhiyong,年,Fonts/my_fonts/00/char_0945.png
shen_yinmo_01,shen_yinmo,年,Fonts/my_fonts/01/font_00_0028.png
shen_yinmo_01,shen_yinmo,年,Fonts/my_fonts/01/font_00_0090.png
shen_yinmo_01,shen_yinmo,年,Fonts/my_fonts/01/font_00_0182.png
shen_yinmo_01,shen_yinmo,年,Fonts/my_fonts/01/font_00_0360.png
shen_yinmo_01,shen_yinmo,年,Fonts/my_fonts/01/font_00_0588.png
shen_yinmo_01,shen_yinmo,年,Fonts/my_fonts/01/font_00_0783.png
shen_yinmo_01,shen_yinmo,年,Fonts/my_fonts/01/font_00_0866.png
liu_gongquan_02,liu_gongquan,年,Fonts/my_fonts/02/char_0328.png
liu_gongquan_02,liu_gongquan,年,Fonts/my_fonts/02/char_0368.png
liu_gongquan_02,liu_gongquan,年,Fonts/my_fonts/02/char_0385.png
liu_gongquan_02,liu_gongquan,年,Fonts/my_fonts/02/char_0396.png
liu_gongquan_02,liu_gongquan,年,Fonts/my_fonts/02/char_0405.png
liu_gongquan_02,liu_gongquan,年,Fonts/my_fonts/02/char_0441.png
liu_gongquan_02,liu_gongquan,年,Fonts/my_fonts/02/char_0610.png
liu_gongquan_02,liu_gongquan,年,Fonts/my_fonts/02/char_0634.png
liu_gongquan_02,liu_gongquan,年,Fonts/my_fonts/02/char_0669.png
liu_gongquan_02,liu_gongquan,年,Fonts/my_fonts/02/char_0953.png
ouyang_xun_03,ouyang_xun,年,Fonts/my_fonts/03/char_0028.png
ouyang_xun_03,ouyang_xun,年,Fonts/my_fonts/03/char_0183.png
ouyang_xun_03,ouyang_xun,年,Fonts/my_fonts/03/char_0238.png
ouyang_xun_03,ouyang_xun,年,Fonts/my_fonts/03/char_0712.png
yan_zhenqing_07,yan_zhenqing,年,Fonts/my_fonts/07/char_0180.png
yan_zhenqing_07,yan_zhenqing,年,Fonts/my_fonts/07/char_0233.png
yan_zhenqing_07,yan_zhenqing,年,Fonts/my_fonts/07/char_0322.png
yan_zhenqing_07,yan_zhenqing,年,Fonts/my_fonts/07/char_0664.png
yan_zhenqing_07,yan_zhenqing,年,Fonts/my_fonts/07/char_1474.png
shen_yinmo_08,shen_yinmo,年,Fonts/my_fonts/08/char_0117.png
shen_yinmo_08,shen_yinmo,年,Fonts/my_fonts/08/char_0486.png
shen_yinmo_08,shen_yinmo,年,Fonts/my_fonts/08/char_0506.png
shen_yinmo_08,shen_yinmo,年,Fonts/my_fonts/08/char_0530.png
shen_yinmo_10,shen_yinmo,年,Fonts/my_fonts/10/char_0142.png
shen_yinmo_10,shen_yinmo,年,Fonts/my_fonts/10/char_0495.png
shen_yinmo_10,shen_yinmo,年,Fonts/my_fonts/10/char_0515.png
zhiyong_00,zhiyong,矢,Fonts/my_fonts/00/char_0946.png
shen_yinmo_01,shen_yinmo,矢,Fonts/my_fonts/01/font_00_0121.png
shen_yinmo_01,shen_yinmo,矢,Fonts/my_fonts/01/font_00_0800.png
zhiyong_00,zhiyong,每,Fonts/my_fonts/00/char_0947.png
ouyang_xun_03,ouyang_xun,每,Fonts/my_fonts/03/char_0304.png
yan_zhenqing_07,yan_zhenqing,每,Fonts/my_fonts/07/char_0524.png
yan_zhenqing_07,yan_zhenqing,每,Fonts/my_fonts/07/char_0908.png
shen_yinmo_08,shen_yinmo,每,Fonts/my_fonts/08/char_0127.png
shen_yinmo_08,shen_yinmo,每,Fonts/my_fonts/08/char_0134.png
shen_yinmo_08,shen_yinmo,每,Fonts/my_fonts/08/char_0142.png
shen_yinmo_08,shen_yinmo,每,Fonts/my_fonts/08/char_0153.png
shen_yinmo_08,shen_yinmo,每,Fonts/my_fonts/08/char_0162.png
shen_yinmo_08,shen_yinmo,每,Fonts/my_fonts/08/char_0175.png
shen_yinmo_08,shen_yinmo,每,Fonts/my_fonts/08/char_0270.png
shen_yinmo_10,shen_yinmo,每,Fonts/my_fonts/10/char_0152.png
shen_yinmo_10,shen_yinmo,每,Fonts/my_fonts/10/char_0161.png
shen_yinmo_10,shen_yinmo,每,Fonts/my_fonts/10/char_0171.png
shen_yinmo_10,shen_yinmo,每,Fonts/my_fonts/10/char_0182.png
shen_yinmo_10,shen_yinmo,每,Fonts/my_fonts/10/char_0192.png
shen_yinmo_10,shen_yinmo,每,Fonts/my_fonts/10/char_0206.png
shen_yinmo_10,shen_yinmo,每,Fonts/my_fonts/10/char_0215.png
zhiyong_00,zhiyong,暉,Fonts/my_fonts/00/char_0950.png
ouyang_xun_03,ouyang_xun,暉,Fonts/my_fonts/03/char_0103.png
zhiyong_00,zhiyong,朗,Fonts/my_fonts/00/char_0951.png
liu_gongquan_02,liu_gongquan,朗,Fonts/my_fonts/02/char_0301.png
zhiyong_00,zhiyong,懸,Fonts/my_fonts/00/char_0955.png
yu_shinan_06,yu_shinan,懸,Fonts/my_fonts/06/char_0271.png
zhiyong_00,zhiyong,環,Fonts/my_fonts/00/char_0959.png
zhao_mengfu_04,zhao_mengfu,環,Fonts/my_fonts/04/char_0190.png
yan_zhenqing_07,yan_zhenqing,環,Fonts/my_fonts/07/char_0207.png
yan_zhenqing_07,yan_zhenqing,環,Fonts/my_fonts/07/char_1291.png
yan_zhenqing_07,yan_zhenqing,環,Fonts/my_fonts/07/char_1375.png
zhiyong_00,zhiyong,照,Fonts/my_fonts/00/char_0960.png
ouyang_xun_03,ouyang_xun,照,Fonts/my_fonts/03/char_0104.png
yan_zhenqing_07,yan_zhenqing,照,Fonts/my_fonts/07/char_1488.png
yan_zhenqing_07,yan_zhenqing,照,Fonts/my_fonts/07/char_1951.png
shen_yinmo_09,shen_yinmo,照,Fonts/my_fonts/09/char_0023.png
zhiyong_00,zhiyong,指,Fonts/my_fonts/00/char_0961.png
yan_zhenqing_07,yan_zhenqing,指,Fonts/my_fonts/07/char_1494.png
zhiyong_00,zhiyong,永,Fonts/my_fonts/00/char_0965.png
shen_yinmo_01,shen_yinmo,永,Fonts/my_fonts/01/font_00_0799.png
liu_gongquan_02,liu_gongquan,永,Fonts/my_fonts/02/char_0438.png
ouyang_xun_03,ouyang_xun,永,Fonts/my_fonts/03/char_1081.png
yan_zhenqing_07,yan_zhenqing,永,Fonts/my_fonts/07/char_0651.png
yan_zhenqing_07,yan_zhenqing,永,Fonts/my_fonts/07/char_1064.png
shen_yinmo_08,shen_yinmo,永,Fonts/my_fonts/08/char_0526.png
zhiyong_00,zhiyong,吉,Fonts/my_fonts/00/char_0967.png
ouyang_xun_03,ouyang_xun,吉,Fonts/my_fonts/03/char_1084.png
shen_yinmo_08,shen_yinmo,吉,Fonts/my_fonts/08/char_0022.png
shen_yinmo_10,shen_yinmo,吉,Fonts/my_fonts/10/char_0043.png
zhiyong_00,zhiyong,矩,Fonts/my_fonts/00/char_0969.png
ouyang_xun_03,ouyang_xun,矩,Fonts/my_fonts/03/char_0872.png
zhiyong_00,zhiyong,步,Fonts/my_fonts/00/char_0970.png
ouyang_xun_03,ouyang_xun,步,Fonts/my_fonts/03/char_0510.png
zhiyong_00,zhiyong,引,Fonts/my_fonts/00/char_0971.png
shen_yinmo_01,shen_yinmo,引,Fonts/my_fonts/01/font_00_0306.png
ouyang_xun_03,ouyang_xun,引,Fonts/my_fonts/03/char_0457.png
ouyang_xun_03,ouyang_xun,引,Fonts/my_fonts/03/char_0546.png
shen_yinmo_08,shen_yinmo,引,Fonts/my_fonts/08/char_0394.png
shen_yinmo_10,shen_yinmo,引,Fonts/my_fonts/10/char_0405.png
zhiyong_00,zhiyong,領,Fonts/my_fonts/00/char_0972.png
liu_gongquan_02,liu_gongquan,領,Fonts/my_fonts/02/char_0359.png
shen_yinmo_10,shen_yinmo,領,Fonts/my_fonts/10/char_0029.png
zhiyong_00,zhiyong,俯,Fonts/my_fonts/00/char_0973.png
ouyang_xun_03,ouyang_xun,俯,Fonts/my_fonts/03/char_0338.png
ouyang_xun_03,ouyang_xun,俯,Fonts/my_fonts/03/char_0420.png
ouyang_xun_03,ouyang_xun,俯,Fonts/my_fonts/03/char_0521.png
yan_zhenqing_07,yan_zhenqing,俯,Fonts/my_fonts/07/char_0729.png
zhiyong_00,zhiyong,仰,Fonts/my_fonts/00/char_0974.png
shen_yinmo_01,shen_yinmo,仰,Fonts/my_fonts/01/font_00_0160.png
ouyang_xun_03,ouyang_xun,仰,Fonts/my_fonts/03/char_0082.png
ouyang_xun_03,ouyang_xun,仰,Fonts/my_fonts/03/char_0410.png
yu_shinan_06,yu_shinan,仰,Fonts/my_fonts/06/char_0010.png
shen_yinmo_08,shen_yinmo,仰,Fonts/my_fonts/08/char_0055.png
shen_yinmo_10,shen_yinmo,仰,Fonts/my_fonts/10/char_0077.png
zhiyong_00,zhiyong,廊,Fonts/my_fonts/00/char_0975.png
ouyang_xun_03,ouyang_xun,廊,Fonts/my_fonts/03/char_0071.png
zhiyong_00,zhiyong,帶,Fonts/my_fonts/00/char_0978.png
ouyang_xun_03,ouyang_xun,帶,Fonts/my_fonts/03/char_0575.png
zhiyong_00,zhiyong,莊,Fonts/my_fonts/00/char_0980.png
shen_yinmo_01,shen_yinmo,莊,Fonts/my_fonts/01/font_00_0609.png
shen_yinmo_01,shen_yinmo,莊,Fonts/my_fonts/01/font_00_0618.png
liu_gongquan_02,liu_gongquan,莊,Fonts/my_fonts/02/char_1524.png
yan_zhenqing_07,yan_zhenqing,莊,Fonts/my_fonts/07/char_0354.png
yan_zhenqing_07,yan_zhenqing,莊,Fonts/my_fonts/07/char_1147.png
zhiyong_00,zhiyong,瞻,Fonts/my_fonts/00/char_0983.png
zhao_mengfu_04,zhao_mengfu,瞻,Fonts/my_fonts/04/char_0078.png
zhao_mengfu_04,zhao_mengfu,瞻,Fonts/my_fonts/04/char_0421.png
yan_zhenqing_07,yan_zhenqing,瞻,Fonts/my_fonts/07/char_0794.png
zhiyong_00,zhiyong,陋,Fonts/my_fonts/00/char_0986.png
zhao_mengfu_04,zhao_mengfu,陋,Fonts/my_fonts/04/char_0101.png
zhiyong_00,zhiyong,聞,Fonts/my_fonts/00/char_0988.png
shen_yinmo_01,shen_yinmo,聞,Fonts/my_fonts/01/font_00_0134.png
liu_gongquan_02,liu_gongquan,聞,Fonts/my_fonts/02/char_1141.png
ouyang_xun_03,ouyang_xun,聞,Fonts/my_fonts/03/char_0773.png
yu_shinan_06,yu_shinan,聞,Fonts/my_fonts/06/char_0005.png
yu_shinan_06,yu_shinan,聞,Fonts/my_fonts/06/char_0072.png
yu_shinan_06,yu_shinan,聞,Fonts/my_fonts/06/char_0120.png
yu_shinan_06,yu_shinan,聞,Fonts/my_fonts/06/char_0176.png
yu_shinan_06,yu_shinan,聞,Fonts/my_fonts/06/char_0224.png
yu_shinan_06,yu_shinan,聞,Fonts/my_fonts/06/char_0279.png
yan_zhenqing_07,yan_zhenqing,聞,Fonts/my_fonts/07/char_0539.png
zhiyong_00,zhiyong,蒙,Fonts/my_fonts/00/char_0990.png
shen_yinmo_01,shen_yinmo,蒙,Fonts/my_fonts/01/font_00_0330.png
shen_yinmo_01,shen_yinmo,蒙,Fonts/my_fonts/01/font_00_0598.png
liu_gongquan_02,liu_gongquan,蒙,Fonts/my_fonts/02/char_1281.png
zhiyong_00,zhiyong,等,Fonts/my_fonts/00/char_0991.png
shen_yinmo_01,shen_yinmo,等,Fonts/my_fonts/01/font_00_0107.png
liu_gongquan_02,liu_gongquan,等,Fonts/my_fonts/02/char_0783.png
liu_gongquan_02,liu_gongquan,等,Fonts/my_fonts/02/char_0820.png
liu_gongquan_02,liu_gongquan,等,Fonts/my_fonts/02/char_1059.png
liu_gongquan_02,liu_gongquan,等,Fonts/my_fonts/02/char_1553.png
zhao_mengfu_04,zhao_mengfu,等,Fonts/my_fonts/04/char_0483.png
yu_shinan_06,yu_shinan,等,Fonts/my_fonts/06/char_0230.png
yan_zhenqing_07,yan_zhenqing,等,Fonts/my_fonts/07/char_1670.png
yan_zhenqing_07,yan_zhenqing,等,Fonts/my_fonts/07/char_1689.png
shen_yinmo_08,shen_yinmo,等,Fonts/my_fonts/08/char_0248.png
shen_yinmo_08,shen_yinmo,等,Fonts/my_fonts/08/char_0269.png
shen_yinmo_08,shen_yinmo,等,Fonts/my_fonts/08/char_0340.png
shen_yinmo_08,shen_yinmo,等,Fonts/my_fonts/08/char_0442.png
shen_yinmo_09,shen_yinmo,等,Fonts/my_fonts/09/char_0226.png
shen_yinmo_09,shen_yinmo,等,Fonts/my_fonts/09/char_0227.png
shen_yinmo_10,shen_yinmo,等,Fonts/my_fonts/10/char_0272.png
shen_yinmo_10,shen_yinmo,等,Fonts/my_fonts/10/char_0351.png
shen_yinmo_10,shen_yinmo,等,Fonts/my_fonts/10/char_0452.png
zhiyong_00,zhiyong,謂,Fonts/my_fonts/00/char_0993.png
liu_gongquan_02,liu_gongquan,謂,Fonts/my_fonts/02/char_1571.png
ouyang_xun_03,ouyang_xun,謂,Fonts/my_fonts/03/char_0432.png
zhao_mengfu_04,zhao_mengfu,謂,Fonts/my_fonts/04/char_0369.png
zhao_mengfu_04,zhao_mengfu,謂,Fonts/my_fonts/04/char_0375.png
yan_zhenqing_07,yan_zhenqing,謂,Fonts/my_fonts/07/char_0814.png
shen_yinmo_08,shen_yinmo,謂,Fonts/my_fonts/08/char_0366.png
shen_yinmo_08,shen_yinmo,謂,Fonts/my_fonts/08/char_0426.png
shen_yinmo_10,shen_yinmo,謂,Fonts/my_fonts/10/char_0378.png
shen_yinmo_10,shen_yinmo,謂,Fonts/my_fonts/10/char_0436.png
zhiyong_00,zhiyong,語,Fonts/my_fonts/00/char_0994.png
zhao_mengfu_04,zhao_mengfu,語,Fonts/my_fonts/04/char_0270.png
zhiyong_00,zhiyong,助,Fonts/my_fonts/00/char_0995.png
yan_zhenqing_07,yan_zhenqing,助,Fonts/my_fonts/07/char_0622.png
zhiyong_00,zhiyong,者,Fonts/my_fonts/00/char_0996.png
shen_yinmo_01,shen_yinmo,者,Fonts/my_fonts/01/font_00_0018.png
shen_yinmo_01,shen_yinmo,者,Fonts/my_fonts/01/font_00_0257.png
shen_yinmo_01,shen_yinmo,者,Fonts/my_fonts/01/font_00_0422.png
shen_yinmo_01,shen_yinmo,者,Fonts/my_fonts/01/font_00_0437.png
shen_yinmo_01,shen_yinmo,者,Fonts/my_fonts/01/font_00_0577.png
shen_yinmo_01,shen_yinmo,者,Fonts/my_fonts/01/font_00_0756.png
shen_yinmo_01,shen_yinmo,者,Fonts/my_fonts/01/font_00_0804.png
liu_gongquan_02,liu_gongquan,者,Fonts/my_fonts/02/char_0222.png
liu_gongquan_02,liu_gongquan,者,Fonts/my_fonts/02/char_0784.png
liu_gongquan_02,liu_gongquan,者,Fonts/my_fonts/02/char_1392.png
ouyang_xun_03,ouyang_xun,者,Fonts/my_fonts/03/char_0449.png
ouyang_xun_03,ouyang_xun,者,Fonts/my_fonts/03/char_0636.png
ouyang_xun_03,ouyang_xun,者,Fonts/my_fonts/03/char_0685.png
ouyang_xun_03,ouyang_xun,者,Fonts/my_fonts/03/char_0720.png
zhao_mengfu_04,zhao_mengfu,者,Fonts/my_fonts/04/char_0301.png
zhao_mengfu_04,zhao_mengfu,者,Fonts/my_fonts/04/char_0351.png
zhao_mengfu_04,zhao_mengfu,者,Fonts/my_fonts/04/char_0361.png
zhao_mengfu_04,zhao_mengfu,者,Fonts/my_fonts/04/char_0410.png
yan_zhenqing_07,yan_zhenqing,者,Fonts/my_fonts/07/char_1444.png
yan_zhenqing_07,yan_zhenqing,者,Fonts/my_fonts/07/char_1698.png
yan_zhenqing_07,yan_zhenqing,者,Fonts/my_fonts/07/char_1707.png
shen_yinmo_08,shen_yinmo,者,Fonts/my_fonts/08/char_0006.png
shen_yinmo_08,shen_yinmo,者,Fonts/my_fonts/08/char_0010.png
shen_yinmo_08,shen_yinmo,者,Fonts/my_fonts/08/char_0015.png
shen_yinmo_08,shen_yinmo,者,Fonts/my_fonts/08/char_0021.png
shen_yinmo_08,shen_yinmo,者,Fonts/my_fonts/08/char_0027.png
shen_yinmo_08,shen_yinmo,者,Fonts/my_fonts/08/char_0033.png
shen_yinmo_08,shen_yinmo,者,Fonts/my_fonts/08/char_0356.png
shen_yinmo_10,shen_yinmo,者,Fonts/my_fonts/10/char_0003.png
shen_yinmo_10,shen_yinmo,者,Fonts/my_fonts/10/char_0007.png
shen_yinmo_10,shen_yinmo,者,Fonts/my_fonts/10/char_0012.png
shen_yinmo_10,shen_yinmo,者,Fonts/my_fonts/10/char_0018.png
shen_yinmo_10,shen_yinmo,者,Fonts/my_fonts/10/char_0024.png
shen_yinmo_10,shen_yinmo,者,Fonts/my_fonts/10/char_0030.png
shen_yinmo_10,shen_yinmo,者,Fonts/my_fonts/10/char_0036.png
shen_yinmo_10,shen_yinmo,者,Fonts/my_fonts/10/char_0042.png
shen_yinmo_10,shen_yinmo,者,Fonts/my_fonts/10/char_0048.png
shen_yinmo_10,shen_yinmo,者,Fonts/my_fonts/10/char_0054.png
shen_yinmo_10,shen_yinmo,者,Fonts/my_fonts/10/char_0061.png
shen_yinmo_10,shen_yinmo,者,Fonts/my_fonts/10/char_0367.png
zhiyong_00,zhiyong,焉,Fonts/my_fonts/00/char_0997.png
liu_gongquan_02,liu_gongquan,焉,Fonts/my_fonts/02/char_0166.png
liu_gongquan_02,liu_gongquan,焉,Fonts/my_fonts/02/char_0692.png
ouyang_xun_03,ouyang_xun,焉,Fonts/my_fonts/03/char_0950.png
yu_shinan_06,yu_shinan,焉,Fonts/my_fonts/06/char_0038.png
shen_yinmo_08,shen_yinmo,焉,Fonts/my_fonts/08/char_0499.png
shen_yinmo_10,shen_yinmo,焉,Fonts/my_fonts/10/char_0509.png
zhiyong_00,zhiyong,哉,Fonts/my_fonts/00/char_0998.png
zhao_mengfu_04,zhao_mengfu,哉,Fonts/my_fonts/04/char_0268.png
zhao_mengfu_04,zhao_mengfu,哉,Fonts/my_fonts/04/char_0273.png
yu_shinan_06,yu_shinan,哉,Fonts/my_fonts/06/char_0331.png
yan_zhenqing_07,yan_zhenqing,哉,Fonts/my_fonts/07/char_0801.png
zhiyong_00,zhiyong,乎,Fonts/my_fonts/00/char_0999.png
shen_yinmo_01,shen_yinmo,乎,Fonts/my_fonts/01/font_00_0141.png
ouyang_xun_03,ouyang_xun,乎,Fonts/my_fonts/03/char_0037.png
ouyang_xun_03,ouyang_xun,乎,Fonts/my_fonts/03/char_0181.png
ouyang_xun_03,ouyang_xun,乎,Fonts/my_fonts/03/char_0473.png
zhao_mengfu_04,zhao_mengfu,乎,Fonts/my_fonts/04/char_0006.png
zhao_mengfu_04,zhao_mengfu,乎,Fonts/my_fonts/04/char_0020.png
zhao_mengfu_04,zhao_mengfu,乎,Fonts/my_fonts/04/char_0267.png
zhao_mengfu_04,zhao_mengfu,乎,Fonts/my_fonts/04/char_0272.png
zhao_mengfu_04,zhao_mengfu,乎,Fonts/my_fonts/04/char_0348.png
zhao_mengfu_04,zhao_mengfu,乎,Fonts/my_fonts/04/char_0358.png
yan_zhenqing_07,yan_zhenqing,乎,Fonts/my_fonts/07/char_0080.png
zhiyong_00,zhiyong,也,Fonts/my_fonts/00/char_1000.png
shen_yinmo_01,shen_yinmo,也,Fonts/my_fonts/01/font_00_0019.png
shen_yinmo_01,shen_yinmo,也,Fonts/my_fonts/01/font_00_0118.png
shen_yinmo_01,shen_yinmo,也,Fonts/my_fonts/01/font_00_0258.png
shen_yinmo_01,shen_yinmo,也,Fonts/my_fonts/01/font_00_0424.png
shen_yinmo_01,shen_yinmo,也,Fonts/my_fonts/01/font_00_0438.png
shen_yinmo_01,shen_yinmo,也,Fonts/my_fonts/01/font_00_0578.png
shen_yinmo_01,shen_yinmo,也,Fonts/my_fonts/01/font_00_0757.png
liu_gongquan_02,liu_gongquan,也,Fonts/my_fonts/02/char_0218.png
liu_gongquan_02,liu_gongquan,也,Fonts/my_fonts/02/char_0694.png
ouyang_xun_03,ouyang_xun,也,Fonts/my_fonts/03/char_0049.png
ouyang_xun_03,ouyang_xun,也,Fonts/my_fonts/03/char_0169.png
ouyang_xun_03,ouyang_xun,也,Fonts/my_fonts/03/char_0450.png
zhao_mengfu_04,zhao_mengfu,也,Fonts/my_fonts/04/char_0345.png
yan_zhenqing_07,yan_zhenqing,也,Fonts/my_fonts/07/char_0066.png
yan_zhenqing_07,yan_zhenqing,也,Fonts/my_fonts/07/char_0076.png
yan_zhenqing_07,yan_zhenqing,也,Fonts/my_fonts/07/char_0101.png
yan_zhenqing_07,yan_zhenqing,也,Fonts/my_fonts/07/char_0229.png
yan_zhenqing_07,yan_zhenqing,也,Fonts/my_fonts/07/char_0420.png
yan_zhenqing_07,yan_zhenqing,也,Fonts/my_fonts/07/char_0625.png
yan_zhenqing_07,yan_zhenqing,也,Fonts/my_fonts/07/char_1049.png
yan_zhenqing_07,yan_zhenqing,也,Fonts/my_fonts/07/char_1164.png
yan_zhenqing_07,yan_zhenqing,也,Fonts/my_fonts/07/char_1233.png
yan_zhenqing_07,yan_zhenqing,也,Fonts/my_fonts/07/char_1481.png
yan_zhenqing_07,yan_zhenqing,也,Fonts/my_fonts/07/char_1578.png
shen_yinmo_08,shen_yinmo,也,Fonts/my_fonts/08/char_0008.png
shen_yinmo_08,shen_yinmo,也,Fonts/my_fonts/08/char_0013.png
shen_yinmo_08,shen_yinmo,也,Fonts/my_fonts/08/char_0018.png
shen_yinmo_08,shen_yinmo,也,Fonts/my_fonts/08/char_0024.png
shen_yinmo_08,shen_yinmo,也,Fonts/my_fonts/08/char_0030.png
shen_yinmo_08,shen_yinmo,也,Fonts/my_fonts/08/char_0036.png
shen_yinmo_08,shen_yinmo,也,Fonts/my_fonts/08/char_0359.png
shen_yinmo_10,shen_yinmo,也,Fonts/my_fonts/10/char_0005.png
shen_yinmo_10,shen_yinmo,也,Fonts/my_fonts/10/char_0010.png
shen_yinmo_10,shen_yinmo,也,Fonts/my_fonts/10/char_0015.png
shen_yinmo_10,shen_yinmo,也,Fonts/my_fonts/10/char_0021.png
shen_yinmo_10,shen_yinmo,也,Fonts/my_fonts/10/char_0027.png
shen_yinmo_10,shen_yinmo,也,Fonts/my_fonts/10/char_0033.png
shen_yinmo_10,shen_yinmo,也,Fonts/my_fonts/10/char_0039.png
shen_yinmo_10,shen_yinmo,也,Fonts/my_fonts/10/char_0045.png
shen_yinmo_10,shen_yinmo,也,Fonts/my_fonts/10/char_0051.png
shen_yinmo_10,shen_yinmo,也,Fonts/my_fonts/10/char_0057.png
shen_yinmo_10,shen_yinmo,也,Fonts/my_fonts/10/char_0370.png
shen_yinmo_01,shen_yinmo,翹,Fonts/my_fonts/01/font_00_0013.png
shen_yinmo_01,shen_yinmo,翹,Fonts/my_fonts/01/font_00_0294.png
shen_yinmo_01,shen_yinmo,翹,Fonts/my_fonts/01/font_00_0372.png
liu_gongquan_02,liu_gongquan,翹,Fonts/my_fonts/02/char_1291.png
shen_yinmo_01,shen_yinmo,許,Fonts/my_fonts/01/font_00_0016.png
yan_zhenqing_07,yan_zhenqing,許,Fonts/my_fonts/07/char_0329.png
yan_zhenqing_07,yan_zhenqing,許,Fonts/my_fonts/07/char_0931.png
shen_yinmo_08,shen_yinmo,許,Fonts/my_fonts/08/char_0197.png
shen_yinmo_08,shen_yinmo,許,Fonts/my_fonts/08/char_0446.png
shen_yinmo_10,shen_yinmo,許,Fonts/my_fonts/10/char_0220.png
shen_yinmo_10,shen_yinmo,許,Fonts/my_fonts/10/char_0456.png
shen_yinmo_01,shen_yinmo,十,Fonts/my_fonts/01/font_00_0026.png
shen_yinmo_01,shen_yinmo,十,Fonts/my_fonts/01/font_00_0031.png
shen_yinmo_01,shen_yinmo,十,Fonts/my_fonts/01/font_00_0049.png
shen_yinmo_01,shen_yinmo,十,Fonts/my_fonts/01/font_00_0087.png
shen_yinmo_01,shen_yinmo,十,Fonts/my_fonts/01/font_00_0099.png
shen_yinmo_01,shen_yinmo,十,Fonts/my_fonts/01/font_00_0101.png
shen_yinmo_01,shen_yinmo,十,Fonts/my_fonts/01/font_00_0149.png
shen_yinmo_01,shen_yinmo,十,Fonts/my_fonts/01/font_00_0156.png
shen_yinmo_01,shen_yinmo,十,Fonts/my_fonts/01/font_00_0180.png
shen_yinmo_01,shen_yinmo,十,Fonts/my_fonts/01/font_00_0220.png
shen_yinmo_01,shen_yinmo,十,Fonts/my_fonts/01/font_00_0427.png
shen_yinmo_01,shen_yinmo,十,Fonts/my_fonts/01/font_00_0587.png
shen_yinmo_01,shen_yinmo,十,Fonts/my_fonts/01/font_00_0785.png
shen_yinmo_01,shen_yinmo,十,Fonts/my_fonts/01/font_00_0864.png
liu_gongquan_02,liu_gongquan,十,Fonts/my_fonts/02/char_0224.png
liu_gongquan_02,liu_gongquan,十,Fonts/my_fonts/02/char_0329.png
liu_gongquan_02,liu_gongquan,十,Fonts/my_fonts/02/char_0369.png
liu_gongquan_02,liu_gongquan,十,Fonts/my_fonts/02/char_0996.png
liu_gongquan_02,liu_gongquan,十,Fonts/my_fonts/02/char_1466.png
ouyang_xun_03,ouyang_xun,十,Fonts/my_fonts/03/char_0328.png
yu_shinan_06,yu_shinan,十,Fonts/my_fonts/06/char_0335.png
yan_zhenqing_07,yan_zhenqing,十,Fonts/my_fonts/07/char_0081.png
yan_zhenqing_07,yan_zhenqing,十,Fonts/my_fonts/07/char_0579.png
yan_zhenqing_07,yan_zhenqing,十,Fonts/my_fonts/07/char_0617.png
yan_zhenqing_07,yan_zhenqing,十,Fonts/my_fonts/07/char_0919.png
yan_zhenqing_07,yan_zhenqing,十,Fonts/my_fonts/07/char_0947.png
yan_zhenqing_07,yan_zhenqing,十,Fonts/my_fonts/07/char_0977.png
yan_zhenqing_07,yan_zhenqing,十,Fonts/my_fonts/07/char_1088.png
yan_zhenqing_07,yan_zhenqing,十,Fonts/my_fonts/07/char_1492.png
yan_zhenqing_07,yan_zhenqing,十,Fonts/my_fonts/07/char_1963.png
shen_yinmo_08,shen_yinmo,十,Fonts/my_fonts/08/char_0508.png
shen_yinmo_08,shen_yinmo,十,Fonts/my_fonts/08/char_0528.png
shen_yinmo_10,shen_yinmo,十,Fonts/my_fonts/10/char_0517.png
shen_yinmo_01,shen_yinmo,戌,Fonts/my_fonts/01/font_00_0038.png
yan_zhenqing_07,yan_zhenqing,戌,Fonts/my_fonts/07/char_1979.png
shen_yinmo_01,shen_yinmo,為,Fonts/my_fonts/01/font_00_0043.png
shen_yinmo_01,shen_yinmo,為,Fonts/my_fonts/01/font_00_0138.png
shen_yinmo_01,shen_yinmo,為,Fonts/my_fonts/01/font_00_0206.png
shen_yinmo_01,shen_yinmo,為,Fonts/my_fonts/01/font_00_0307.png
shen_yinmo_01,shen_yinmo,為,Fonts/my_fonts/01/font_00_0326.png
shen_yinmo_01,shen_yinmo,為,Fonts/my_fonts/01/font_00_0485.png
liu_gongquan_02,liu_gongquan,為,Fonts/my_fonts/02/char_0119.png
liu_gongquan_02,liu_gongquan,為,Fonts/my_fonts/02/char_0186.png
liu_gongquan_02,liu_gongquan,為,Fonts/my_fonts/02/char_0271.png
liu_gongquan_02,liu_gongquan,為,Fonts/my_fonts/02/char_0284.png
liu_gongquan_02,liu_gongquan,為,Fonts/my_fonts/02/char_0292.png
liu_gongquan_02,liu_gongquan,為,Fonts/my_fonts/02/char_0500.png
liu_gongquan_02,liu_gongquan,為,Fonts/my_fonts/02/char_0510.png
liu_gongquan_02,liu_gongquan,為,Fonts/my_fonts/02/char_0548.png
liu_gongquan_02,liu_gongquan,為,Fonts/my_fonts/02/char_0902.png
liu_gongquan_02,liu_gongquan,為,Fonts/my_fonts/02/char_1028.png
liu_gongquan_02,liu_gongquan,為,Fonts/my_fonts/02/char_1071.png
liu_gongquan_02,liu_gongquan,為,Fonts/my_fonts/02/char_1143.png
liu_gongquan_02,liu_gongquan,為,Fonts/my_fonts/02/char_1147.png
liu_gongquan_02,liu_gongquan,為,Fonts/my_fonts/02/char_1151.png
liu_gongquan_02,liu_gongquan,為,Fonts/my_fonts/02/char_1176.png
liu_gongquan_02,liu_gongquan,為,Fonts/my_fonts/02/char_1218.png
liu_gongquan_02,liu_gongquan,為,Fonts/my_fonts/02/char_1275.png
liu_gongquan_02,liu_gongquan,為,Fonts/my_fonts/02/char_1471.png
liu_gongquan_02,liu_gongquan,為,Fonts/my_fonts/02/char_1497.png
ouyang_xun_03,ouyang_xun,為,Fonts/my_fonts/03/char_0056.png
ouyang_xun_03,ouyang_xun,為,Fonts/my_fonts/03/char_0274.png
ouyang_xun_03,ouyang_xun,為,Fonts/my_fonts/03/char_0341.png
ouyang_xun_03,ouyang_xun,為,Fonts/my_fonts/03/char_0372.png
ouyang_xun_03,ouyang_xun,為,Fonts/my_fonts/03/char_0436.png
ouyang_xun_03,ouyang_xun,為,Fonts/my_fonts/03/char_0547.png
ouyang_xun_03,ouyang_xun,為,Fonts/my_fonts/03/char_0779.png
ouyang_xun_03,ouyang_xun,為,Fonts/my_fonts/03/char_1051.png
zhao_mengfu_04,zhao_mengfu,為,Fonts/my_fonts/04/char_0012.png
zhao_mengfu_04,zhao_mengfu,為,Fonts/my_fonts/04/char_0026.png
zhao_mengfu_04,zhao_mengfu,為,Fonts/my_fonts/04/char_0290.png
yan_zhenqing_07,yan_zhenqing,為,Fonts/my_fonts/07/char_0157.png
yan_zhenqing_07,yan_zhenqing,為,Fonts/my_fonts/07/char_0352.png
yan_zhenqing_07,yan_zhenqing,為,Fonts/my_fonts/07/char_0899.png
yan_zhenqing_07,yan_zhenqing,為,Fonts/my_fonts/07/char_0932.png
yan_zhenqing_07,yan_zhenqing,為,Fonts/my_fonts/07/char_1070.png
yan_zhenqing_07,yan_zhenqing,為,Fonts/my_fonts/07/char_1209.png
yan_zhenqing_07,yan_zhenqing,為,Fonts/my_fonts/07/char_1231.png
yan_zhenqing_07,yan_zhenqing,為,Fonts/my_fonts/07/char_1497.png
yan_zhenqing_07,yan_zhenqing,為,Fonts/my_fonts/07/char_1503.png
yan_zhenqing_07,yan_zhenqing,為,Fonts/my_fonts/07/char_1531.png
yan_zhenqing_07,yan_zhenqing,為,Fonts/my_fonts/07/char_1565.png
yan_zhenqing_07,yan_zhenqing,為,Fonts/my_fonts/07/char_1674.png
yan_zhenqing_07,yan_zhenqing,為,Fonts/my_fonts/07/char_1680.png
yan_zhenqing_07,yan_zhenqing,為,Fonts/my_fonts/07/char_1716.png
yan_zhenqing_07,yan_zhenqing,為,Fonts/my_fonts/07/char_1719.png
yan_zhenqing_07,yan_zhenqing,為,Fonts/my_fonts/07/char_1804.png
yan_zhenqing_07,yan_zhenqing,為,Fonts/my_fonts/07/char_1894.png
shen_yinmo_08,shen_yinmo,為,Fonts/my_fonts/08/char_0140.png
shen_yinmo_10,shen_yinmo,為,Fonts/my_fonts/10/char_0169.png
shen_yinmo_01,shen_yinmo,先,Fonts/my_fonts/01/font_00_0045.png
shen_yinmo_01,shen_yinmo,先,Fonts/my_fonts/01/font_00_0495.png
shen_yinmo_01,shen_yinmo,先,Fonts/my_fonts/01/font_00_0729.png
liu_gongquan_02,liu_gongquan,先,Fonts/my_fonts/02/char_0678.png
zhao_mengfu_04,zhao_mengfu,先,Fonts/my_fonts/04/char_0163.png
yan_zhenqing_07,yan_zhenqing,先,Fonts/my_fonts/07/char_0428.png
yan_zhenqing_07,yan_zhenqing,先,Fonts/my_fonts/07/char_0633.png
yan_zhenqing_07,yan_zhenqing,先,Fonts/my_fonts/07/char_1000.png
yan_zhenqing_07,yan_zhenqing,先,Fonts/my_fonts/07/char_1163.png
shen_yinmo_08,shen_yinmo,先,Fonts/my_fonts/08/char_0040.png
shen_yinmo_08,shen_yinmo,先,Fonts/my_fonts/08/char_0186.png
shen_yinmo_08,shen_yinmo,先,Fonts/my_fonts/08/char_0392.png
shen_yinmo_08,shen_yinmo,先,Fonts/my_fonts/08/char_0414.png
shen_yinmo_10,shen_yinmo,先,Fonts/my_fonts/10/char_0062.png
shen_yinmo_10,shen_yinmo,先,Fonts/my_fonts/10/char_0403.png
shen_yinmo_10,shen_yinmo,先,Fonts/my_fonts/10/char_0425.png
shen_yinmo_01,shen_yinmo,誕,Fonts/my_fonts/01/font_00_0050.png
shen_yinmo_01,shen_yinmo,誕,Fonts/my_fonts/01/font_00_0497.png
shen_yinmo_01,shen_yinmo,誕,Fonts/my_fonts/01/font_00_0806.png
liu_gongquan_02,liu_gongquan,誕,Fonts/my_fonts/02/char_1264.png
yu_shinan_06,yu_shinan,誕,Fonts/my_fonts/06/char_0075.png
yan_zhenqing_07,yan_zhenqing,誕,Fonts/my_fonts/07/char_0140.png
shen_yinmo_01,shen_yinmo,肖,Fonts/my_fonts/01/font_00_0053.png
shen_yinmo_01,shen_yinmo,肖,Fonts/my_fonts/01/font_00_0106.png
shen_yinmo_01,shen_yinmo,肖,Fonts/my_fonts/01/font_00_0159.png
shen_yinmo_01,shen_yinmo,肖,Fonts/my_fonts/01/font_00_0239.png
shen_yinmo_01,shen_yinmo,肖,Fonts/my_fonts/01/font_00_0260.png
shen_yinmo_01,shen_yinmo,肖,Fonts/my_fonts/01/font_00_0426.png
shen_yinmo_01,shen_yinmo,肖,Fonts/my_fonts/01/font_00_0553.png
shen_yinmo_01,shen_yinmo,肖,Fonts/my_fonts/01/font_00_0580.png
shen_yinmo_01,shen_yinmo,肖,Fonts/my_fonts/01/font_00_0681.png
shen_yinmo_01,shen_yinmo,肖,Fonts/my_fonts/01/font_00_0781.png
shen_yinmo_01,shen_yinmo,肖,Fonts/my_fonts/01/font_00_0845.png
yan_zhenqing_07,yan_zhenqing,肖,Fonts/my_fonts/07/char_0611.png
shen_yinmo_01,shen_yinmo,清,Fonts/my_fonts/01/font_00_0069.png
liu_gongquan_02,liu_gongquan,清,Fonts/my_fonts/02/char_0920.png
liu_gongquan_02,liu_gongquan,清,Fonts/my_fonts/02/char_1110.png
liu_gongquan_02,liu_gongquan,清,Fonts/my_fonts/02/char_1138.png
ouyang_xun_03,ouyang_xun,清,Fonts/my_fonts/03/char_0147.png
ouyang_xun_03,ouyang_xun,清,Fonts/my_fonts/03/char_0551.png
ouyang_xun_03,ouyang_xun,清,Fonts/my_fonts/03/char_0580.png
ouyang_xun_03,ouyang_xun,清,Fonts/my_fonts/03/char_0667.png
yu_shinan_06,yu_shinan,清,Fonts/my_fonts/06/char_0125.png
yan_zhenqing_07,yan_zhenqing,清,Fonts/my_fonts/07/char_0395.png
shen_yinmo_01,shen_yinmo,昭,Fonts/my_fonts/01/font_00_0074.png
liu_gongquan_02,liu_gongquan,昭,Fonts/my_fonts/02/char_0697.png
liu_gongquan_02,liu_gongquan,昭,Fonts/my_fonts/02/char_1462.png
yan_zhenqing_07,yan_zhenqing,昭,Fonts/my_fonts/07/char_0673.png
yan_zhenqing_07,yan_zhenqing,昭,Fonts/my_fonts/07/char_1793.png
shen_yinmo_01,shen_yinmo,于,Fonts/my_fonts/01/font_00_0076.png
shen_yinmo_01,shen_yinmo,于,Fonts/my_fonts/01/font_00_0254.png
shen_yinmo_01,shen_yinmo,于,Fonts/my_fonts/01/font_00_0274.png
shen_yinmo_01,shen_yinmo,于,Fonts/my_fonts/01/font_00_0320.png
shen_yinmo_01,shen_yinmo,于,Fonts/my_fonts/01/font_00_0383.png
shen_yinmo_01,shen_yinmo,于,Fonts/my_fonts/01/font_00_0489.png
shen_yinmo_01,shen_yinmo,于,Fonts/my_fonts/01/font_00_0642.png
zhao_mengfu_04,zhao_mengfu,于,Fonts/my_fonts/04/char_0259.png
yan_zhenqing_07,yan_zhenqing,于,Fonts/my_fonts/07/char_0380.png
yan_zhenqing_07,yan_zhenqing,于,Fonts/my_fonts/07/char_0461.png
yan_zhenqing_07,yan_zhenqing,于,Fonts/my_fonts/07/char_0494.png
yan_zhenqing_07,yan_zhenqing,于,Fonts/my_fonts/07/char_0526.png
yan_zhenqing_07,yan_zhenqing,于,Fonts/my_fonts/07/char_0677.png
yan_zhenqing_07,yan_zhenqing,于,Fonts/my_fonts/07/char_0710.png
yan_zhenqing_07,yan_zhenqing,于,Fonts/my_fonts/07/char_0809.png
yan_zhenqing_07,yan_zhenqing,于,Fonts/my_fonts/07/char_1717.png
yan_zhenqing_07,yan_zhenqing,于,Fonts/my_fonts/07/char_1768.png
shen_yinmo_01,shen_yinmo,前,Fonts/my_fonts/01/font_00_0081.png
ouyang_xun_03,ouyang_xun,前,Fonts/my_fonts/03/char_0864.png
zhao_mengfu_04,zhao_mengfu,前,Fonts/my_fonts/04/char_0133.png
yan_zhenqing_07,yan_zhenqing,前,Fonts/my_fonts/07/char_0285.png
yan_zhenqing_07,yan_zhenqing,前,Fonts/my_fonts/07/char_0935.png
yan_zhenqing_07,yan_zhenqing,前,Fonts/my_fonts/07/char_1924.png
shen_yinmo_08,shen_yinmo,前,Fonts/my_fonts/08/char_0068.png
shen_yinmo_08,shen_yinmo,前,Fonts/my_fonts/08/char_0086.png
shen_yinmo_08,shen_yinmo,前,Fonts/my_fonts/08/char_0240.png
shen_yinmo_10,shen_yinmo,前,Fonts/my_fonts/10/char_0089.png
shen_yinmo_10,shen_yinmo,前,Fonts/my_fonts/10/char_0107.png
shen_yinmo_10,shen_yinmo,前,Fonts/my_fonts/10/char_0264.png
shen_yinmo_01,shen_yinmo,棄,Fonts/my_fonts/01/font_00_0085.png
shen_yinmo_01,shen_yinmo,棄,Fonts/my_fonts/01/font_00_0581.png
ouyang_xun_03,ouyang_xun,棄,Fonts/my_fonts/03/char_0350.png
shen_yinmo_01,shen_yinmo,六,Fonts/my_fonts/01/font_00_0089.png
shen_yinmo_01,shen_yinmo,六,Fonts/my_fonts/01/font_00_0148.png
shen_yinmo_01,shen_yinmo,六,Fonts/my_fonts/01/font_00_0155.png
shen_yinmo_01,shen_yinmo,六,Fonts/my_fonts/01/font_00_0443.png
shen_yinmo_01,shen_yinmo,六,Fonts/my_fonts/01/font_00_0865.png
liu_gongquan_02,liu_gongquan,六,Fonts/my_fonts/02/char_0386.png
liu_gongquan_02,liu_gongquan,六,Fonts/my_fonts/02/char_0395.png
liu_gongquan_02,liu_gongquan,六,Fonts/my_fonts/02/char_0406.png
liu_gongquan_02,liu_gongquan,六,Fonts/my_fonts/02/char_0609.png
liu_gongquan_02,liu_gongquan,六,Fonts/my_fonts/02/char_0633.png
liu_gongquan_02,liu_gongquan,六,Fonts/my_fonts/02/char_0997.png
ouyang_xun_03,ouyang_xun,六,Fonts/my_fonts/03/char_0027.png
ouyang_xun_03,ouyang_xun,六,Fonts/my_fonts/03/char_0497.png
yu_shinan_06,yu_shinan,六,Fonts/my_fonts/06/char_0021.png
yan_zhenqing_07,yan_zhenqing,六,Fonts/my_fonts/07/char_0321.png
yan_zhenqing_07,yan_zhenqing,六,Fonts/my_fonts/07/char_0950.png
yan_zhenqing_07,yan_zhenqing,六,Fonts/my_fonts/07/char_1089.png
shen_yinmo_01,shen_yinmo,矣,Fonts/my_fonts/01/font_00_0091.png
zhao_mengfu_04,zhao_mengfu,矣,Fonts/my_fonts/04/char_0092.png
zhao_mengfu_04,zhao_mengfu,矣,Fonts/my_fonts/04/char_0096.png
zhao_mengfu_04,zhao_mengfu,矣,Fonts/my_fonts/04/char_0248.png
yu_shinan_06,yu_shinan,矣,Fonts/my_fonts/06/char_0342.png
yan_zhenqing_07,yan_zhenqing,矣,Fonts/my_fonts/07/char_0695.png
yan_zhenqing_07,yan_zhenqing,矣,Fonts/my_fonts/07/char_1560.png
yan_zhenqing_07,yan_zhenqing,矣,Fonts/my_fonts/07/char_1613.png
shen_yinmo_08,shen_yinmo,矣,Fonts/my_fonts/08/char_0389.png
shen_yinmo_01,shen_yinmo,降,Fonts/my_fonts/01/font_00_0094.png
ouyang_xun_03,ouyang_xun,降,Fonts/my_fonts/03/char_0991.png
zhao_mengfu_04,zhao_mengfu,降,Fonts/my_fonts/04/char_0276.png
yan_zhenqing_07,yan_zhenqing,降,Fonts/my_fonts/07/char_0734.png
yan_zhenqing_07,yan_zhenqing,降,Fonts/my_fonts/07/char_0961.png
yan_zhenqing_07,yan_zhenqing,降,Fonts/my_fonts/07/char_1606.png
shen_yinmo_01,shen_yinmo,壽,Fonts/my_fonts/01/font_00_0103.png
shen_yinmo_01,shen_yinmo,壽,Fonts/my_fonts/01/font_00_0193.png
shen_yinmo_01,shen_yinmo,壽,Fonts/my_fonts/01/font_00_0247.png
shen_yinmo_01,shen_yinmo,壽,Fonts/my_fonts/01/font_00_0692.png
ouyang_xun_03,ouyang_xun,壽,Fonts/my_fonts/03/char_0047.png
ouyang_xun_03,ouyang_xun,壽,Fonts/my_fonts/03/char_0701.png
yu_shinan_06,yu_shinan,壽,Fonts/my_fonts/06/char_0282.png
shen_yinmo_01,shen_yinmo,希,Fonts/my_fonts/01/font_00_0108.png
liu_gongquan_02,liu_gongquan,希,Fonts/my_fonts/02/char_1523.png
shen_yinmo_01,shen_yinmo,醴,Fonts/my_fonts/01/font_00_0123.png
liu_gongquan_02,liu_gongquan,醴,Fonts/my_fonts/02/char_1129.png
ouyang_xun_03,ouyang_xun,醴,Fonts/my_fonts/03/char_0004.png
ouyang_xun_03,ouyang_xun,醴,Fonts/my_fonts/03/char_0557.png
ouyang_xun_03,ouyang_xun,醴,Fonts/my_fonts/03/char_0650.png
ouyang_xun_03,ouyang_xun,醴,Fonts/my_fonts/03/char_0677.png
ouyang_xun_03,ouyang_xun,醴,Fonts/my_fonts/03/char_0694.png
ouyang_xun_03,ouyang_xun,醴,Fonts/my_fonts/03/char_0713.png
ouyang_xun_03,ouyang_xun,醴,Fonts/my_fonts/03/char_1007.png
shen_yinmo_01,shen_yinmo,宛,Fonts/my_fonts/01/font_00_0129.png
yan_zhenqing_07,yan_zhenqing,宛,Fonts/my_fonts/07/char_0282.png
shen_yinmo_01,shen_yinmo,考,Fonts/my_fonts/01/font_00_0144.png
liu_gongquan_02,liu_gongquan,考,Fonts/my_fonts/02/char_0762.png
shen_yinmo_01,shen_yinmo,春,Fonts/my_fonts/01/font_00_0146.png
liu_gongquan_02,liu_gongquan,春,Fonts/my_fonts/02/char_0875.png
liu_gongquan_02,liu_gongquan,春,Fonts/my_fonts/02/char_1037.png
liu_gongquan_02,liu_gongquan,春,Fonts/my_fonts/02/char_1502.png
yan_zhenqing_07,yan_zhenqing,春,Fonts/my_fonts/07/char_0909.png
shen_yinmo_01,shen_yinmo,差,Fonts/my_fonts/01/font_00_0164.png
ouyang_xun_03,ouyang_xun,差,Fonts/my_fonts/03/char_0081.png
shen_yinmo_01,shen_yinmo,依,Fonts/my_fonts/01/font_00_0168.png
shen_yinmo_01,shen_yinmo,依,Fonts/my_fonts/01/font_00_0550.png
liu_gongquan_02,liu_gongquan,依,Fonts/my_fonts/02/char_0573.png
yan_zhenqing_07,yan_zhenqing,依,Fonts/my_fonts/07/char_0088.png
yan_zhenqing_07,yan_zhenqing,依,Fonts/my_fonts/07/char_1936.png
shen_yinmo_08,shen_yinmo,依,Fonts/my_fonts/08/char_0212.png
shen_yinmo_08,shen_yinmo,依,Fonts/my_fonts/08/char_0226.png
shen_yinmo_09,shen_yinmo,依,Fonts/my_fonts/09/char_0152.png
shen_yinmo_09,shen_yinmo,依,Fonts/my_fonts/09/char_0186.png
shen_yinmo_10,shen_yinmo,依,Fonts/my_fonts/10/char_0235.png
shen_yinmo_10,shen_yinmo,依,Fonts/my_fonts/10/char_0250.png
shen_yinmo_01,shen_yinmo,違,Fonts/my_fonts/01/font_00_0169.png
shen_yinmo_01,shen_yinmo,違,Fonts/my_fonts/01/font_00_0596.png
yan_zhenqing_07,yan_zhenqing,違,Fonts/my_fonts/07/char_0637.png
shen_yinmo_01,shen_yinmo,羨,Fonts/my_fonts/01/font_00_0175.png
liu_gongquan_02,liu_gongquan,羨,Fonts/my_fonts/02/char_1595.png
shen_yinmo_01,shen_yinmo,七,Fonts/my_fonts/01/font_00_0179.png
liu_gongquan_02,liu_gongquan,七,Fonts/my_fonts/02/char_0397.png
liu_gongquan_02,liu_gongquan,七,Fonts/my_fonts/02/char_0404.png
liu_gongquan_02,liu_gongquan,七,Fonts/my_fonts/02/char_0695.png
liu_gongquan_02,liu_gongquan,七,Fonts/my_fonts/02/char_1142.png
yan_zhenqing_07,yan_zhenqing,七,Fonts/my_fonts/07/char_0182.png
yan_zhenqing_07,yan_zhenqing,七,Fonts/my_fonts/07/char_0577.png
yan_zhenqing_07,yan_zhenqing,七,Fonts/my_fonts/07/char_0875.png
yan_zhenqing_07,yan_zhenqing,七,Fonts/my_fonts/07/char_0946.png
shen_yinmo_01,shen_yinmo,材,Fonts/my_fonts/01/font_00_0186.png
liu_gongquan_02,liu_gongquan,材,Fonts/my_fonts/02/char_1087.png
yan_zhenqing_07,yan_zhenqing,材,Fonts/my_fonts/07/char_0561.png
shen_yinmo_01,shen_yinmo,小,Fonts/my_fonts/01/font_00_0187.png
shen_yinmo_01,shen_yinmo,小,Fonts/my_fonts/01/font_00_0698.png
liu_gongquan_02,liu_gongquan,小,Fonts/my_fonts/02/char_1488.png
liu_gongquan_02,liu_gongquan,小,Fonts/my_fonts/02/char_1598.png
yan_zhenqing_07,yan_zhenqing,小,Fonts/my_fonts/07/char_1406.png
shen_yinmo_08,shen_yinmo,小,Fonts/my_fonts/08/char_0053.png
shen_yinmo_08,shen_yinmo,小,Fonts/my_fonts/08/char_0268.png
shen_yinmo_10,shen_yinmo,小,Fonts/my_fonts/10/char_0075.png
shen_yinmo_01,shen_yinmo,築,Fonts/my_fonts/01/font_00_0188.png
yan_zhenqing_07,yan_zhenqing,築,Fonts/my_fonts/07/char_0505.png
yan_zhenqing_07,yan_zhenqing,築,Fonts/my_fonts/07/char_0527.png
shen_yinmo_01,shen_yinmo,壇,Fonts/my_fonts/01/font_00_0189.png
zhao_mengfu_04,zhao_mengfu,壇,Fonts/my_fonts/04/char_0222.png
shen_yinmo_01,shen_yinmo,顏,Fonts/my_fonts/01/font_00_0191.png
liu_gongquan_02,liu_gongquan,顏,Fonts/my_fonts/02/char_0019.png
liu_gongquan_02,liu_gongquan,顏,Fonts/my_fonts/02/char_0215.png
liu_gongquan_02,liu_gongquan,顏,Fonts/my_fonts/02/char_0282.png
yan_zhenqing_07,yan_zhenqing,顏,Fonts/my_fonts/07/char_0034.png
shen_yinmo_01,shen_yinmo,構,Fonts/my_fonts/01/font_00_0208.png
yan_zhenqing_07,yan_zhenqing,構,Fonts/my_fonts/07/char_0560.png
shen_yinmo_10,shen_yinmo,構,Fonts/my_fonts/10/char_0035.png
shen_yinmo_01,shen_yinmo,肯,Fonts/my_fonts/01/font_00_0209.png
ouyang_xun_03,ouyang_xun,肯,Fonts/my_fonts/03/char_0337.png
shen_yinmo_01,shen_yinmo,兆,Fonts/my_fonts/01/font_00_0211.png
liu_gongquan_02,liu_gongquan,兆,Fonts/my_fonts/02/char_0121.png
liu_gongquan_02,liu_gongquan,兆,Fonts/my_fonts/02/char_1433.png
ouyang_xun_03,ouyang_xun,兆,Fonts/my_fonts/03/char_0187.png
yu_shinan_06,yu_shinan,兆,Fonts/my_fonts/06/char_0100.png
yan_zhenqing_07,yan_zhenqing,兆,Fonts/my_fonts/07/char_0139.png
yan_zhenqing_07,yan_zhenqing,兆,Fonts/my_fonts/07/char_0460.png
shen_yinmo_01,shen_yinmo,誦,Fonts/my_fonts/01/font_00_0218.png
liu_gongquan_02,liu_gongquan,誦,Fonts/my_fonts/02/char_1050.png
yan_zhenqing_07,yan_zhenqing,誦,Fonts/my_fonts/07/char_0264.png
yan_zhenqing_07,yan_zhenqing,誦,Fonts/my_fonts/07/char_0532.png
yan_zhenqing_07,yan_zhenqing,誦,Fonts/my_fonts/07/char_0885.png
shen_yinmo_01,shen_yinmo,又,Fonts/my_fonts/01/font_00_0219.png
shen_yinmo_01,shen_yinmo,又,Fonts/my_fonts/01/font_00_0423.png
shen_yinmo_01,shen_yinmo,又,Fonts/my_fonts/01/font_00_0565.png
liu_gongquan_02,liu_gongquan,又,Fonts/my_fonts/02/char_0525.png
liu_gongquan_02,liu_gongquan,又,Fonts/my_fonts/02/char_0901.png
ouyang_xun_03,ouyang_xun,又,Fonts/my_fonts/03/char_0376.png
ouyang_xun_03,ouyang_xun,又,Fonts/my_fonts/03/char_0741.png
zhao_mengfu_04,zhao_mengfu,又,Fonts/my_fonts/04/char_0339.png
yan_zhenqing_07,yan_zhenqing,又,Fonts/my_fonts/07/char_0403.png
yan_zhenqing_07,yan_zhenqing,又,Fonts/my_fonts/07/char_0735.png
yan_zhenqing_07,yan_zhenqing,又,Fonts/my_fonts/07/char_0960.png
yan_zhenqing_07,yan_zhenqing,又,Fonts/my_fonts/07/char_1068.png
yan_zhenqing_07,yan_zhenqing,又,Fonts/my_fonts/07/char_1095.png
shen_yinmo_08,shen_yinmo,又,Fonts/my_fonts/08/char_0234.png
shen_yinmo_08,shen_yinmo,又,Fonts/my_fonts/08/char_0360.png
shen_yinmo_08,shen_yinmo,又,Fonts/my_fonts/08/char_0444.png
shen_yinmo_08,shen_yinmo,又,Fonts/my_fonts/08/char_0454.png
shen_yinmo_08,shen_yinmo,又,Fonts/my_fonts/08/char_0465.png
shen_yinmo_10,shen_yinmo,又,Fonts/my_fonts/10/char_0258.png
shen_yinmo_10,shen_yinmo,又,Fonts/my_fonts/10/char_0371.png
shen_yinmo_10,shen_yinmo,又,Fonts/my_fonts/10/char_0454.png
shen_yinmo_10,shen_yinmo,又,Fonts/my_fonts/10/char_0464.png
shen_yinmo_10,shen_yinmo,又,Fonts/my_fonts/10/char_0474.png
shen_yinmo_01,shen_yinmo,昔,Fonts/my_fonts/01/font_00_0228.png
ouyang_xun_03,ouyang_xun,昔,Fonts/my_fonts/03/char_0452.png
ouyang_xun_03,ouyang_xun,昔,Fonts/my_fonts/03/char_0776.png
yan_zhenqing_07,yan_zhenqing,昔,Fonts/my_fonts/07/char_0648.png
yan_zhenqing_07,yan_zhenqing,昔,Fonts/my_fonts/07/char_1427.png
shen_yinmo_08,shen_yinmo,昔,Fonts/my_fonts/08/char_0100.png
shen_yinmo_10,shen_yinmo,昔,Fonts/my_fonts/10/char_0121.png
shen_yinmo_01,shen_yinmo,井,Fonts/my_fonts/01/font_00_0229.png
ouyang_xun_03,ouyang_xun,井,Fonts/my_fonts/03/char_0918.png
yan_zhenqing_07,yan_zhenqing,井,Fonts/my_fonts/07/char_0858.png
shen_yinmo_01,shen_yinmo,雖,Fonts/my_fonts/01/font_00_0237.png
shen_yinmo_01,shen_yinmo,雖,Fonts/my_fonts/01/font_00_0551.png
ouyang_xun_03,ouyang_xun,雖,Fonts/my_fonts/03/char_0252.png
ouyang_xun_03,ouyang_xun,雖,Fonts/my_fonts/03/char_0767.png
ouyang_xun_03,ouyang_xun,雖,Fonts/my_fonts/03/char_1033.png
yan_zhenqing_07,yan_zhenqing,雖,Fonts/my_fonts/07/char_0632.png
yan_zhenqing_07,yan_zhenqing,雖,Fonts/my_fonts/07/char_1899.png
shen_yinmo_01,shen_yinmo,然,Fonts/my_fonts/01/font_00_0244.png
ouyang_xun_03,ouyang_xun,然,Fonts/my_fonts/03/char_0451.png
ouyang_xun_03,ouyang_xun,然,Fonts/my_fonts/03/char_0725.png
zhao_mengfu_04,zhao_mengfu,然,Fonts/my_fonts/04/char_0243.png
zhao_mengfu_04,zhao_mengfu,然,Fonts/my_fonts/04/char_0299.png
yu_shinan_06,yu_shinan,然,Fonts/my_fonts/06/char_0255.png
yan_zhenqing_07,yan_zhenqing,然,Fonts/my_fonts/07/char_0145.png
yan_zhenqing_07,yan_zhenqing,然,Fonts/my_fonts/07/char_0185.png
yan_zhenqing_07,yan_zhenqing,然,Fonts/my_fonts/07/char_0273.png
yan_zhenqing_07,yan_zhenqing,然,Fonts/my_fonts/07/char_0487.png
yan_zhenqing_07,yan_zhenqing,然,Fonts/my_fonts/07/char_0989.png
yan_zhenqing_07,yan_zhenqing,然,Fonts/my_fonts/07/char_1573.png
shen_yinmo_08,shen_yinmo,然,Fonts/my_fonts/08/char_0069.png
shen_yinmo_08,shen_yinmo,然,Fonts/my_fonts/08/char_0283.png
shen_yinmo_10,shen_yinmo,然,Fonts/my_fonts/10/char_0090.png
shen_yinmo_10,shen_yinmo,然,Fonts/my_fonts/10/char_0294.png
shen_yinmo_01,shen_yinmo,徵,Fonts/my_fonts/01/font_00_0249.png
ouyang_xun_03,ouyang_xun,徵,Fonts/my_fonts/03/char_0020.png
shen_yinmo_01,shen_yinmo,舒,Fonts/my_fonts/01/font_00_0280.png
liu_gongquan_02,liu_gongquan,舒,Fonts/my_fonts/02/char_1541.png
shen_yinmo_01,shen_yinmo,今,Fonts/my_fonts/01/font_00_0310.png
shen_yinmo_01,shen_yinmo,今,Fonts/my_fonts/01/font_00_0700.png
shen_yinmo_01,shen_yinmo,今,Fonts/my_fonts/01/font_00_0782.png
liu_gongquan_02,liu_gongquan,今,Fonts/my_fonts/02/char_0118.png
ouyang_xun_03,ouyang_xun,今,Fonts/my_fonts/03/char_0786.png
yan_zhenqing_07,yan_zhenqing,今,Fonts/my_fonts/07/char_0416.png
shen_yinmo_01,shen_yinmo,孫,Fonts/my_fonts/01/font_00_0323.png
shen_yinmo_01,shen_yinmo,孫,Fonts/my_fonts/01/font_00_0477.png
liu_gongquan_02,liu_gongquan,孫,Fonts/my_fonts/02/char_0025.png
liu_gongquan_02,liu_gongquan,孫,Fonts/my_fonts/02/char_0756.png
liu_gongquan_02,liu_gongquan,孫,Fonts/my_fonts/02/char_0758.png
liu_gongquan_02,liu_gongquan,孫,Fonts/my_fonts/02/char_0874.png
liu_gongquan_02,liu_gongquan,孫,Fonts/my_fonts/02/char_1222.png
liu_gongquan_02,liu_gongquan,孫,Fonts/my_fonts/02/char_1269.png
shen_yinmo_08,shen_yinmo,孫,Fonts/my_fonts/08/char_0524.png
shen_yinmo_10,shen_yinmo,孫,Fonts/my_fonts/10/char_0531.png
shen_yinmo_01,shen_yinmo,厚,Fonts/my_fonts/01/font_00_0335.png
liu_gongquan_02,liu_gongquan,厚,Fonts/my_fonts/02/char_1084.png
yu_shinan_06,yu_shinan,厚,Fonts/my_fonts/06/char_0219.png
shen_yinmo_01,shen_yinmo,望,Fonts/my_fonts/01/font_00_0336.png
shen_yinmo_01,shen_yinmo,望,Fonts/my_fonts/01/font_00_0476.png
shen_yinmo_01,shen_yinmo,望,Fonts/my_fonts/01/font_00_0566.png
yan_zhenqing_07,yan_zhenqing,望,Fonts/my_fonts/07/char_0437.png
yan_zhenqing_07,yan_zhenqing,望,Fonts/my_fonts/07/char_1472.png
yan_zhenqing_07,yan_zhenqing,望,Fonts/my_fonts/07/char_1595.png
shen_yinmo_01,shen_yinmo,商,Fonts/my_fonts/01/font_00_0340.png
shen_yinmo_01,shen_yinmo,商,Fonts/my_fonts/01/font_00_0584.png
shen_yinmo_01,shen_yinmo,商,Fonts/my_fonts/01/font_00_0629.png
yu_shinan_06,yu_shinan,商,Fonts/my_fonts/06/char_0288.png
shen_yinmo_01,shen_yinmo,卓,Fonts/my_fonts/01/font_00_0341.png
liu_gongquan_02,liu_gongquan,卓,Fonts/my_fonts/02/char_1481.png
shen_yinmo_01,shen_yinmo,著,Fonts/my_fonts/01/font_00_0342.png
liu_gongquan_02,liu_gongquan,著,Fonts/my_fonts/02/char_0006.png
liu_gongquan_02,liu_gongquan,著,Fonts/my_fonts/02/char_0400.png
liu_gongquan_02,liu_gongquan,著,Fonts/my_fonts/02/char_0476.png
liu_gongquan_02,liu_gongquan,著,Fonts/my_fonts/02/char_0744.png
liu_gongquan_02,liu_gongquan,著,Fonts/my_fonts/02/char_1485.png
liu_gongquan_02,liu_gongquan,著,Fonts/my_fonts/02/char_1558.png
yu_shinan_06,yu_shinan,著,Fonts/my_fonts/06/char_0062.png
yan_zhenqing_07,yan_zhenqing,著,Fonts/my_fonts/07/char_0106.png
shen_yinmo_01,shen_yinmo,趾,Fonts/my_fonts/01/font_00_0346.png
ouyang_xun_03,ouyang_xun,趾,Fonts/my_fonts/03/char_0980.png
shen_yinmo_01,shen_yinmo,山,Fonts/my_fonts/01/font_00_0363.png
liu_gongquan_02,liu_gongquan,山,Fonts/my_fonts/02/char_0931.png
liu_gongquan_02,liu_gongquan,山,Fonts/my_fonts/02/char_0939.png
liu_gongquan_02,liu_gongquan,山,Fonts/my_fonts/02/char_1015.png
ouyang_xun_03,ouyang_xun,山,Fonts/my_fonts/03/char_0051.png
ouyang_xun_03,ouyang_xun,山,Fonts/my_fonts/03/char_0115.png
yu_shinan_06,yu_shinan,山,Fonts/my_fonts/06/char_0128.png
yu_shinan_06,yu_shinan,山,Fonts/my_fonts/06/char_0289.png
yan_zhenqing_07,yan_zhenqing,山,Fonts/my_fonts/07/char_0251.png
yan_zhenqing_07,yan_zhenqing,山,Fonts/my_fonts/07/char_0685.png
yan_zhenqing_07,yan_zhenqing,山,Fonts/my_fonts/07/char_1362.png
yan_zhenqing_07,yan_zhenqing,山,Fonts/my_fonts/07/char_1544.png
yan_zhenqing_07,yan_zhenqing,山,Fonts/my_fonts/07/char_1870.png
shen_yinmo_08,shen_yinmo,山,Fonts/my_fonts/08/char_0375.png
shen_yinmo_08,shen_yinmo,山,Fonts/my_fonts/08/char_0435.png
shen_yinmo_10,shen_yinmo,山,Fonts/my_fonts/10/char_0387.png
shen_yinmo_10,shen_yinmo,山,Fonts/my_fonts/10/char_0445.png
shen_yinmo_01,shen_yinmo,激,Fonts/my_fonts/01/font_00_0365.png
ouyang_xun_03,ouyang_xun,激,Fonts/my_fonts/03/char_0578.png
shen_yinmo_01,shen_yinmo,沖,Fonts/my_fonts/01/font_00_0366.png
zhao_mengfu_04,zhao_mengfu,沖,Fonts/my_fonts/04/char_0349.png
yan_zhenqing_07,yan_zhenqing,沖,Fonts/my_fonts/07/char_2002.png
shen_yinmo_01,shen_yinmo,遂,Fonts/my_fonts/01/font_00_0367.png
ouyang_xun_03,ouyang_xun,遂,Fonts/my_fonts/03/char_0247.png
yan_zhenqing_07,yan_zhenqing,遂,Fonts/my_fonts/07/char_0310.png
yan_zhenqing_07,yan_zhenqing,遂,Fonts/my_fonts/07/char_0720.png
yan_zhenqing_07,yan_zhenqing,遂,Fonts/my_fonts/07/char_0854.png
shen_yinmo_08,shen_yinmo,遂,Fonts/my_fonts/08/char_0116.png
shen_yinmo_08,shen_yinmo,遂,Fonts/my_fonts/08/char_0203.png
shen_yinmo_08,shen_yinmo,遂,Fonts/my_fonts/08/char_0217.png
shen_yinmo_08,shen_yinmo,遂,Fonts/my_fonts/08/char_0489.png
shen_yinmo_08,shen_yinmo,遂,Fonts/my_fonts/08/char_0500.png
shen_yinmo_10,shen_yinmo,遂,Fonts/my_fonts/10/char_0140.png
shen_yinmo_10,shen_yinmo,遂,Fonts/my_fonts/10/char_0226.png
shen_yinmo_10,shen_yinmo,遂,Fonts/my_fonts/10/char_0240.png
shen_yinmo_10,shen_yinmo,遂,Fonts/my_fonts/10/char_0499.png
shen_yinmo_10,shen_yinmo,遂,Fonts/my_fonts/10/char_0510.png
shen_yinmo_01,shen_yinmo,侔,Fonts/my_fonts/01/font_00_0388.png
zhao_mengfu_04,zhao_mengfu,侔,Fonts/my_fonts/04/char_0121.png
shen_yinmo_01,shen_yinmo,恪,Fonts/my_fonts/01/font_00_0393.png
zhao_mengfu_04,zhao_mengfu,恪,Fonts/my_fonts/04/char_0467.png
shen_yinmo_01,shen_yinmo,丕,Fonts/my_fonts/01/font_00_0414.png
ouyang_xun_03,ouyang_xun,丕,Fonts/my_fonts/03/char_0804.png
yu_shinan_06,yu_shinan,丕,Fonts/my_fonts/06/char_0061.png
shen_yinmo_01,shen_yinmo,夭,Fonts/my_fonts/01/font_00_0446.png
liu_gongquan_02,liu_gongquan,夭,Fonts/my_fonts/02/char_1297.png
shen_yinmo_01,shen_yinmo,慧,Fonts/my_fonts/01/font_00_0458.png
yan_zhenqing_07,yan_zhenqing,慧,Fonts/my_fonts/07/char_1183.png
yan_zhenqing_07,yan_zhenqing,慧,Fonts/my_fonts/07/char_1673.png
yan_zhenqing_07,yan_zhenqing,慧,Fonts/my_fonts/07/char_1712.png
yan_zhenqing_07,yan_zhenqing,慧,Fonts/my_fonts/07/char_1752.png
yan_zhenqing_07,yan_zhenqing,慧,Fonts/my_fonts/07/char_1945.png
shen_yinmo_01,shen_yinmo,復,Fonts/my_fonts/01/font_00_0462.png
zhao_mengfu_04,zhao_mengfu,復,Fonts/my_fonts/04/char_0256.png
zhao_mengfu_04,zhao_mengfu,復,Fonts/my_fonts/04/char_0318.png
yan_zhenqing_07,yan_zhenqing,復,Fonts/my_fonts/07/char_0432.png
yan_zhenqing_07,yan_zhenqing,復,Fonts/my_fonts/07/char_1310.png
shen_yinmo_09,shen_yinmo,復,Fonts/my_fonts/09/char_0058.png
shen_yinmo_10,shen_yinmo,復,Fonts/my_fonts/10/char_0285.png
shen_yinmo_10,shen_yinmo,復,Fonts/my_fonts/10/char_0312.png
shen_yinmo_01,shen_yinmo,久,Fonts/my_fonts/01/font_00_0471.png
shen_yinmo_01,shen_yinmo,久,Fonts/my_fonts/01/font_00_0529.png
yu_shinan_06,yu_shinan,久,Fonts/my_fonts/06/char_0040.png
yan_zhenqing_07,yan_zhenqing,久,Fonts/my_fonts/07/char_0116.png
yan_zhenqing_07,yan_zhenqing,久,Fonts/my_fonts/07/char_0411.png
yan_zhenqing_07,yan_zhenqing,久,Fonts/my_fonts/07/char_1457.png
yan_zhenqing_07,yan_zhenqing,久,Fonts/my_fonts/07/char_1559.png
shen_yinmo_01,shen_yinmo,爰,Fonts/my_fonts/01/font_00_0487.png
shen_yinmo_01,shen_yinmo,爰,Fonts/my_fonts/01/font_00_0854.png
ouyang_xun_03,ouyang_xun,爰,Fonts/my_fonts/03/char_0172.png
ouyang_xun_03,ouyang_xun,爰,Fonts/my_fonts/03/char_0300.png
ouyang_xun_03,ouyang_xun,爰,Fonts/my_fonts/03/char_0830.png
zhao_mengfu_04,zhao_mengfu,爰,Fonts/my_fonts/04/char_0156.png
yu_shinan_06,yu_shinan,爰,Fonts/my_fonts/06/char_0099.png
shen_yinmo_01,shen_yinmo,請,Fonts/my_fonts/01/font_00_0488.png
ouyang_xun_03,ouyang_xun,請,Fonts/my_fonts/03/char_0310.png
yan_zhenqing_07,yan_zhenqing,請,Fonts/my_fonts/07/char_0768.png
shen_yinmo_01,shen_yinmo,三,Fonts/my_fonts/01/font_00_0499.png
shen_yinmo_01,shen_yinmo,三,Fonts/my_fonts/01/font_00_0586.png
liu_gongquan_02,liu_gongquan,三,Fonts/my_fonts/02/char_0384.png
liu_gongquan_02,liu_gongquan,三,Fonts/my_fonts/02/char_0442.png
liu_gongquan_02,liu_gongquan,三,Fonts/my_fonts/02/char_0785.png
liu_gongquan_02,liu_gongquan,三,Fonts/my_fonts/02/char_0804.png
liu_gongquan_02,liu_gongquan,三,Fonts/my_fonts/02/char_1070.png
liu_gongquan_02,liu_gongquan,三,Fonts/my_fonts/02/char_1467.png
ouyang_xun_03,ouyang_xun,三,Fonts/my_fonts/03/char_0866.png
ouyang_xun_03,ouyang_xun,三,Fonts/my_fonts/03/char_0979.png
zhao_mengfu_04,zhao_mengfu,三,Fonts/my_fonts/04/char_0098.png
zhao_mengfu_04,zhao_mengfu,三,Fonts/my_fonts/04/char_0219.png
yan_zhenqing_07,yan_zhenqing,三,Fonts/my_fonts/07/char_0580.png
yan_zhenqing_07,yan_zhenqing,三,Fonts/my_fonts/07/char_0906.png
yan_zhenqing_07,yan_zhenqing,三,Fonts/my_fonts/07/char_0925.png
yan_zhenqing_07,yan_zhenqing,三,Fonts/my_fonts/07/char_0944.png
yan_zhenqing_07,yan_zhenqing,三,Fonts/my_fonts/07/char_1025.png
yan_zhenqing_07,yan_zhenqing,三,Fonts/my_fonts/07/char_1087.png
yan_zhenqing_07,yan_zhenqing,三,Fonts/my_fonts/07/char_1382.png
yan_zhenqing_07,yan_zhenqing,三,Fonts/my_fonts/07/char_1425.png
yan_zhenqing_07,yan_zhenqing,三,Fonts/my_fonts/07/char_1437.png
yan_zhenqing_07,yan_zhenqing,三,Fonts/my_fonts/07/char_1518.png
yan_zhenqing_07,yan_zhenqing,三,Fonts/my_fonts/07/char_1554.png
shen_yinmo_09,shen_yinmo,三,Fonts/my_fonts/09/char_0182.png
shen_yinmo_09,shen_yinmo,三,Fonts/my_fonts/09/char_0199.png
shen_yinmo_09,shen_yinmo,三,Fonts/my_fonts/09/char_0201.png
shen_yinmo_10,shen_yinmo,三,Fonts/my_fonts/10/char_0141.png
shen_yinmo_10,shen_yinmo,三,Fonts/my_fonts/10/char_0157.png
shen_yinmo_10,shen_yinmo,三,Fonts/my_fonts/10/char_0519.png
shen_yinmo_01,shen_yinmo,壯,Fonts/my_fonts/01/font_00_0504.png
ouyang_xun_03,ouyang_xun,壯,Fonts/my_fonts/03/char_0412.png
yan_zhenqing_07,yan_zhenqing,壯,Fonts/my_fonts/07/char_0521.png
shen_yinmo_01,shen_yinmo,齒,Fonts/my_fonts/01/font_00_0513.png
yan_zhenqing_07,yan_zhenqing,齒,Fonts/my_fonts/07/char_1590.png
shen_yinmo_01,shen_yinmo,尚,Fonts/my_fonts/01/font_00_0514.png
shen_yinmo_01,shen_yinmo,尚,Fonts/my_fonts/01/font_00_0779.png
shen_yinmo_01,shen_yinmo,尚,Fonts/my_fonts/01/font_00_0892.png
ouyang_xun_03,ouyang_xun,尚,Fonts/my_fonts/03/char_0168.png
yu_shinan_06,yu_shinan,尚,Fonts/my_fonts/06/char_0022.png
yu_shinan_06,yu_shinan,尚,Fonts/my_fonts/06/char_0341.png
yan_zhenqing_07,yan_zhenqing,尚,Fonts/my_fonts/07/char_0025.png
yan_zhenqing_07,yan_zhenqing,尚,Fonts/my_fonts/07/char_0044.png
shen_yinmo_01,shen_yinmo,稚,Fonts/my_fonts/01/font_00_0515.png
liu_gongquan_02,liu_gongquan,稚,Fonts/my_fonts/02/char_1441.png
shen_yinmo_01,shen_yinmo,曜,Fonts/my_fonts/01/font_00_0528.png
liu_gongquan_02,liu_gongquan,曜,Fonts/my_fonts/02/char_0989.png
liu_gongquan_02,liu_gongquan,曜,Fonts/my_fonts/02/char_1506.png
shen_yinmo_01,shen_yinmo,翼,Fonts/my_fonts/01/font_00_0536.png
yan_zhenqing_07,yan_zhenqing,翼,Fonts/my_fonts/07/char_1822.png
yan_zhenqing_07,yan_zhenqing,翼,Fonts/my_fonts/07/char_1823.png
shen_yinmo_08,shen_yinmo,翼,Fonts/my_fonts/08/char_0106.png
shen_yinmo_08,shen_yinmo,翼,Fonts/my_fonts/08/char_0115.png
shen_yinmo_08,shen_yinmo,翼,Fonts/my_fonts/08/char_0185.png
shen_yinmo_08,shen_yinmo,翼,Fonts/my_fonts/08/char_0208.png
shen_yinmo_10,shen_yinmo,翼,Fonts/my_fonts/10/char_0123.png
shen_yinmo_10,shen_yinmo,翼,Fonts/my_fonts/10/char_0128.png
shen_yinmo_10,shen_yinmo,翼,Fonts/my_fonts/10/char_0139.png
shen_yinmo_10,shen_yinmo,翼,Fonts/my_fonts/10/char_0231.png
shen_yinmo_01,shen_yinmo,謀,Fonts/my_fonts/01/font_00_0537.png
liu_gongquan_02,liu_gongquan,謀,Fonts/my_fonts/02/char_1243.png
liu_gongquan_02,liu_gongquan,謀,Fonts/my_fonts/02/char_1584.png
shen_yinmo_10,shen_yinmo,謀,Fonts/my_fonts/10/char_0037.png
shen_yinmo_01,shen_yinmo,澤,Fonts/my_fonts/01/font_00_0546.png
ouyang_xun_03,ouyang_xun,澤,Fonts/my_fonts/03/char_0614.png
shen_yinmo_01,shen_yinmo,督,Fonts/my_fonts/01/font_00_0554.png
liu_gongquan_02,liu_gongquan,督,Fonts/my_fonts/02/char_0012.png
liu_gongquan_02,liu_gongquan,督,Fonts/my_fonts/02/char_0627.png
shen_yinmo_01,shen_yinmo,就,Fonts/my_fonts/01/font_00_0583.png
shen_yinmo_01,shen_yinmo,就,Fonts/my_fonts/01/font_00_0718.png
shen_yinmo_01,shen_yinmo,就,Fonts/my_fonts/01/font_00_0855.png
yan_zhenqing_07,yan_zhenqing,就,Fonts/my_fonts/07/char_0766.png
yan_zhenqing_07,yan_zhenqing,就,Fonts/my_fonts/07/char_1787.png
shen_yinmo_01,shen_yinmo,膺,Fonts/my_fonts/01/font_00_0591.png
ouyang_xun_03,ouyang_xun,膺,Fonts/my_fonts/03/char_0847.png
shen_yinmo_01,shen_yinmo,抱,Fonts/my_fonts/01/font_00_0592.png
yan_zhenqing_07,yan_zhenqing,抱,Fonts/my_fonts/07/char_1324.png
yan_zhenqing_07,yan_zhenqing,抱,Fonts/my_fonts/07/char_1618.png
shen_yinmo_01,shen_yinmo,孚,Fonts/my_fonts/01/font_00_0602.png
yan_zhenqing_07,yan_zhenqing,孚,Fonts/my_fonts/07/char_0607.png
shen_yinmo_01,shen_yinmo,瑞,Fonts/my_fonts/01/font_00_0607.png
shen_yinmo_01,shen_yinmo,瑞,Fonts/my_fonts/01/font_00_0616.png
ouyang_xun_03,ouyang_xun,瑞,Fonts/my_fonts/03/char_0680.png
yu_shinan_06,yu_shinan,瑞,Fonts/my_fonts/06/char_0082.png
shen_yinmo_01,shen_yinmo,浙,Fonts/my_fonts/01/font_00_0610.png
zhao_mengfu_04,zhao_mengfu,浙,Fonts/my_fonts/04/char_0482.png
shen_yinmo_01,shen_yinmo,紀,Fonts/my_fonts/01/font_00_0623.png
ouyang_xun_03,ouyang_xun,紀,Fonts/my_fonts/03/char_0888.png
ouyang_xun_03,ouyang_xun,紀,Fonts/my_fonts/03/char_0972.png
zhao_mengfu_04,zhao_mengfu,紀,Fonts/my_fonts/04/char_0160.png
shen_yinmo_01,shen_yinmo,各,Fonts/my_fonts/01/font_00_0630.png
liu_gongquan_02,liu_gongquan,各,Fonts/my_fonts/02/char_0270.png
shen_yinmo_01,shen_yinmo,謬,Fonts/my_fonts/01/font_00_0632.png
yan_zhenqing_07,yan_zhenqing,謬,Fonts/my_fonts/07/char_1920.png
shen_yinmo_01,shen_yinmo,採,Fonts/my_fonts/01/font_00_0633.png
liu_gongquan_02,liu_gongquan,採,Fonts/my_fonts/02/char_1154.png
shen_yinmo_01,shen_yinmo,或,Fonts/my_fonts/01/font_00_0640.png
shen_yinmo_01,shen_yinmo,或,Fonts/my_fonts/01/font_00_0645.png
zhao_mengfu_04,zhao_mengfu,或,Fonts/my_fonts/04/char_0300.png
yan_zhenqing_07,yan_zhenqing,或,Fonts/my_fonts/07/char_1309.png
yan_zhenqing_07,yan_zhenqing,或,Fonts/my_fonts/07/char_1634.png
yan_zhenqing_07,yan_zhenqing,或,Fonts/my_fonts/07/char_1639.png
shen_yinmo_08,shen_yinmo,或,Fonts/my_fonts/08/char_0510.png
shen_yinmo_10,shen_yinmo,或,Fonts/my_fonts/10/char_0520.png
shen_yinmo_01,shen_yinmo,監,Fonts/my_fonts/01/font_00_0648.png
liu_gongquan_02,liu_gongquan,監,Fonts/my_fonts/02/char_0418.png
liu_gongquan_02,liu_gongquan,監,Fonts/my_fonts/02/char_0484.png
liu_gongquan_02,liu_gongquan,監,Fonts/my_fonts/02/char_0495.png
liu_gongquan_02,liu_gongquan,監,Fonts/my_fonts/02/char_0547.png
liu_gongquan_02,liu_gongquan,監,Fonts/my_fonts/02/char_0553.png
liu_gongquan_02,liu_gongquan,監,Fonts/my_fonts/02/char_0795.png
liu_gongquan_02,liu_gongquan,監,Fonts/my_fonts/02/char_0811.png
liu_gongquan_02,liu_gongquan,監,Fonts/my_fonts/02/char_1489.png
ouyang_xun_03,ouyang_xun,監,Fonts/my_fonts/03/char_0009.png
shen_yinmo_01,shen_yinmo,負,Fonts/my_fonts/01/font_00_0650.png
yan_zhenqing_07,yan_zhenqing,負,Fonts/my_fonts/07/char_0490.png
yan_zhenqing_07,yan_zhenqing,負,Fonts/my_fonts/07/char_1300.png
shen_yinmo_01,shen_yinmo,冰,Fonts/my_fonts/01/font_00_0654.png
ouyang_xun_03,ouyang_xun,冰,Fonts/my_fonts/03/char_1009.png
yan_zhenqing_07,yan_zhenqing,冰,Fonts/my_fonts/07/char_1583.png
shen_yinmo_01,shen_yinmo,越,Fonts/my_fonts/01/font_00_0665.png
ouyang_xun_03,ouyang_xun,越,Fonts/my_fonts/03/char_0203.png
yu_shinan_06,yu_shinan,越,Fonts/my_fonts/06/char_0137.png
yu_shinan_06,yu_shinan,越,Fonts/my_fonts/06/char_0323.png
shen_yinmo_01,shen_yinmo,至,Fonts/my_fonts/01/font_00_0666.png
liu_gongquan_02,liu_gongquan,至,Fonts/my_fonts/02/char_1449.png
ouyang_xun_03,ouyang_xun,至,Fonts/my_fonts/03/char_0130.png
ouyang_xun_03,ouyang_xun,至,Fonts/my_fonts/03/char_0433.png
yan_zhenqing_07,yan_zhenqing,至,Fonts/my_fonts/07/char_0265.png
yan_zhenqing_07,yan_zhenqing,至,Fonts/my_fonts/07/char_0471.png
yan_zhenqing_07,yan_zhenqing,至,Fonts/my_fonts/07/char_0554.png
yan_zhenqing_07,yan_zhenqing,至,Fonts/my_fonts/07/char_0696.png
yan_zhenqing_07,yan_zhenqing,至,Fonts/my_fonts/07/char_0760.png
yan_zhenqing_07,yan_zhenqing,至,Fonts/my_fonts/07/char_0949.png
yan_zhenqing_07,yan_zhenqing,至,Fonts/my_fonts/07/char_1047.png
yan_zhenqing_07,yan_zhenqing,至,Fonts/my_fonts/07/char_1168.png
yan_zhenqing_07,yan_zhenqing,至,Fonts/my_fonts/07/char_1195.png
yan_zhenqing_07,yan_zhenqing,至,Fonts/my_fonts/07/char_1379.png
yan_zhenqing_07,yan_zhenqing,至,Fonts/my_fonts/07/char_1761.png
shen_yinmo_09,shen_yinmo,至,Fonts/my_fonts/09/char_0110.png
shen_yinmo_09,shen_yinmo,至,Fonts/my_fonts/09/char_0124.png
shen_yinmo_01,shen_yinmo,北,Fonts/my_fonts/01/font_00_0697.png
liu_gongquan_02,liu_gongquan,北,Fonts/my_fonts/02/char_0096.png
liu_gongquan_02,liu_gongquan,北,Fonts/my_fonts/02/char_0117.png
ouyang_xun_03,ouyang_xun,北,Fonts/my_fonts/03/char_0223.png
shen_yinmo_08,shen_yinmo,北,Fonts/my_fonts/08/char_0432.png
shen_yinmo_10,shen_yinmo,北,Fonts/my_fonts/10/char_0442.png
shen_yinmo_01,shen_yinmo,繼,Fonts/my_fonts/01/font_00_0702.png
yan_zhenqing_07,yan_zhenqing,繼,Fonts/my_fonts/07/char_1467.png
shen_yinmo_01,shen_yinmo,童,Fonts/my_fonts/01/font_00_0708.png
liu_gongquan_02,liu_gongquan,童,Fonts/my_fonts/02/char_0209.png
liu_gongquan_02,liu_gongquan,童,Fonts/my_fonts/02/char_0212.png
liu_gongquan_02,liu_gongquan,童,Fonts/my_fonts/02/char_1440.png
yan_zhenqing_07,yan_zhenqing,童,Fonts/my_fonts/07/char_0158.png
shen_yinmo_01,shen_yinmo,倪,Fonts/my_fonts/01/font_00_0709.png
zhao_mengfu_04,zhao_mengfu,倪,Fonts/my_fonts/04/char_0444.png
shen_yinmo_01,shen_yinmo,逮,Fonts/my_fonts/01/font_00_0721.png
ouyang_xun_03,ouyang_xun,逮,Fonts/my_fonts/03/char_0180.png
shen_yinmo_01,shen_yinmo,參,Fonts/my_fonts/01/font_00_0724.png
liu_gongquan_02,liu_gongquan,參,Fonts/my_fonts/02/char_0086.png
liu_gongquan_02,liu_gongquan,參,Fonts/my_fonts/02/char_0196.png
liu_gongquan_02,liu_gongquan,參,Fonts/my_fonts/02/char_0365.png
liu_gongquan_02,liu_gongquan,參,Fonts/my_fonts/02/char_0392.png
liu_gongquan_02,liu_gongquan,參,Fonts/my_fonts/02/char_0854.png
liu_gongquan_02,liu_gongquan,參,Fonts/my_fonts/02/char_0975.png
liu_gongquan_02,liu_gongquan,參,Fonts/my_fonts/02/char_1041.png
liu_gongquan_02,liu_gongquan,參,Fonts/my_fonts/02/char_1329.png
liu_gongquan_02,liu_gongquan,參,Fonts/my_fonts/02/char_1367.png
liu_gongquan_02,liu_gongquan,參,Fonts/my_fonts/02/char_1408.png
liu_gongquan_02,liu_gongquan,參,Fonts/my_fonts/02/char_1418.png
liu_gongquan_02,liu_gongquan,參,Fonts/my_fonts/02/char_1434.png
ouyang_xun_03,ouyang_xun,參,Fonts/my_fonts/03/char_0080.png
shen_yinmo_01,shen_yinmo,第,Fonts/my_fonts/01/font_00_0726.png
liu_gongquan_02,liu_gongquan,第,Fonts/my_fonts/02/char_1060.png
shen_yinmo_01,shen_yinmo,藉,Fonts/my_fonts/01/font_00_0737.png
liu_gongquan_02,liu_gongquan,藉,Fonts/my_fonts/02/char_1104.png
ouyang_xun_03,ouyang_xun,藉,Fonts/my_fonts/03/char_0253.png
shen_yinmo_01,shen_yinmo,尤,Fonts/my_fonts/01/font_00_0746.png
liu_gongquan_02,liu_gongquan,尤,Fonts/my_fonts/02/char_0134.png
liu_gongquan_02,liu_gongquan,尤,Fonts/my_fonts/02/char_0311.png
ouyang_xun_03,ouyang_xun,尤,Fonts/my_fonts/03/char_0129.png
yan_zhenqing_07,yan_zhenqing,尤,Fonts/my_fonts/07/char_1535.png
shen_yinmo_01,shen_yinmo,竊,Fonts/my_fonts/01/font_00_0758.png
yan_zhenqing_07,yan_zhenqing,竊,Fonts/my_fonts/07/char_0444.png
shen_yinmo_01,shen_yinmo,遞,Fonts/my_fonts/01/font_00_0766.png
yan_zhenqing_07,yan_zhenqing,遞,Fonts/my_fonts/07/char_0895.png
shen_yinmo_01,shen_yinmo,由,Fonts/my_fonts/01/font_00_0769.png
zhao_mengfu_04,zhao_mengfu,由,Fonts/my_fonts/04/char_0404.png
yu_shinan_06,yu_shinan,由,Fonts/my_fonts/06/char_0197.png
shen_yinmo_01,shen_yinmo,刊,Fonts/my_fonts/01/font_00_0772.png
liu_gongquan_02,liu_gongquan,刊,Fonts/my_fonts/02/char_0323.png
zhao_mengfu_04,zhao_mengfu,刊,Fonts/my_fonts/04/char_0385.png
shen_yinmo_01,shen_yinmo,儉,Fonts/my_fonts/01/font_00_0777.png
ouyang_xun_03,ouyang_xun,儉,Fonts/my_fonts/03/char_0423.png
shen_yinmo_01,shen_yinmo,顯,Fonts/my_fonts/01/font_00_0792.png
shen_yinmo_01,shen_yinmo,顯,Fonts/my_fonts/01/font_00_0881.png
ouyang_xun_03,ouyang_xun,顯,Fonts/my_fonts/03/char_0805.png
shen_yinmo_01,shen_yinmo,揚,Fonts/my_fonts/01/font_00_0793.png
liu_gongquan_02,liu_gongquan,揚,Fonts/my_fonts/02/char_1458.png
ouyang_xun_03,ouyang_xun,揚,Fonts/my_fonts/03/char_0579.png
shen_yinmo_01,shen_yinmo,未,Fonts/my_fonts/01/font_00_0794.png
liu_gongquan_02,liu_gongquan,未,Fonts/my_fonts/02/char_1442.png
ouyang_xun_03,ouyang_xun,未,Fonts/my_fonts/03/char_0336.png
ouyang_xun_03,ouyang_xun,未,Fonts/my_fonts/03/char_0887.png
zhao_mengfu_04,zhao_mengfu,未,Fonts/my_fonts/04/char_0335.png
zhao_mengfu_04,zhao_mengfu,未,Fonts/my_fonts/04/char_0399.png
yan_zhenqing_07,yan_zhenqing,未,Fonts/my_fonts/07/char_0867.png
yan_zhenqing_07,yan_zhenqing,未,Fonts/my_fonts/07/char_1603.png
yan_zhenqing_07,yan_zhenqing,未,Fonts/my_fonts/07/char_1843.png
shen_yinmo_01,shen_yinmo,頃,Fonts/my_fonts/01/font_00_0803.png
liu_gongquan_02,liu_gongquan,頃,Fonts/my_fonts/02/char_1319.png
shen_yinmo_01,shen_yinmo,影,Fonts/my_fonts/01/font_00_0813.png
yan_zhenqing_07,yan_zhenqing,影,Fonts/my_fonts/07/char_1037.png
shen_yinmo_01,shen_yinmo,緬,Fonts/my_fonts/01/font_00_0815.png
yan_zhenqing_07,yan_zhenqing,緬,Fonts/my_fonts/07/char_1776.png
shen_yinmo_01,shen_yinmo,但,Fonts/my_fonts/01/font_00_0835.png
ouyang_xun_03,ouyang_xun,但,Fonts/my_fonts/03/char_0806.png
shen_yinmo_08,shen_yinmo,但,Fonts/my_fonts/08/char_0094.png
shen_yinmo_08,shen_yinmo,但,Fonts/my_fonts/08/char_0345.png
shen_yinmo_10,shen_yinmo,但,Fonts/my_fonts/10/char_0115.png
shen_yinmo_10,shen_yinmo,但,Fonts/my_fonts/10/char_0356.png
shen_yinmo_01,shen_yinmo,祇,Fonts/my_fonts/01/font_00_0858.png
yan_zhenqing_07,yan_zhenqing,祇,Fonts/my_fonts/07/char_1303.png
shen_yinmo_01,shen_yinmo,瑣,Fonts/my_fonts/01/font_00_0870.png
ouyang_xun_03,ouyang_xun,瑣,Fonts/my_fonts/03/char_0573.png
shen_yinmo_01,shen_yinmo,保,Fonts/my_fonts/01/font_00_0884.png
liu_gongquan_02,liu_gongquan,保,Fonts/my_fonts/02/char_0841.png
liu_gongquan_02,liu_gongquan,保,Fonts/my_fonts/02/char_0985.png
liu_gongquan_02,liu_gongquan,保,Fonts/my_fonts/02/char_1491.png
ouyang_xun_03,ouyang_xun,保,Fonts/my_fonts/03/char_1082.png
liu_gongquan_02,liu_gongquan,秘,Fonts/my_fonts/02/char_0003.png
liu_gongquan_02,liu_gongquan,秘,Fonts/my_fonts/02/char_0264.png
liu_gongquan_02,liu_gongquan,秘,Fonts/my_fonts/02/char_0315.png
liu_gongquan_02,liu_gongquan,秘,Fonts/my_fonts/02/char_0348.png
liu_gongquan_02,liu_gongquan,秘,Fonts/my_fonts/02/char_0379.png
liu_gongquan_02,liu_gongquan,秘,Fonts/my_fonts/02/char_0473.png
liu_gongquan_02,liu_gongquan,秘,Fonts/my_fonts/02/char_0482.png
liu_gongquan_02,liu_gongquan,秘,Fonts/my_fonts/02/char_0809.png
yan_zhenqing_07,yan_zhenqing,秘,Fonts/my_fonts/07/char_0064.png
yan_zhenqing_07,yan_zhenqing,秘,Fonts/my_fonts/07/char_1354.png
yan_zhenqing_07,yan_zhenqing,秘,Fonts/my_fonts/07/char_1626.png
liu_gongquan_02,liu_gongquan,郎,Fonts/my_fonts/02/char_0008.png
liu_gongquan_02,liu_gongquan,郎,Fonts/my_fonts/02/char_0103.png
liu_gongquan_02,liu_gongquan,郎,Fonts/my_fonts/02/char_0216.png
liu_gongquan_02,liu_gongquan,郎,Fonts/my_fonts/02/char_0353.png
liu_gongquan_02,liu_gongquan,郎,Fonts/my_fonts/02/char_0403.png
liu_gongquan_02,liu_gongquan,郎,Fonts/my_fonts/02/char_0478.png
liu_gongquan_02,liu_gongquan,郎,Fonts/my_fonts/02/char_0490.png
liu_gongquan_02,liu_gongquan,郎,Fonts/my_fonts/02/char_0723.png
liu_gongquan_02,liu_gongquan,郎,Fonts/my_fonts/02/char_1072.png
liu_gongquan_02,liu_gongquan,郎,Fonts/my_fonts/02/char_1123.png
liu_gongquan_02,liu_gongquan,郎,Fonts/my_fonts/02/char_1304.png
liu_gongquan_02,liu_gongquan,郎,Fonts/my_fonts/02/char_1404.png
yan_zhenqing_07,yan_zhenqing,郎,Fonts/my_fonts/07/char_0023.png
yan_zhenqing_07,yan_zhenqing,郎,Fonts/my_fonts/07/char_0031.png
yan_zhenqing_07,yan_zhenqing,郎,Fonts/my_fonts/07/char_0048.png
liu_gongquan_02,liu_gongquan,曾,Fonts/my_fonts/02/char_0024.png
liu_gongquan_02,liu_gongquan,曾,Fonts/my_fonts/02/char_0076.png
liu_gongquan_02,liu_gongquan,曾,Fonts/my_fonts/02/char_0873.png
liu_gongquan_02,liu_gongquan,曾,Fonts/my_fonts/02/char_1018.png
liu_gongquan_02,liu_gongquan,曾,Fonts/my_fonts/02/char_1268.png
zhao_mengfu_04,zhao_mengfu,曾,Fonts/my_fonts/04/char_0168.png
yu_shinan_06,yu_shinan,曾,Fonts/my_fonts/06/char_0179.png
liu_gongquan_02,liu_gongquan,開,Fonts/my_fonts/02/char_0028.png
liu_gongquan_02,liu_gongquan,開,Fonts/my_fonts/02/char_0944.png
liu_gongquan_02,liu_gongquan,開,Fonts/my_fonts/02/char_1238.png
ouyang_xun_03,ouyang_xun,開,Fonts/my_fonts/03/char_0889.png
zhao_mengfu_04,zhao_mengfu,開,Fonts/my_fonts/04/char_0057.png
yu_shinan_06,yu_shinan,開,Fonts/my_fonts/06/char_0130.png
yan_zhenqing_07,yan_zhenqing,開,Fonts/my_fonts/07/char_0448.png
yan_zhenqing_07,yan_zhenqing,開,Fonts/my_fonts/07/char_1349.png
yan_zhenqing_07,yan_zhenqing,開,Fonts/my_fonts/07/char_1482.png
yan_zhenqing_07,yan_zhenqing,開,Fonts/my_fonts/07/char_1646.png
yan_zhenqing_07,yan_zhenqing,開,Fonts/my_fonts/07/char_1889.png
liu_gongquan_02,liu_gongquan,真,Fonts/my_fonts/02/char_0031.png
liu_gongquan_02,liu_gongquan,真,Fonts/my_fonts/02/char_0712.png
liu_gongquan_02,liu_gongquan,真,Fonts/my_fonts/02/char_1091.png
liu_gongquan_02,liu_gongquan,真,Fonts/my_fonts/02/char_1116.png
liu_gongquan_02,liu_gongquan,真,Fonts/my_fonts/02/char_1600.png
zhao_mengfu_04,zhao_mengfu,真,Fonts/my_fonts/04/char_0429.png
yan_zhenqing_07,yan_zhenqing,真,Fonts/my_fonts/07/char_0035.png
yan_zhenqing_07,yan_zhenqing,真,Fonts/my_fonts/07/char_1217.png
yan_zhenqing_07,yan_zhenqing,真,Fonts/my_fonts/07/char_1451.png
yan_zhenqing_07,yan_zhenqing,真,Fonts/my_fonts/07/char_1665.png
yan_zhenqing_07,yan_zhenqing,真,Fonts/my_fonts/07/char_1666.png
yan_zhenqing_07,yan_zhenqing,真,Fonts/my_fonts/07/char_1748.png
yan_zhenqing_07,yan_zhenqing,真,Fonts/my_fonts/07/char_1808.png
yan_zhenqing_07,yan_zhenqing,真,Fonts/my_fonts/07/char_1855.png
shen_yinmo_08,shen_yinmo,真,Fonts/my_fonts/08/char_0220.png
shen_yinmo_09,shen_yinmo,真,Fonts/my_fonts/09/char_0234.png
shen_yinmo_10,shen_yinmo,真,Fonts/my_fonts/10/char_0244.png
liu_gongquan_02,liu_gongquan,撰,Fonts/my_fonts/02/char_0033.png
liu_gongquan_02,liu_gongquan,撰,Fonts/my_fonts/02/char_0715.png
liu_gongquan_02,liu_gongquan,撰,Fonts/my_fonts/02/char_1619.png
ouyang_xun_03,ouyang_xun,撰,Fonts/my_fonts/03/char_0023.png
yan_zhenqing_07,yan_zhenqing,撰,Fonts/my_fonts/07/char_0020.png
liu_gongquan_02,liu_gongquan,勤,Fonts/my_fonts/02/char_0038.png
ouyang_xun_03,ouyang_xun,勤,Fonts/my_fonts/03/char_0857.png
yan_zhenqing_07,yan_zhenqing,勤,Fonts/my_fonts/07/char_0295.png
yan_zhenqing_07,yan_zhenqing,勤,Fonts/my_fonts/07/char_1775.png
liu_gongquan_02,liu_gongquan,琅,Fonts/my_fonts/02/char_0042.png
yan_zhenqing_07,yan_zhenqing,琅,Fonts/my_fonts/07/char_0032.png
yan_zhenqing_07,yan_zhenqing,琅,Fonts/my_fonts/07/char_1271.png
liu_gongquan_02,liu_gongquan,邪,Fonts/my_fonts/02/char_0043.png
yan_zhenqing_07,yan_zhenqing,邪,Fonts/my_fonts/07/char_0033.png
liu_gongquan_02,liu_gongquan,祖,Fonts/my_fonts/02/char_0048.png
liu_gongquan_02,liu_gongquan,祖,Fonts/my_fonts/02/char_0077.png
liu_gongquan_02,liu_gongquan,祖,Fonts/my_fonts/02/char_0092.png
yan_zhenqing_07,yan_zhenqing,祖,Fonts/my_fonts/07/char_0102.png
yan_zhenqing_07,yan_zhenqing,祖,Fonts/my_fonts/07/char_1470.png
liu_gongquan_02,liu_gongquan,齊,Fonts/my_fonts/02/char_0052.png
liu_gongquan_02,liu_gongquan,齊,Fonts/my_fonts/02/char_0073.png
liu_gongquan_02,liu_gongquan,齊,Fonts/my_fonts/02/char_0097.png
liu_gongquan_02,liu_gongquan,齊,Fonts/my_fonts/02/char_0109.png
liu_gongquan_02,liu_gongquan,齊,Fonts/my_fonts/02/char_0167.png
liu_gongquan_02,liu_gongquan,齊,Fonts/my_fonts/02/char_0493.png
shen_yinmo_08,shen_yinmo,齊,Fonts/my_fonts/08/char_0265.png
shen_yinmo_10,shen_yinmo,齊,Fonts/my_fonts/10/char_0109.png
liu_gongquan_02,liu_gongquan,丞,Fonts/my_fonts/02/char_0056.png
liu_gongquan_02,liu_gongquan,丞,Fonts/my_fonts/02/char_0825.png
liu_gongquan_02,liu_gongquan,丞,Fonts/my_fonts/02/char_0914.png
liu_gongquan_02,liu_gongquan,丞,Fonts/my_fonts/02/char_0928.png
liu_gongquan_02,liu_gongquan,丞,Fonts/my_fonts/02/char_0964.png
liu_gongquan_02,liu_gongquan,丞,Fonts/my_fonts/02/char_1363.png
yan_zhenqing_07,yan_zhenqing,丞,Fonts/my_fonts/07/char_2000.png
liu_gongquan_02,liu_gongquan,梁,Fonts/my_fonts/02/char_0057.png
liu_gongquan_02,liu_gongquan,梁,Fonts/my_fonts/02/char_0072.png
liu_gongquan_02,liu_gongquan,梁,Fonts/my_fonts/02/char_0080.png
shen_yinmo_08,shen_yinmo,梁,Fonts/my_fonts/08/char_0451.png
shen_yinmo_10,shen_yinmo,梁,Fonts/my_fonts/10/char_0461.png
liu_gongquan_02,liu_gongquan,一,Fonts/my_fonts/02/char_0066.png
liu_gongquan_02,liu_gongquan,一,Fonts/my_fonts/02/char_0272.png
liu_gongquan_02,liu_gongquan,一,Fonts/my_fonts/02/char_0330.png
liu_gongquan_02,liu_gongquan,一,Fonts/my_fonts/02/char_0370.png
liu_gongquan_02,liu_gongquan,一,Fonts/my_fonts/02/char_0580.png
ouyang_xun_03,ouyang_xun,一,Fonts/my_fonts/03/char_0260.png
ouyang_xun_03,ouyang_xun,一,Fonts/my_fonts/03/char_0323.png
ouyang_xun_03,ouyang_xun,一,Fonts/my_fonts/03/char_0474.png
ouyang_xun_03,ouyang_xun,一,Fonts/my_fonts/03/char_0548.png
zhao_mengfu_04,zhao_mengfu,一,Fonts/my_fonts/04/char_0114.png
yan_zhenqing_07,yan_zhenqing,一,Fonts/my_fonts/07/char_0313.png
yan_zhenqing_07,yan_zhenqing,一,Fonts/my_fonts/07/char_0385.png
yan_zhenqing_07,yan_zhenqing,一,Fonts/my_fonts/07/char_0629.png
yan_zhenqing_07,yan_zhenqing,一,Fonts/my_fonts/07/char_0879.png
yan_zhenqing_07,yan_zhenqing,一,Fonts/my_fonts/07/char_0962.png
yan_zhenqing_07,yan_zhenqing,一,Fonts/my_fonts/07/char_0976.png
yan_zhenqing_07,yan_zhenqing,一,Fonts/my_fonts/07/char_1007.png
yan_zhenqing_07,yan_zhenqing,一,Fonts/my_fonts/07/char_1012.png
yan_zhenqing_07,yan_zhenqing,一,Fonts/my_fonts/07/char_1019.png
yan_zhenqing_07,yan_zhenqing,一,Fonts/my_fonts/07/char_1082.png
yan_zhenqing_07,yan_zhenqing,一,Fonts/my_fonts/07/char_1097.png
yan_zhenqing_07,yan_zhenqing,一,Fonts/my_fonts/07/char_1126.png
yan_zhenqing_07,yan_zhenqing,一,Fonts/my_fonts/07/char_1486.png
yan_zhenqing_07,yan_zhenqing,一,Fonts/my_fonts/07/char_1525.png
yan_zhenqing_07,yan_zhenqing,一,Fonts/my_fonts/07/char_1964.png
shen_yinmo_08,shen_yinmo,一,Fonts/my_fonts/08/char_0144.png
shen_yinmo_09,shen_yinmo,一,Fonts/my_fonts/09/char_0030.png
shen_yinmo_09,shen_yinmo,一,Fonts/my_fonts/09/char_0231.png
shen_yinmo_10,shen_yinmo,一,Fonts/my_fonts/10/char_0154.png
shen_yinmo_10,shen_yinmo,一,Fonts/my_fonts/10/char_0163.png
shen_yinmo_10,shen_yinmo,一,Fonts/my_fonts/10/char_0173.png
shen_yinmo_10,shen_yinmo,一,Fonts/my_fonts/10/char_0184.png
shen_yinmo_10,shen_yinmo,一,Fonts/my_fonts/10/char_0194.png
shen_yinmo_10,shen_yinmo,一,Fonts/my_fonts/10/char_0208.png
shen_yinmo_10,shen_yinmo,一,Fonts/my_fonts/10/char_0376.png
liu_gongquan_02,liu_gongquan,絕,Fonts/my_fonts/02/char_0069.png
liu_gongquan_02,liu_gongquan,絕,Fonts/my_fonts/02/char_0980.png
liu_gongquan_02,liu_gongquan,絕,Fonts/my_fonts/02/char_1482.png
ouyang_xun_03,ouyang_xun,絕,Fonts/my_fonts/03/char_0054.png
ouyang_xun_03,ouyang_xun,絕,Fonts/my_fonts/03/char_0861.png
yu_shinan_06,yu_shinan,絕,Fonts/my_fonts/06/char_0263.png
yan_zhenqing_07,yan_zhenqing,絕,Fonts/my_fonts/07/char_0150.png
liu_gongquan_02,liu_gongquan,記,Fonts/my_fonts/02/char_0084.png
liu_gongquan_02,liu_gongquan,記,Fonts/my_fonts/02/char_0194.png
ouyang_xun_03,ouyang_xun,記,Fonts/my_fonts/03/char_0705.png
ouyang_xun_03,ouyang_xun,記,Fonts/my_fonts/03/char_0809.png
zhao_mengfu_04,zhao_mengfu,記,Fonts/my_fonts/04/char_0258.png
yan_zhenqing_07,yan_zhenqing,記,Fonts/my_fonts/07/char_0647.png
liu_gongquan_02,liu_gongquan,室,Fonts/my_fonts/02/char_0085.png
liu_gongquan_02,liu_gongquan,室,Fonts/my_fonts/02/char_0195.png
liu_gongquan_02,liu_gongquan,室,Fonts/my_fonts/02/char_0596.png
ouyang_xun_03,ouyang_xun,室,Fonts/my_fonts/03/char_0303.png
ouyang_xun_03,ouyang_xun,室,Fonts/my_fonts/03/char_0409.png
shen_yinmo_10,shen_yinmo,室,Fonts/my_fonts/10/char_0537.png
liu_gongquan_02,liu_gongquan,隋,Fonts/my_fonts/02/char_0104.png
liu_gongquan_02,liu_gongquan,隋,Fonts/my_fonts/02/char_0139.png
liu_gongquan_02,liu_gongquan,隋,Fonts/my_fonts/02/char_0235.png
ouyang_xun_03,ouyang_xun,隋,Fonts/my_fonts/03/char_0044.png
liu_gongquan_02,liu_gongquan,校,Fonts/my_fonts/02/char_0143.png
liu_gongquan_02,liu_gongquan,校,Fonts/my_fonts/02/char_0351.png
liu_gongquan_02,liu_gongquan,校,Fonts/my_fonts/02/char_0532.png
liu_gongquan_02,liu_gongquan,校,Fonts/my_fonts/02/char_1121.png
liu_gongquan_02,liu_gongquan,校,Fonts/my_fonts/02/char_1302.png
yan_zhenqing_07,yan_zhenqing,校,Fonts/my_fonts/07/char_0043.png
yan_zhenqing_07,yan_zhenqing,校,Fonts/my_fonts/07/char_1983.png
yan_zhenqing_07,yan_zhenqing,校,Fonts/my_fonts/07/char_2004.png
liu_gongquan_02,liu_gongquan,臻,Fonts/my_fonts/02/char_0158.png
liu_gongquan_02,liu_gongquan,臻,Fonts/my_fonts/02/char_0163.png
ouyang_xun_03,ouyang_xun,臻,Fonts/my_fonts/03/char_0251.png
yan_zhenqing_07,yan_zhenqing,臻,Fonts/my_fonts/07/char_1825.png
liu_gongquan_02,liu_gongquan,屈,Fonts/my_fonts/02/char_0165.png
shen_yinmo_08,shen_yinmo,屈,Fonts/my_fonts/08/char_0031.png
shen_yinmo_08,shen_yinmo,屈,Fonts/my_fonts/08/char_0170.png
shen_yinmo_10,shen_yinmo,屈,Fonts/my_fonts/10/char_0052.png
shen_yinmo_10,shen_yinmo,屈,Fonts/my_fonts/10/char_0201.png
liu_gongquan_02,liu_gongquan,加,Fonts/my_fonts/02/char_0179.png
liu_gongquan_02,liu_gongquan,加,Fonts/my_fonts/02/char_0198.png
liu_gongquan_02,liu_gongquan,加,Fonts/my_fonts/02/char_0419.png
liu_gongquan_02,liu_gongquan,加,Fonts/my_fonts/02/char_0454.png
liu_gongquan_02,liu_gongquan,加,Fonts/my_fonts/02/char_0635.png
ouyang_xun_03,ouyang_xun,加,Fonts/my_fonts/03/char_0295.png
yan_zhenqing_07,yan_zhenqing,加,Fonts/my_fonts/07/char_0837.png
liu_gongquan_02,liu_gongquan,逾,Fonts/my_fonts/02/char_0180.png
yan_zhenqing_07,yan_zhenqing,逾,Fonts/my_fonts/07/char_0781.png
liu_gongquan_02,liu_gongquan,太,Fonts/my_fonts/02/char_0184.png
liu_gongquan_02,liu_gongquan,太,Fonts/my_fonts/02/char_0333.png
liu_gongquan_02,liu_gongquan,太,Fonts/my_fonts/02/char_0414.png
liu_gongquan_02,liu_gongquan,太,Fonts/my_fonts/02/char_0517.png
liu_gongquan_02,liu_gongquan,太,Fonts/my_fonts/02/char_0536.png
liu_gongquan_02,liu_gongquan,太,Fonts/my_fonts/02/char_0788.png
liu_gongquan_02,liu_gongquan,太,Fonts/my_fonts/02/char_0826.png
liu_gongquan_02,liu_gongquan,太,Fonts/my_fonts/02/char_0838.png
liu_gongquan_02,liu_gongquan,太,Fonts/my_fonts/02/char_0926.png
liu_gongquan_02,liu_gongquan,太,Fonts/my_fonts/02/char_0932.png
liu_gongquan_02,liu_gongquan,太,Fonts/my_fonts/02/char_0982.png
liu_gongquan_02,liu_gongquan,太,Fonts/my_fonts/02/char_0984.png
liu_gongquan_02,liu_gongquan,太,Fonts/my_fonts/02/char_1180.png
liu_gongquan_02,liu_gongquan,太,Fonts/my_fonts/02/char_1338.png
ouyang_xun_03,ouyang_xun,太,Fonts/my_fonts/03/char_0666.png
ouyang_xun_03,ouyang_xun,太,Fonts/my_fonts/03/char_0670.png
ouyang_xun_03,ouyang_xun,太,Fonts/my_fonts/03/char_1086.png
yu_shinan_06,yu_shinan,太,Fonts/my_fonts/06/char_0101.png
shen_yinmo_08,shen_yinmo,太,Fonts/my_fonts/08/char_0191.png
liu_gongquan_02,liu_gongquan,選,Fonts/my_fonts/02/char_0190.png
liu_gongquan_02,liu_gongquan,選,Fonts/my_fonts/02/char_0277.png
yan_zhenqing_07,yan_zhenqing,選,Fonts/my_fonts/07/char_1341.png
yan_zhenqing_07,yan_zhenqing,選,Fonts/my_fonts/07/char_1638.png
liu_gongquan_02,liu_gongquan,呼,Fonts/my_fonts/02/char_0214.png
yan_zhenqing_07,yan_zhenqing,呼,Fonts/my_fonts/07/char_1553.png
liu_gongquan_02,liu_gongquan,俱,Fonts/my_fonts/02/char_0239.png
liu_gongquan_02,liu_gongquan,俱,Fonts/my_fonts/02/char_0262.png
liu_gongquan_02,liu_gongquan,俱,Fonts/my_fonts/02/char_1280.png
yu_shinan_06,yu_shinan,俱,Fonts/my_fonts/06/char_0194.png
yan_zhenqing_07,yan_zhenqing,俱,Fonts/my_fonts/07/char_1764.png
liu_gongquan_02,liu_gongquan,閣,Fonts/my_fonts/02/char_0265.png
liu_gongquan_02,liu_gongquan,閣,Fonts/my_fonts/02/char_0316.png
ouyang_xun_03,ouyang_xun,閣,Fonts/my_fonts/03/char_0067.png
ouyang_xun_03,ouyang_xun,閣,Fonts/my_fonts/03/char_0518.png
liu_gongquan_02,liu_gongquan,氏,Fonts/my_fonts/02/char_0283.png
liu_gongquan_02,liu_gongquan,氏,Fonts/my_fonts/02/char_0291.png
liu_gongquan_02,liu_gongquan,氏,Fonts/my_fonts/02/char_0684.png
ouyang_xun_03,ouyang_xun,氏,Fonts/my_fonts/03/char_0343.png
ouyang_xun_03,ouyang_xun,氏,Fonts/my_fonts/03/char_0966.png
zhao_mengfu_04,zhao_mengfu,氏,Fonts/my_fonts/04/char_0145.png
yan_zhenqing_07,yan_zhenqing,氏,Fonts/my_fonts/07/char_0115.png
liu_gongquan_02,liu_gongquan,識,Fonts/my_fonts/02/char_0303.png
liu_gongquan_02,liu_gongquan,識,Fonts/my_fonts/02/char_0921.png
yan_zhenqing_07,yan_zhenqing,識,Fonts/my_fonts/07/char_0205.png
shen_yinmo_09,shen_yinmo,識,Fonts/my_fonts/09/char_0056.png
shen_yinmo_09,shen_yinmo,識,Fonts/my_fonts/09/char_0091.png
shen_yinmo_09,shen_yinmo,識,Fonts/my_fonts/09/char_0113.png
liu_gongquan_02,liu_gongquan,弘,Fonts/my_fonts/02/char_0305.png
liu_gongquan_02,liu_gongquan,弘,Fonts/my_fonts/02/char_0433.png
liu_gongquan_02,liu_gongquan,弘,Fonts/my_fonts/02/char_0503.png
yan_zhenqing_07,yan_zhenqing,弘,Fonts/my_fonts/07/char_0083.png
yan_zhenqing_07,yan_zhenqing,弘,Fonts/my_fonts/07/char_1139.png
yan_zhenqing_07,yan_zhenqing,弘,Fonts/my_fonts/07/char_1265.png
yan_zhenqing_07,yan_zhenqing,弘,Fonts/my_fonts/07/char_1645.png
yan_zhenqing_07,yan_zhenqing,弘,Fonts/my_fonts/07/char_1781.png
liu_gongquan_02,liu_gongquan,篆,Fonts/my_fonts/02/char_0309.png
liu_gongquan_02,liu_gongquan,篆,Fonts/my_fonts/02/char_1025.png
zhao_mengfu_04,zhao_mengfu,篆,Fonts/my_fonts/04/char_0496.png
shen_yinmo_08,shen_yinmo,篆,Fonts/my_fonts/08/char_0302.png
shen_yinmo_10,shen_yinmo,篆,Fonts/my_fonts/10/char_0314.png
liu_gongquan_02,liu_gongquan,元,Fonts/my_fonts/02/char_0327.png
liu_gongquan_02,liu_gongquan,元,Fonts/my_fonts/02/char_0440.png
liu_gongquan_02,liu_gongquan,元,Fonts/my_fonts/02/char_0757.png
liu_gongquan_02,liu_gongquan,元,Fonts/my_fonts/02/char_1537.png
ouyang_xun_03,ouyang_xun,元,Fonts/my_fonts/03/char_0710.png
ouyang_xun_03,ouyang_xun,元,Fonts/my_fonts/03/char_0711.png
zhao_mengfu_04,zhao_mengfu,元,Fonts/my_fonts/04/char_0311.png
yan_zhenqing_07,yan_zhenqing,元,Fonts/my_fonts/07/char_0557.png
liu_gongquan_02,liu_gongquan,授,Fonts/my_fonts/02/char_0338.png
liu_gongquan_02,liu_gongquan,授,Fonts/my_fonts/02/char_0357.png
liu_gongquan_02,liu_gongquan,授,Fonts/my_fonts/02/char_0372.png
liu_gongquan_02,liu_gongquan,授,Fonts/my_fonts/02/char_0399.png
liu_gongquan_02,liu_gongquan,授,Fonts/my_fonts/02/char_0408.png
yan_zhenqing_07,yan_zhenqing,授,Fonts/my_fonts/07/char_0646.png
liu_gongquan_02,liu_gongquan,議,Fonts/my_fonts/02/char_0342.png
yan_zhenqing_07,yan_zhenqing,議,Fonts/my_fonts/07/char_0022.png
yan_zhenqing_07,yan_zhenqing,議,Fonts/my_fonts/07/char_0368.png
yan_zhenqing_07,yan_zhenqing,議,Fonts/my_fonts/07/char_1987.png
liu_gongquan_02,liu_gongquan,曹,Fonts/my_fonts/02/char_0364.png
liu_gongquan_02,liu_gongquan,曹,Fonts/my_fonts/02/char_0467.png
liu_gongquan_02,liu_gongquan,曹,Fonts/my_fonts/02/char_0701.png
liu_gongquan_02,liu_gongquan,曹,Fonts/my_fonts/02/char_1115.png
liu_gongquan_02,liu_gongquan,曹,Fonts/my_fonts/02/char_1400.png
shen_yinmo_08,shen_yinmo,曹,Fonts/my_fonts/08/char_0440.png
shen_yinmo_10,shen_yinmo,曹,Fonts/my_fonts/10/char_0450.png
liu_gongquan_02,liu_gongquan,兼,Fonts/my_fonts/02/char_0377.png
liu_gongquan_02,liu_gongquan,兼,Fonts/my_fonts/02/char_0388.png
liu_gongquan_02,liu_gongquan,兼,Fonts/my_fonts/02/char_0960.png
ouyang_xun_03,ouyang_xun,兼,Fonts/my_fonts/03/char_1085.png
yan_zhenqing_07,yan_zhenqing,兼,Fonts/my_fonts/07/char_1032.png
liu_gongquan_02,liu_gongquan,崇,Fonts/my_fonts/02/char_0420.png
liu_gongquan_02,liu_gongquan,崇,Fonts/my_fonts/02/char_0501.png
liu_gongquan_02,liu_gongquan,崇,Fonts/my_fonts/02/char_0541.png
liu_gongquan_02,liu_gongquan,崇,Fonts/my_fonts/02/char_1002.png
ouyang_xun_03,ouyang_xun,崇,Fonts/my_fonts/03/char_1038.png
zhao_mengfu_04,zhao_mengfu,崇,Fonts/my_fonts/04/char_0064.png
zhao_mengfu_04,zhao_mengfu,崇,Fonts/my_fonts/04/char_0432.png
yan_zhenqing_07,yan_zhenqing,崇,Fonts/my_fonts/07/char_0336.png
yan_zhenqing_07,yan_zhenqing,崇,Fonts/my_fonts/07/char_1228.png
yan_zhenqing_07,yan_zhenqing,崇,Fonts/my_fonts/07/char_1803.png
yan_zhenqing_07,yan_zhenqing,崇,Fonts/my_fonts/07/char_1869.png
liu_gongquan_02,liu_gongquan,館,Fonts/my_fonts/02/char_0422.png
liu_gongquan_02,liu_gongquan,館,Fonts/my_fonts/02/char_0435.png
liu_gongquan_02,liu_gongquan,館,Fonts/my_fonts/02/char_0505.png
liu_gongquan_02,liu_gongquan,館,Fonts/my_fonts/02/char_1004.png
zhao_mengfu_04,zhao_mengfu,館,Fonts/my_fonts/04/char_0434.png
liu_gongquan_02,liu_gongquan,廢,Fonts/my_fonts/02/char_0426.png
yan_zhenqing_07,yan_zhenqing,廢,Fonts/my_fonts/07/char_1458.png
liu_gongquan_02,liu_gongquan,徽,Fonts/my_fonts/02/char_0439.png
yu_shinan_06,yu_shinan,徽,Fonts/my_fonts/06/char_0060.png
yu_shinan_06,yu_shinan,徽,Fonts/my_fonts/06/char_0330.png
liu_gongquan_02,liu_gongquan,遷,Fonts/my_fonts/02/char_0466.png
liu_gongquan_02,liu_gongquan,遷,Fonts/my_fonts/02/char_0787.png
liu_gongquan_02,liu_gongquan,遷,Fonts/my_fonts/02/char_0925.png
liu_gongquan_02,liu_gongquan,遷,Fonts/my_fonts/02/char_0956.png
yan_zhenqing_07,yan_zhenqing,遷,Fonts/my_fonts/07/char_1053.png
liu_gongquan_02,liu_gongquan,部,Fonts/my_fonts/02/char_0488.png
liu_gongquan_02,liu_gongquan,部,Fonts/my_fonts/02/char_0509.png
liu_gongquan_02,liu_gongquan,部,Fonts/my_fonts/02/char_0722.png
yan_zhenqing_07,yan_zhenqing,部,Fonts/my_fonts/07/char_0028.png
yan_zhenqing_07,yan_zhenqing,部,Fonts/my_fonts/07/char_0779.png
yan_zhenqing_07,yan_zhenqing,部,Fonts/my_fonts/07/char_1008.png
yan_zhenqing_07,yan_zhenqing,部,Fonts/my_fonts/07/char_1084.png
yan_zhenqing_07,yan_zhenqing,部,Fonts/my_fonts/07/char_1090.png
yan_zhenqing_07,yan_zhenqing,部,Fonts/my_fonts/07/char_1099.png
yan_zhenqing_07,yan_zhenqing,部,Fonts/my_fonts/07/char_1386.png
liu_gongquan_02,liu_gongquan,質,Fonts/my_fonts/02/char_0604.png
liu_gongquan_02,liu_gongquan,質,Fonts/my_fonts/02/char_1205.png
ouyang_xun_03,ouyang_xun,質,Fonts/my_fonts/03/char_0944.png
ouyang_xun_03,ouyang_xun,質,Fonts/my_fonts/03/char_1068.png
yan_zhenqing_07,yan_zhenqing,質,Fonts/my_fonts/07/char_1676.png
liu_gongquan_02,liu_gongquan,代,Fonts/my_fonts/02/char_0606.png
liu_gongquan_02,liu_gongquan,代,Fonts/my_fonts/02/char_1570.png
ouyang_xun_03,ouyang_xun,代,Fonts/my_fonts/03/char_0349.png
ouyang_xun_03,ouyang_xun,代,Fonts/my_fonts/03/char_1065.png
yu_shinan_06,yu_shinan,代,Fonts/my_fonts/06/char_0055.png
liu_gongquan_02,liu_gongquan,奭,Fonts/my_fonts/02/char_0620.png
yan_zhenqing_07,yan_zhenqing,奭,Fonts/my_fonts/07/char_1332.png
liu_gongquan_02,liu_gongquan,順,Fonts/my_fonts/02/char_0643.png
liu_gongquan_02,liu_gongquan,順,Fonts/my_fonts/02/char_1386.png
liu_gongquan_02,liu_gongquan,順,Fonts/my_fonts/02/char_1543.png
yan_zhenqing_07,yan_zhenqing,順,Fonts/my_fonts/07/char_0703.png
liu_gongquan_02,liu_gongquan,疾,Fonts/my_fonts/02/char_0651.png
ouyang_xun_03,ouyang_xun,疾,Fonts/my_fonts/03/char_0279.png
ouyang_xun_03,ouyang_xun,疾,Fonts/my_fonts/03/char_0722.png
yan_zhenqing_07,yan_zhenqing,疾,Fonts/my_fonts/07/char_0246.png
liu_gongquan_02,liu_gongquan,棲,Fonts/my_fonts/02/char_0676.png
yu_shinan_06,yu_shinan,棲,Fonts/my_fonts/06/char_0251.png
liu_gongquan_02,liu_gongquan,泉,Fonts/my_fonts/02/char_0685.png
liu_gongquan_02,liu_gongquan,泉,Fonts/my_fonts/02/char_1130.png
liu_gongquan_02,liu_gongquan,泉,Fonts/my_fonts/02/char_1230.png
liu_gongquan_02,liu_gongquan,泉,Fonts/my_fonts/02/char_1261.png
ouyang_xun_03,ouyang_xun,泉,Fonts/my_fonts/03/char_0005.png
ouyang_xun_03,ouyang_xun,泉,Fonts/my_fonts/03/char_0165.png
ouyang_xun_03,ouyang_xun,泉,Fonts/my_fonts/03/char_0536.png
ouyang_xun_03,ouyang_xun,泉,Fonts/my_fonts/03/char_0651.png
ouyang_xun_03,ouyang_xun,泉,Fonts/my_fonts/03/char_0678.png
ouyang_xun_03,ouyang_xun,泉,Fonts/my_fonts/03/char_0695.png
ouyang_xun_03,ouyang_xun,泉,Fonts/my_fonts/03/char_0714.png
ouyang_xun_03,ouyang_xun,泉,Fonts/my_fonts/03/char_1027.png
yu_shinan_06,yu_shinan,泉,Fonts/my_fonts/06/char_0121.png
yu_shinan_06,yu_shinan,泉,Fonts/my_fonts/06/char_0184.png
liu_gongquan_02,liu_gongquan,甫,Fonts/my_fonts/02/char_0698.png
liu_gongquan_02,liu_gongquan,甫,Fonts/my_fonts/02/char_1463.png
yan_zhenqing_07,yan_zhenqing,甫,Fonts/my_fonts/07/char_0181.png
liu_gongquan_02,liu_gongquan,刺,Fonts/my_fonts/02/char_0708.png
liu_gongquan_02,liu_gongquan,刺,Fonts/my_fonts/02/char_0806.png
yan_zhenqing_07,yan_zhenqing,刺,Fonts/my_fonts/07/char_1001.png
liu_gongquan_02,liu_gongquan,辟,Fonts/my_fonts/02/char_0737.png
ouyang_xun_03,ouyang_xun,辟,Fonts/my_fonts/03/char_0750.png
liu_gongquan_02,liu_gongquan,進,Fonts/my_fonts/02/char_0755.png
liu_gongquan_02,liu_gongquan,進,Fonts/my_fonts/02/char_0760.png
liu_gongquan_02,liu_gongquan,進,Fonts/my_fonts/02/char_1119.png
yan_zhenqing_07,yan_zhenqing,進,Fonts/my_fonts/07/char_0230.png
yan_zhenqing_07,yan_zhenqing,進,Fonts/my_fonts/07/char_0839.png
liu_gongquan_02,liu_gongquan,員,Fonts/my_fonts/02/char_0764.png
yan_zhenqing_07,yan_zhenqing,員,Fonts/my_fonts/07/char_0029.png
liu_gongquan_02,liu_gongquan,判,Fonts/my_fonts/02/char_0780.png
liu_gongquan_02,liu_gongquan,判,Fonts/my_fonts/02/char_0817.png
liu_gongquan_02,liu_gongquan,判,Fonts/my_fonts/02/char_0910.png
liu_gongquan_02,liu_gongquan,判,Fonts/my_fonts/02/char_1056.png
liu_gongquan_02,liu_gongquan,判,Fonts/my_fonts/02/char_1185.png
liu_gongquan_02,liu_gongquan,判,Fonts/my_fonts/02/char_1324.png
yan_zhenqing_07,yan_zhenqing,判,Fonts/my_fonts/07/char_0024.png
yan_zhenqing_07,yan_zhenqing,判,Fonts/my_fonts/07/char_1996.png
liu_gongquan_02,liu_gongquan,掌,Fonts/my_fonts/02/char_0798.png
yan_zhenqing_07,yan_zhenqing,掌,Fonts/my_fonts/07/char_1513.png
yan_zhenqing_07,yan_zhenqing,掌,Fonts/my_fonts/07/char_1888.png
liu_gongquan_02,liu_gongquan,馬,Fonts/my_fonts/02/char_0861.png
liu_gongquan_02,liu_gongquan,馬,Fonts/my_fonts/02/char_1008.png
liu_gongquan_02,liu_gongquan,馬,Fonts/my_fonts/02/char_1030.png
liu_gongquan_02,liu_gongquan,馬,Fonts/my_fonts/02/char_1196.png
liu_gongquan_02,liu_gongquan,馬,Fonts/my_fonts/02/char_1247.png
liu_gongquan_02,liu_gongquan,馬,Fonts/my_fonts/02/char_1253.png
liu_gongquan_02,liu_gongquan,馬,Fonts/my_fonts/02/char_1341.png
liu_gongquan_02,liu_gongquan,馬,Fonts/my_fonts/02/char_1346.png
yu_shinan_06,yu_shinan,馬,Fonts/my_fonts/06/char_0074.png
liu_gongquan_02,liu_gongquan,衛,Fonts/my_fonts/02/char_0864.png
liu_gongquan_02,liu_gongquan,衛,Fonts/my_fonts/02/char_0866.png
liu_gongquan_02,liu_gongquan,衛,Fonts/my_fonts/02/char_0957.png
liu_gongquan_02,liu_gongquan,衛,Fonts/my_fonts/02/char_1421.png
shen_yinmo_08,shen_yinmo,衛,Fonts/my_fonts/08/char_0420.png
shen_yinmo_08,shen_yinmo,衛,Fonts/my_fonts/08/char_0480.png
shen_yinmo_10,shen_yinmo,衛,Fonts/my_fonts/10/char_0431.png
shen_yinmo_10,shen_yinmo,衛,Fonts/my_fonts/10/char_0489.png
liu_gongquan_02,liu_gongquan,翊,Fonts/my_fonts/02/char_0865.png
yan_zhenqing_07,yan_zhenqing,翊,Fonts/my_fonts/07/char_1307.png
liu_gongquan_02,liu_gongquan,潤,Fonts/my_fonts/02/char_0867.png
ouyang_xun_03,ouyang_xun,潤,Fonts/my_fonts/03/char_0528.png
ouyang_xun_03,ouyang_xun,潤,Fonts/my_fonts/03/char_0602.png
ouyang_xun_03,ouyang_xun,潤,Fonts/my_fonts/03/char_0999.png
liu_gongquan_02,liu_gongquan,詞,Fonts/my_fonts/02/char_0878.png
liu_gongquan_02,liu_gongquan,詞,Fonts/my_fonts/02/char_0999.png
liu_gongquan_02,liu_gongquan,詞,Fonts/my_fonts/02/char_1126.png
liu_gongquan_02,liu_gongquan,詞,Fonts/my_fonts/02/char_1495.png
ouyang_xun_03,ouyang_xun,詞,Fonts/my_fonts/03/char_0835.png
zhao_mengfu_04,zhao_mengfu,詞,Fonts/my_fonts/04/char_0389.png
liu_gongquan_02,liu_gongquan,風,Fonts/my_fonts/02/char_0881.png
ouyang_xun_03,ouyang_xun,風,Fonts/my_fonts/03/char_0142.png
ouyang_xun_03,ouyang_xun,風,Fonts/my_fonts/03/char_0269.png
yu_shinan_06,yu_shinan,風,Fonts/my_fonts/06/char_0090.png
yu_shinan_06,yu_shinan,風,Fonts/my_fonts/06/char_0156.png
shen_yinmo_08,shen_yinmo,風,Fonts/my_fonts/08/char_0512.png
shen_yinmo_10,shen_yinmo,風,Fonts/my_fonts/10/char_0522.png
liu_gongquan_02,liu_gongquan,度,Fonts/my_fonts/02/char_0909.png
liu_gongquan_02,liu_gongquan,度,Fonts/my_fonts/02/char_1153.png
zhao_mengfu_04,zhao_mengfu,度,Fonts/my_fonts/04/char_0070.png
zhao_mengfu_04,zhao_mengfu,度,Fonts/my_fonts/04/char_0470.png
yan_zhenqing_07,yan_zhenqing,度,Fonts/my_fonts/07/char_0689.png
yan_zhenqing_07,yan_zhenqing,度,Fonts/my_fonts/07/char_1058.png
shen_yinmo_09,shen_yinmo,度,Fonts/my_fonts/09/char_0029.png
liu_gongquan_02,liu_gongquan,偃,Fonts/my_fonts/02/char_0912.png
yu_shinan_06,yu_shinan,偃,Fonts/my_fonts/06/char_0173.png
yan_zhenqing_07,yan_zhenqing,偃,Fonts/my_fonts/07/char_1242.png
shen_yinmo_08,shen_yinmo,偃,Fonts/my_fonts/08/char_0054.png
shen_yinmo_10,shen_yinmo,偃,Fonts/my_fonts/10/char_0076.png
liu_gongquan_02,liu_gongquan,烈,Fonts/my_fonts/02/char_0918.png
yan_zhenqing_07,yan_zhenqing,烈,Fonts/my_fonts/07/char_0675.png
liu_gongquan_02,liu_gongquan,殺,Fonts/my_fonts/02/char_0934.png
ouyang_xun_03,ouyang_xun,殺,Fonts/my_fonts/03/char_0638.png
shen_yinmo_08,shen_yinmo,殺,Fonts/my_fonts/08/char_0034.png
shen_yinmo_10,shen_yinmo,殺,Fonts/my_fonts/10/char_0055.png
liu_gongquan_02,liu_gongquan,胤,Fonts/my_fonts/02/char_1014.png
yan_zhenqing_07,yan_zhenqing,胤,Fonts/my_fonts/07/char_0112.png
liu_gongquan_02,liu_gongquan,允,Fonts/my_fonts/02/char_1043.png
liu_gongquan_02,liu_gongquan,允,Fonts/my_fonts/02/char_1162.png
liu_gongquan_02,liu_gongquan,允,Fonts/my_fonts/02/char_1508.png
liu_gongquan_02,liu_gongquan,允,Fonts/my_fonts/02/char_1547.png
yu_shinan_06,yu_shinan,允,Fonts/my_fonts/06/char_0053.png
liu_gongquan_02,liu_gongquan,介,Fonts/my_fonts/02/char_1094.png
liu_gongquan_02,liu_gongquan,介,Fonts/my_fonts/02/char_1394.png
ouyang_xun_03,ouyang_xun,介,Fonts/my_fonts/03/char_0949.png
liu_gongquan_02,liu_gongquan,秀,Fonts/my_fonts/02/char_1127.png
yu_shinan_06,yu_shinan,秀,Fonts/my_fonts/06/char_0131.png
yan_zhenqing_07,yan_zhenqing,秀,Fonts/my_fonts/07/char_1582.png
liu_gongquan_02,liu_gongquan,憲,Fonts/my_fonts/02/char_1144.png
zhao_mengfu_04,zhao_mengfu,憲,Fonts/my_fonts/04/char_0036.png
liu_gongquan_02,liu_gongquan,薦,Fonts/my_fonts/02/char_1150.png
yan_zhenqing_07,yan_zhenqing,薦,Fonts/my_fonts/07/char_1824.png
liu_gongquan_02,liu_gongquan,延,Fonts/my_fonts/02/char_1173.png
ouyang_xun_03,ouyang_xun,延,Fonts/my_fonts/03/char_0116.png
ouyang_xun_03,ouyang_xun,延,Fonts/my_fonts/03/char_0743.png
zhao_mengfu_04,zhao_mengfu,延,Fonts/my_fonts/04/char_0436.png
liu_gongquan_02,liu_gongquan,郭,Fonts/my_fonts/02/char_1182.png
yu_shinan_06,yu_shinan,郭,Fonts/my_fonts/06/char_0181.png
liu_gongquan_02,liu_gongquan,江,Fonts/my_fonts/02/char_1187.png
liu_gongquan_02,liu_gongquan,江,Fonts/my_fonts/02/char_1362.png
liu_gongquan_02,liu_gongquan,江,Fonts/my_fonts/02/char_1406.png
zhao_mengfu_04,zhao_mengfu,江,Fonts/my_fonts/04/char_0481.png
yu_shinan_06,yu_shinan,江,Fonts/my_fonts/06/char_0127.png
shen_yinmo_08,shen_yinmo,江,Fonts/my_fonts/08/char_0431.png
shen_yinmo_10,shen_yinmo,江,Fonts/my_fonts/10/char_0441.png
liu_gongquan_02,liu_gongquan,陵,Fonts/my_fonts/02/char_1188.png
liu_gongquan_02,liu_gongquan,陵,Fonts/my_fonts/02/char_1407.png
zhao_mengfu_04,zhao_mengfu,陵,Fonts/my_fonts/04/char_0260.png
liu_gongquan_02,liu_gongquan,沒,Fonts/my_fonts/02/char_1227.png
yan_zhenqing_07,yan_zhenqing,沒,Fonts/my_fonts/07/char_0901.png
liu_gongquan_02,liu_gongquan,品,Fonts/my_fonts/02/char_1284.png
ouyang_xun_03,ouyang_xun,品,Fonts/my_fonts/03/char_0937.png
yan_zhenqing_07,yan_zhenqing,品,Fonts/my_fonts/07/char_0269.png
liu_gongquan_02,liu_gongquan,悟,Fonts/my_fonts/02/char_1333.png
zhao_mengfu_04,zhao_mengfu,悟,Fonts/my_fonts/04/char_0430.png
yan_zhenqing_07,yan_zhenqing,悟,Fonts/my_fonts/07/char_0203.png
yan_zhenqing_07,yan_zhenqing,悟,Fonts/my_fonts/07/char_0304.png
yan_zhenqing_07,yan_zhenqing,悟,Fonts/my_fonts/07/char_1185.png
yan_zhenqing_07,yan_zhenqing,悟,Fonts/my_fonts/07/char_1440.png
yan_zhenqing_07,yan_zhenqing,悟,Fonts/my_fonts/07/char_1575.png
yan_zhenqing_07,yan_zhenqing,悟,Fonts/my_fonts/07/char_1663.png
liu_gongquan_02,liu_gongquan,幹,Fonts/my_fonts/02/char_1387.png
yan_zhenqing_07,yan_zhenqing,幹,Fonts/my_fonts/07/char_0169.png
liu_gongquan_02,liu_gongquan,頌,Fonts/my_fonts/02/char_1415.png
ouyang_xun_03,ouyang_xun,頌,Fonts/my_fonts/03/char_0981.png
liu_gongquan_02,liu_gongquan,頂,Fonts/my_fonts/02/char_1420.png
yan_zhenqing_07,yan_zhenqing,頂,Fonts/my_fonts/07/char_0791.png
liu_gongquan_02,liu_gongquan,須,Fonts/my_fonts/02/char_1437.png
yan_zhenqing_07,yan_zhenqing,須,Fonts/my_fonts/07/char_1411.png
shen_yinmo_08,shen_yinmo,須,Fonts/my_fonts/08/char_0238.png
shen_yinmo_08,shen_yinmo,須,Fonts/my_fonts/08/char_0273.png
shen_yinmo_08,shen_yinmo,須,Fonts/my_fonts/08/char_0289.png
shen_yinmo_08,shen_yinmo,須,Fonts/my_fonts/08/char_0301.png
shen_yinmo_08,shen_yinmo,須,Fonts/my_fonts/08/char_0393.png
shen_yinmo_10,shen_yinmo,須,Fonts/my_fonts/10/char_0262.png
shen_yinmo_10,shen_yinmo,須,Fonts/my_fonts/10/char_0281.png
shen_yinmo_10,shen_yinmo,須,Fonts/my_fonts/10/char_0300.png
shen_yinmo_10,shen_yinmo,須,Fonts/my_fonts/10/char_0313.png
shen_yinmo_10,shen_yinmo,須,Fonts/my_fonts/10/char_0404.png
liu_gongquan_02,liu_gongquan,期,Fonts/my_fonts/02/char_1461.png
ouyang_xun_03,ouyang_xun,期,Fonts/my_fonts/03/char_0848.png
yan_zhenqing_07,yan_zhenqing,期,Fonts/my_fonts/07/char_0319.png
yan_zhenqing_07,yan_zhenqing,期,Fonts/my_fonts/07/char_0850.png
liu_gongquan_02,liu_gongquan,強,Fonts/my_fonts/02/char_1464.png
zhao_mengfu_04,zhao_mengfu,強,Fonts/my_fonts/04/char_0118.png
yan_zhenqing_07,yan_zhenqing,強,Fonts/my_fonts/07/char_0846.png
yan_zhenqing_07,yan_zhenqing,強,Fonts/my_fonts/07/char_1732.png
liu_gongquan_02,liu_gongquan,姓,Fonts/my_fonts/02/char_1486.png
ouyang_xun_03,ouyang_xun,姓,Fonts/my_fonts/03/char_0273.png
yan_zhenqing_07,yan_zhenqing,姓,Fonts/my_fonts/07/char_0096.png
liu_gongquan_02,liu_gongquan,略,Fonts/my_fonts/02/char_1487.png
shen_yinmo_10,shen_yinmo,略,Fonts/my_fonts/10/char_0038.png
liu_gongquan_02,liu_gongquan,損,Fonts/my_fonts/02/char_1526.png
ouyang_xun_03,ouyang_xun,損,Fonts/my_fonts/03/char_0374.png
ouyang_xun_03,ouyang_xun,損,Fonts/my_fonts/03/char_0377.png
liu_gongquan_02,liu_gongquan,勝,Fonts/my_fonts/02/char_1544.png
ouyang_xun_03,ouyang_xun,勝,Fonts/my_fonts/03/char_0160.png
yan_zhenqing_07,yan_zhenqing,勝,Fonts/my_fonts/07/char_1782.png
liu_gongquan_02,liu_gongquan,怡,Fonts/my_fonts/02/char_1545.png
ouyang_xun_03,ouyang_xun,怡,Fonts/my_fonts/03/char_0316.png
liu_gongquan_02,liu_gongquan,式,Fonts/my_fonts/02/char_1550.png
yan_zhenqing_07,yan_zhenqing,式,Fonts/my_fonts/07/char_0934.png
liu_gongquan_02,liu_gongquan,儒,Fonts/my_fonts/02/char_1566.png
zhao_mengfu_04,zhao_mengfu,儒,Fonts/my_fonts/04/char_0485.png
liu_gongquan_02,liu_gongquan,末,Fonts/my_fonts/02/char_1592.png
ouyang_xun_03,ouyang_xun,末,Fonts/my_fonts/03/char_0800.png
liu_gongquan_02,liu_gongquan,錫,Fonts/my_fonts/02/char_1594.png
ouyang_xun_03,ouyang_xun,錫,Fonts/my_fonts/03/char_0642.png
yu_shinan_06,yu_shinan,錫,Fonts/my_fonts/06/char_0056.png
yan_zhenqing_07,yan_zhenqing,錫,Fonts/my_fonts/07/char_1621.png
liu_gongquan_02,liu_gongquan,聿,Fonts/my_fonts/02/char_1602.png
yan_zhenqing_07,yan_zhenqing,聿,Fonts/my_fonts/07/char_0877.png
liu_gongquan_02,liu_gongquan,修,Fonts/my_fonts/02/char_1603.png
yu_shinan_06,yu_shinan,修,Fonts/my_fonts/06/char_0095.png
yan_zhenqing_07,yan_zhenqing,修,Fonts/my_fonts/07/char_0624.png
yan_zhenqing_07,yan_zhenqing,修,Fonts/my_fonts/07/char_1317.png
liu_gongquan_02,liu_gongquan,遺,Fonts/my_fonts/02/char_1634.png
ouyang_xun_03,ouyang_xun,遺,Fonts/my_fonts/03/char_0264.png
ouyang_xun_03,ouyang_xun,遺,Fonts/my_fonts/03/char_0823.png
yu_shinan_06,yu_shinan,遺,Fonts/my_fonts/06/char_0240.png
yan_zhenqing_07,yan_zhenqing,遺,Fonts/my_fonts/07/char_0211.png
shen_yinmo_08,shen_yinmo,遺,Fonts/my_fonts/08/char_0520.png
shen_yinmo_10,shen_yinmo,遺,Fonts/my_fonts/10/char_0527.png
ouyang_xun_03,ouyang_xun,撿,Fonts/my_fonts/03/char_0010.png
yan_zhenqing_07,yan_zhenqing,撿,Fonts/my_fonts/07/char_1982.png
yan_zhenqing_07,yan_zhenqing,撿,Fonts/my_fonts/07/char_2003.png
ouyang_xun_03,ouyang_xun,壑,Fonts/my_fonts/03/char_0055.png
yan_zhenqing_07,yan_zhenqing,壑,Fonts/my_fonts/07/char_1055.png
ouyang_xun_03,ouyang_xun,竦,Fonts/my_fonts/03/char_0064.png
zhao_mengfu_04,zhao_mengfu,竦,Fonts/my_fonts/04/char_0076.png
ouyang_xun_03,ouyang_xun,臺,Fonts/my_fonts/03/char_0078.png
ouyang_xun_03,ouyang_xun,臺,Fonts/my_fonts/03/char_0222.png
ouyang_xun_03,ouyang_xun,臺,Fonts/my_fonts/03/char_0507.png
yan_zhenqing_07,yan_zhenqing,臺,Fonts/my_fonts/07/char_1442.png
ouyang_xun_03,ouyang_xun,視,Fonts/my_fonts/03/char_0083.png
zhao_mengfu_04,zhao_mengfu,視,Fonts/my_fonts/04/char_0077.png
ouyang_xun_03,ouyang_xun,碧,Fonts/my_fonts/03/char_0101.png
yan_zhenqing_07,yan_zhenqing,碧,Fonts/my_fonts/07/char_1372.png
ouyang_xun_03,ouyang_xun,霞,Fonts/my_fonts/03/char_0107.png
yu_shinan_06,yu_shinan,霞,Fonts/my_fonts/06/char_0168.png
yu_shinan_06,yu_shinan,霞,Fonts/my_fonts/06/char_0259.png
ouyang_xun_03,ouyang_xun,窮,Fonts/my_fonts/03/char_0118.png
yan_zhenqing_07,yan_zhenqing,窮,Fonts/my_fonts/07/char_0243.png
yan_zhenqing_07,yan_zhenqing,窮,Fonts/my_fonts/07/char_1335.png
ouyang_xun_03,ouyang_xun,泰,Fonts/my_fonts/03/char_0119.png
ouyang_xun_03,ouyang_xun,泰,Fonts/my_fonts/03/char_0380.png
ouyang_xun_03,ouyang_xun,泰,Fonts/my_fonts/03/char_1024.png
yu_shinan_06,yu_shinan,泰,Fonts/my_fonts/06/char_0311.png
shen_yinmo_08,shen_yinmo,泰,Fonts/my_fonts/08/char_0374.png
shen_yinmo_10,shen_yinmo,泰,Fonts/my_fonts/10/char_0386.png
ouyang_xun_03,ouyang_xun,徐,Fonts/my_fonts/03/char_0143.png
yan_zhenqing_07,yan_zhenqing,徐,Fonts/my_fonts/07/char_0052.png
ouyang_xun_03,ouyang_xun,輪,Fonts/my_fonts/03/char_0221.png
yan_zhenqing_07,yan_zhenqing,輪,Fonts/my_fonts/07/char_0566.png
yan_zhenqing_07,yan_zhenqing,輪,Fonts/my_fonts/07/char_1800.png
ouyang_xun_03,ouyang_xun,咸,Fonts/my_fonts/03/char_0246.png
ouyang_xun_03,ouyang_xun,咸,Fonts/my_fonts/03/char_0456.png
ouyang_xun_03,ouyang_xun,咸,Fonts/my_fonts/03/char_0899.png
yan_zhenqing_07,yan_zhenqing,咸,Fonts/my_fonts/07/char_0345.png
yan_zhenqing_07,yan_zhenqing,咸,Fonts/my_fonts/07/char_0542.png
ouyang_xun_03,ouyang_xun,憂,Fonts/my_fonts/03/char_0276.png
ouyang_xun_03,ouyang_xun,憂,Fonts/my_fonts/03/char_1052.png
yu_shinan_06,yu_shinan,憂,Fonts/my_fonts/06/char_0241.png
ouyang_xun_03,ouyang_xun,滯,Fonts/my_fonts/03/char_0299.png
yan_zhenqing_07,yan_zhenqing,滯,Fonts/my_fonts/07/char_1838.png
ouyang_xun_03,ouyang_xun,固,Fonts/my_fonts/03/char_0334.png
ouyang_xun_03,ouyang_xun,固,Fonts/my_fonts/03/char_0759.png
zhao_mengfu_04,zhao_mengfu,固,Fonts/my_fonts/04/char_0285.png
ouyang_xun_03,ouyang_xun,葺,Fonts/my_fonts/03/char_0382.png
yan_zhenqing_07,yan_zhenqing,葺,Fonts/my_fonts/07/char_1220.png
ouyang_xun_03,ouyang_xun,雜,Fonts/my_fonts/03/char_0386.png
ouyang_xun_03,ouyang_xun,雜,Fonts/my_fonts/03/char_0957.png
yan_zhenqing_07,yan_zhenqing,雜,Fonts/my_fonts/07/char_0486.png
yan_zhenqing_07,yan_zhenqing,雜,Fonts/my_fonts/07/char_1900.png
shen_yinmo_08,shen_yinmo,雜,Fonts/my_fonts/08/char_0309.png
shen_yinmo_10,shen_yinmo,雜,Fonts/my_fonts/10/char_0321.png
ouyang_xun_03,ouyang_xun,塗,Fonts/my_fonts/03/char_0396.png
zhao_mengfu_04,zhao_mengfu,塗,Fonts/my_fonts/04/char_0333.png
ouyang_xun_03,ouyang_xun,泥,Fonts/my_fonts/03/char_0397.png
yan_zhenqing_07,yan_zhenqing,泥,Fonts/my_fonts/07/char_0860.png
ouyang_xun_03,ouyang_xun,砌,Fonts/my_fonts/03/char_0399.png
yan_zhenqing_07,yan_zhenqing,砌,Fonts/my_fonts/07/char_1301.png
ouyang_xun_03,ouyang_xun,鑒,Fonts/my_fonts/03/char_0416.png
ouyang_xun_03,ouyang_xun,鑒,Fonts/my_fonts/03/char_0598.png
yan_zhenqing_07,yan_zhenqing,鑒,Fonts/my_fonts/07/char_1201.png
ouyang_xun_03,ouyang_xun,源,Fonts/my_fonts/03/char_0467.png
yan_zhenqing_07,yan_zhenqing,源,Fonts/my_fonts/07/char_0388.png
ouyang_xun_03,ouyang_xun,粵,Fonts/my_fonts/03/char_0488.png
yan_zhenqing_07,yan_zhenqing,粵,Fonts/my_fonts/07/char_0056.png
ouyang_xun_03,ouyang_xun,朔,Fonts/my_fonts/03/char_0494.png
yan_zhenqing_07,yan_zhenqing,朔,Fonts/my_fonts/07/char_1974.png
ouyang_xun_03,ouyang_xun,覺,Fonts/my_fonts/03/char_0526.png
yan_zhenqing_07,yan_zhenqing,覺,Fonts/my_fonts/07/char_0124.png
ouyang_xun_03,ouyang_xun,檻,Fonts/my_fonts/03/char_0545.png
yan_zhenqing_07,yan_zhenqing,檻,Fonts/my_fonts/07/char_1274.png
ouyang_xun_03,ouyang_xun,鏡,Fonts/my_fonts/03/char_0553.png
ouyang_xun_03,ouyang_xun,鏡,Fonts/my_fonts/03/char_1011.png
yan_zhenqing_07,yan_zhenqing,鏡,Fonts/my_fonts/07/char_1490.png
yan_zhenqing_07,yan_zhenqing,鏡,Fonts/my_fonts/07/char_1946.png
ouyang_xun_03,ouyang_xun,味,Fonts/my_fonts/03/char_0554.png
shen_yinmo_09,shen_yinmo,味,Fonts/my_fonts/09/char_0103.png
ouyang_xun_03,ouyang_xun,注,Fonts/my_fonts/03/char_0559.png
yan_zhenqing_07,yan_zhenqing,注,Fonts/my_fonts/07/char_0213.png
yan_zhenqing_07,yan_zhenqing,注,Fonts/my_fonts/07/char_0392.png
ouyang_xun_03,ouyang_xun,渡,Fonts/my_fonts/03/char_0566.png
shen_yinmo_08,shen_yinmo,渡,Fonts/my_fonts/08/char_0430.png
shen_yinmo_10,shen_yinmo,渡,Fonts/my_fonts/10/char_0440.png
ouyang_xun_03,ouyang_xun,波,Fonts/my_fonts/03/char_0581.png
yan_zhenqing_07,yan_zhenqing,波,Fonts/my_fonts/07/char_0178.png
shen_yinmo_08,shen_yinmo,波,Fonts/my_fonts/08/char_0129.png
shen_yinmo_08,shen_yinmo,波,Fonts/my_fonts/08/char_0349.png
shen_yinmo_08,shen_yinmo,波,Fonts/my_fonts/08/char_0355.png
shen_yinmo_08,shen_yinmo,波,Fonts/my_fonts/08/char_0358.png
shen_yinmo_08,shen_yinmo,波,Fonts/my_fonts/08/char_0365.png
shen_yinmo_08,shen_yinmo,波,Fonts/my_fonts/08/char_0370.png
shen_yinmo_09,shen_yinmo,波,Fonts/my_fonts/09/char_0003.png
shen_yinmo_09,shen_yinmo,波,Fonts/my_fonts/09/char_0018.png
shen_yinmo_09,shen_yinmo,波,Fonts/my_fonts/09/char_0155.png
shen_yinmo_09,shen_yinmo,波,Fonts/my_fonts/09/char_0189.png
shen_yinmo_09,shen_yinmo,波,Fonts/my_fonts/09/char_0208.png
shen_yinmo_09,shen_yinmo,波,Fonts/my_fonts/09/char_0242.png
shen_yinmo_09,shen_yinmo,波,Fonts/my_fonts/09/char_0255.png
shen_yinmo_09,shen_yinmo,波,Fonts/my_fonts/09/char_0259.png
shen_yinmo_10,shen_yinmo,波,Fonts/my_fonts/10/char_0155.png
shen_yinmo_10,shen_yinmo,波,Fonts/my_fonts/10/char_0360.png
shen_yinmo_10,shen_yinmo,波,Fonts/my_fonts/10/char_0366.png
shen_yinmo_10,shen_yinmo,波,Fonts/my_fonts/10/char_0369.png
shen_yinmo_10,shen_yinmo,波,Fonts/my_fonts/10/char_0377.png
shen_yinmo_10,shen_yinmo,波,Fonts/my_fonts/10/char_0382.png
ouyang_xun_03,ouyang_xun,瑩,Fonts/my_fonts/03/char_0595.png
yan_zhenqing_07,yan_zhenqing,瑩,Fonts/my_fonts/07/char_0988.png
ouyang_xun_03,ouyang_xun,恩,Fonts/my_fonts/03/char_0608.png
yan_zhenqing_07,yan_zhenqing,恩,Fonts/my_fonts/07/char_0929.png
ouyang_xun_03,ouyang_xun,坤,Fonts/my_fonts/03/char_0626.png
zhao_mengfu_04,zhao_mengfu,坤,Fonts/my_fonts/04/char_0011.png
yan_zhenqing_07,yan_zhenqing,坤,Fonts/my_fonts/07/char_1295.png
ouyang_xun_03,ouyang_xun,應,Fonts/my_fonts/03/char_0681.png
ouyang_xun_03,ouyang_xun,應,Fonts/my_fonts/03/char_0945.png
yan_zhenqing_07,yan_zhenqing,應,Fonts/my_fonts/07/char_0013.png
yan_zhenqing_07,yan_zhenqing,應,Fonts/my_fonts/07/char_1105.png
yan_zhenqing_07,yan_zhenqing,應,Fonts/my_fonts/07/char_1797.png
ouyang_xun_03,ouyang_xun,純,Fonts/my_fonts/03/char_0686.png
yan_zhenqing_07,yan_zhenqing,純,Fonts/my_fonts/07/char_0638.png
ouyang_xun_03,ouyang_xun,沉,Fonts/my_fonts/03/char_0739.png
yan_zhenqing_07,yan_zhenqing,沉,Fonts/my_fonts/07/char_1557.png
ouyang_xun_03,ouyang_xun,休,Fonts/my_fonts/03/char_0768.png
ouyang_xun_03,ouyang_xun,休,Fonts/my_fonts/03/char_0770.png
ouyang_xun_03,ouyang_xun,休,Fonts/my_fonts/03/char_1034.png
ouyang_xun_03,ouyang_xun,休,Fonts/my_fonts/03/char_1036.png
yu_shinan_06,yu_shinan,休,Fonts/my_fonts/06/char_0318.png
ouyang_xun_03,ouyang_xun,徒,Fonts/my_fonts/03/char_0772.png
zhao_mengfu_04,zhao_mengfu,徒,Fonts/my_fonts/04/char_0127.png
zhao_mengfu_04,zhao_mengfu,徒,Fonts/my_fonts/04/char_0167.png
yan_zhenqing_07,yan_zhenqing,徒,Fonts/my_fonts/07/char_0688.png
yan_zhenqing_07,yan_zhenqing,徒,Fonts/my_fonts/07/char_1388.png
shen_yinmo_08,shen_yinmo,徒,Fonts/my_fonts/08/char_0484.png
shen_yinmo_10,shen_yinmo,徒,Fonts/my_fonts/10/char_0493.png
ouyang_xun_03,ouyang_xun,驗,Fonts/my_fonts/03/char_0783.png
yan_zhenqing_07,yan_zhenqing,驗,Fonts/my_fonts/07/char_0592.png
ouyang_xun_03,ouyang_xun,握,Fonts/my_fonts/03/char_0869.png
yan_zhenqing_07,yan_zhenqing,握,Fonts/my_fonts/07/char_1167.png
ouyang_xun_03,ouyang_xun,契,Fonts/my_fonts/03/char_0886.png
yan_zhenqing_07,yan_zhenqing,契,Fonts/my_fonts/07/char_1450.png
yan_zhenqing_07,yan_zhenqing,契,Fonts/my_fonts/07/char_1651.png
ouyang_xun_03,ouyang_xun,闢,Fonts/my_fonts/03/char_0890.png
zhao_mengfu_04,zhao_mengfu,闢,Fonts/my_fonts/04/char_0004.png
zhao_mengfu_04,zhao_mengfu,闢,Fonts/my_fonts/04/char_0466.png
ouyang_xun_03,ouyang_xun,襲,Fonts/my_fonts/03/char_0896.png
yan_zhenqing_07,yan_zhenqing,襲,Fonts/my_fonts/07/char_1622.png
ouyang_xun_03,ouyang_xun,鑿,Fonts/my_fonts/03/char_0917.png
yan_zhenqing_07,yan_zhenqing,鑿,Fonts/my_fonts/07/char_0857.png
ouyang_xun_03,ouyang_xun,變,Fonts/my_fonts/03/char_0943.png
yan_zhenqing_07,yan_zhenqing,變,Fonts/my_fonts/07/char_0969.png
yan_zhenqing_07,yan_zhenqing,變,Fonts/my_fonts/07/char_1057.png
ouyang_xun_03,ouyang_xun,響,Fonts/my_fonts/03/char_0952.png
yu_shinan_06,yu_shinan,響,Fonts/my_fonts/06/char_0123.png
ouyang_xun_03,ouyang_xun,赫,Fonts/my_fonts/03/char_0953.png
ouyang_xun_03,ouyang_xun,赫,Fonts/my_fonts/03/char_0954.png
zhao_mengfu_04,zhao_mengfu,赫,Fonts/my_fonts/04/char_0452.png
yan_zhenqing_07,yan_zhenqing,赫,Fonts/my_fonts/07/char_1262.png
yan_zhenqing_07,yan_zhenqing,赫,Fonts/my_fonts/07/char_1263.png
ouyang_xun_03,ouyang_xun,葳,Fonts/my_fonts/03/char_0961.png
yan_zhenqing_07,yan_zhenqing,葳,Fonts/my_fonts/07/char_1377.png
ouyang_xun_03,ouyang_xun,蕤,Fonts/my_fonts/03/char_0962.png
yan_zhenqing_07,yan_zhenqing,蕤,Fonts/my_fonts/07/char_1378.png
ouyang_xun_03,ouyang_xun,含,Fonts/my_fonts/03/char_0974.png
yan_zhenqing_07,yan_zhenqing,含,Fonts/my_fonts/07/char_1683.png
yan_zhenqing_07,yan_zhenqing,含,Fonts/my_fonts/07/char_1730.png
ouyang_xun_03,ouyang_xun,呈,Fonts/my_fonts/03/char_0978.png
zhao_mengfu_04,zhao_mengfu,呈,Fonts/my_fonts/04/char_0445.png
ouyang_xun_03,ouyang_xun,智,Fonts/my_fonts/03/char_0994.png
yan_zhenqing_07,yan_zhenqing,智,Fonts/my_fonts/07/char_1443.png
shen_yinmo_09,shen_yinmo,智,Fonts/my_fonts/09/char_0139.png
ouyang_xun_03,ouyang_xun,旨,Fonts/my_fonts/03/char_1006.png
yan_zhenqing_07,yan_zhenqing,旨,Fonts/my_fonts/07/char_0706.png
yan_zhenqing_07,yan_zhenqing,旨,Fonts/my_fonts/07/char_0930.png
ouyang_xun_03,ouyang_xun,凝,Fonts/my_fonts/03/char_1010.png
yu_shinan_06,yu_shinan,凝,Fonts/my_fonts/06/char_0315.png
shen_yinmo_08,shen_yinmo,凝,Fonts/my_fonts/08/char_0044.png
shen_yinmo_10,shen_yinmo,凝,Fonts/my_fonts/10/char_0066.png
ouyang_xun_03,ouyang_xun,般,Fonts/my_fonts/03/char_1043.png
shen_yinmo_09,shen_yinmo,般,Fonts/my_fonts/09/char_0001.png
shen_yinmo_09,shen_yinmo,般,Fonts/my_fonts/09/char_0016.png
shen_yinmo_09,shen_yinmo,般,Fonts/my_fonts/09/char_0153.png
shen_yinmo_09,shen_yinmo,般,Fonts/my_fonts/09/char_0187.png
shen_yinmo_09,shen_yinmo,般,Fonts/my_fonts/09/char_0206.png
shen_yinmo_09,shen_yinmo,般,Fonts/my_fonts/09/char_0240.png
ouyang_xun_03,ouyang_xun,遊,Fonts/my_fonts/03/char_1044.png
yu_shinan_06,yu_shinan,遊,Fonts/my_fonts/06/char_0150.png
yu_shinan_06,yu_shinan,遊,Fonts/my_fonts/06/char_0238.png
yan_zhenqing_07,yan_zhenqing,遊,Fonts/my_fonts/07/char_0159.png
yan_zhenqing_07,yan_zhenqing,遊,Fonts/my_fonts/07/char_0829.png
shen_yinmo_08,shen_yinmo,遊,Fonts/my_fonts/08/char_0433.png
shen_yinmo_10,shen_yinmo,遊,Fonts/my_fonts/10/char_0443.png
ouyang_xun_03,ouyang_xun,還,Fonts/my_fonts/03/char_1061.png
yu_shinan_06,yu_shinan,還,Fonts/my_fonts/06/char_0064.png
yan_zhenqing_07,yan_zhenqing,還,Fonts/my_fonts/07/char_1853.png
ouyang_xun_03,ouyang_xun,反,Fonts/my_fonts/03/char_1063.png
yan_zhenqing_07,yan_zhenqing,反,Fonts/my_fonts/07/char_1289.png
ouyang_xun_03,ouyang_xun,墜,Fonts/my_fonts/03/char_1072.png
shen_yinmo_10,shen_yinmo,墜,Fonts/my_fonts/10/char_0199.png
ouyang_xun_03,ouyang_xun,戒,Fonts/my_fonts/03/char_1075.png
yan_zhenqing_07,yan_zhenqing,戒,Fonts/my_fonts/07/char_1011.png
yan_zhenqing_07,yan_zhenqing,戒,Fonts/my_fonts/07/char_1678.png
zhao_mengfu_04,zhao_mengfu,鴻,Fonts/my_fonts/04/char_0007.png
yu_shinan_06,yu_shinan,鴻,Fonts/my_fonts/06/char_0028.png
yu_shinan_06,yu_shinan,鴻,Fonts/my_fonts/06/char_0227.png
zhao_mengfu_04,zhao_mengfu,乾,Fonts/my_fonts/04/char_0010.png
shen_yinmo_08,shen_yinmo,乾,Fonts/my_fonts/08/char_0041.png
shen_yinmo_10,shen_yinmo,乾,Fonts/my_fonts/10/char_0063.png
zhao_mengfu_04,zhao_mengfu,酉,Fonts/my_fonts/04/char_0025.png
shen_yinmo_09,shen_yinmo,酉,Fonts/my_fonts/09/char_0270.png
zhao_mengfu_04,zhao_mengfu,聯,Fonts/my_fonts/04/char_0044.png
yan_zhenqing_07,yan_zhenqing,聯,Fonts/my_fonts/07/char_0974.png
zhao_mengfu_04,zhao_mengfu,備,Fonts/my_fonts/04/char_0068.png
yan_zhenqing_07,yan_zhenqing,備,Fonts/my_fonts/07/char_0724.png
zhao_mengfu_04,zhao_mengfu,吳,Fonts/my_fonts/04/char_0082.png
zhao_mengfu_04,zhao_mengfu,吳,Fonts/my_fonts/04/char_0251.png
zhao_mengfu_04,zhao_mengfu,吳,Fonts/my_fonts/04/char_0489.png
yan_zhenqing_07,yan_zhenqing,吳,Fonts/my_fonts/07/char_1117.png
zhao_mengfu_04,zhao_mengfu,賜,Fonts/my_fonts/04/char_0089.png
yan_zhenqing_07,yan_zhenqing,賜,Fonts/my_fonts/07/char_0614.png
yan_zhenqing_07,yan_zhenqing,賜,Fonts/my_fonts/07/char_0736.png
yan_zhenqing_07,yan_zhenqing,賜,Fonts/my_fonts/07/char_1120.png
zhao_mengfu_04,zhao_mengfu,額,Fonts/my_fonts/04/char_0090.png
zhao_mengfu_04,zhao_mengfu,額,Fonts/my_fonts/04/char_0497.png
yan_zhenqing_07,yan_zhenqing,額,Fonts/my_fonts/07/char_0055.png
yan_zhenqing_07,yan_zhenqing,額,Fonts/my_fonts/07/char_0719.png
yan_zhenqing_07,yan_zhenqing,額,Fonts/my_fonts/07/char_0731.png
zhao_mengfu_04,zhao_mengfu,譬,Fonts/my_fonts/04/char_0106.png
yan_zhenqing_07,yan_zhenqing,譬,Fonts/my_fonts/07/char_1534.png
zhao_mengfu_04,zhao_mengfu,究,Fonts/my_fonts/04/char_0138.png
shen_yinmo_09,shen_yinmo,究,Fonts/my_fonts/09/char_0178.png
zhao_mengfu_04,zhao_mengfu,壬,Fonts/my_fonts/04/char_0157.png
yan_zhenqing_07,yan_zhenqing,壬,Fonts/my_fonts/07/char_1968.png
zhao_mengfu_04,zhao_mengfu,庀,Fonts/my_fonts/04/char_0166.png
yan_zhenqing_07,yan_zhenqing,庀,Fonts/my_fonts/07/char_0687.png
zhao_mengfu_04,zhao_mengfu,栱,Fonts/my_fonts/04/char_0179.png
yan_zhenqing_07,yan_zhenqing,栱,Fonts/my_fonts/07/char_1288.png
zhao_mengfu_04,zhao_mengfu,簷,Fonts/my_fonts/04/char_0180.png
yan_zhenqing_07,yan_zhenqing,簷,Fonts/my_fonts/07/char_1284.png
yan_zhenqing_07,yan_zhenqing,簷,Fonts/my_fonts/07/char_1821.png
zhao_mengfu_04,zhao_mengfu,牙,Fonts/my_fonts/04/char_0181.png
yan_zhenqing_07,yan_zhenqing,牙,Fonts/my_fonts/07/char_0163.png
zhao_mengfu_04,zhao_mengfu,層,Fonts/my_fonts/04/char_0185.png
yan_zhenqing_07,yan_zhenqing,層,Fonts/my_fonts/07/char_1788.png
zhao_mengfu_04,zhao_mengfu,銅,Fonts/my_fonts/04/char_0189.png
yan_zhenqing_07,yan_zhenqing,銅,Fonts/my_fonts/07/char_1122.png
zhao_mengfu_04,zhao_mengfu,輝,Fonts/my_fonts/04/char_0193.png
yan_zhenqing_07,yan_zhenqing,輝,Fonts/my_fonts/07/char_0759.png
yan_zhenqing_07,yan_zhenqing,輝,Fonts/my_fonts/07/char_1688.png
yan_zhenqing_07,yan_zhenqing,輝,Fonts/my_fonts/07/char_1944.png
zhao_mengfu_04,zhao_mengfu,敞,Fonts/my_fonts/04/char_0201.png
yan_zhenqing_07,yan_zhenqing,敞,Fonts/my_fonts/07/char_1266.png
zhao_mengfu_04,zhao_mengfu,關,Fonts/my_fonts/04/char_0225.png
zhao_mengfu_04,zhao_mengfu,關,Fonts/my_fonts/04/char_0325.png
yan_zhenqing_07,yan_zhenqing,關,Fonts/my_fonts/07/char_1484.png
zhao_mengfu_04,zhao_mengfu,衷,Fonts/my_fonts/04/char_0277.png
yan_zhenqing_07,yan_zhenqing,衷,Fonts/my_fonts/07/char_1191.png
zhao_mengfu_04,zhao_mengfu,側,Fonts/my_fonts/04/char_0294.png
shen_yinmo_08,shen_yinmo,側,Fonts/my_fonts/08/char_0256.png
shen_yinmo_10,shen_yinmo,側,Fonts/my_fonts/10/char_0283.png
zhao_mengfu_04,zhao_mengfu,昧,Fonts/my_fonts/04/char_0309.png
zhao_mengfu_04,zhao_mengfu,昧,Fonts/my_fonts/04/char_0409.png
yan_zhenqing_07,yan_zhenqing,昧,Fonts/my_fonts/07/char_0926.png
yan_zhenqing_07,yan_zhenqing,昧,Fonts/my_fonts/07/char_1438.png
zhao_mengfu_04,zhao_mengfu,迷,Fonts/my_fonts/04/char_0319.png
zhao_mengfu_04,zhao_mengfu,迷,Fonts/my_fonts/04/char_0450.png
yan_zhenqing_07,yan_zhenqing,迷,Fonts/my_fonts/07/char_1839.png
yan_zhenqing_07,yan_zhenqing,迷,Fonts/my_fonts/07/char_1911.png
zhao_mengfu_04,zhao_mengfu,奧,Fonts/my_fonts/04/char_0366.png
yu_shinan_06,yu_shinan,奧,Fonts/my_fonts/06/char_0140.png
yan_zhenqing_07,yan_zhenqing,奧,Fonts/my_fonts/07/char_1353.png
zhao_mengfu_04,zhao_mengfu,眾,Fonts/my_fonts/04/char_0376.png
yan_zhenqing_07,yan_zhenqing,眾,Fonts/my_fonts/07/char_0538.png
yan_zhenqing_07,yan_zhenqing,眾,Fonts/my_fonts/07/char_0792.png
yan_zhenqing_07,yan_zhenqing,眾,Fonts/my_fonts/07/char_1642.png
shen_yinmo_08,shen_yinmo,眾,Fonts/my_fonts/08/char_0495.png
shen_yinmo_10,shen_yinmo,眾,Fonts/my_fonts/10/char_0505.png
zhao_mengfu_04,zhao_mengfu,脫,Fonts/my_fonts/04/char_0423.png
yan_zhenqing_07,yan_zhenqing,脫,Fonts/my_fonts/07/char_1722.png
zhao_mengfu_04,zhao_mengfu,扃,Fonts/my_fonts/04/char_0424.png
yan_zhenqing_07,yan_zhenqing,扃,Fonts/my_fonts/07/char_1350.png
zhao_mengfu_04,zhao_mengfu,鐍,Fonts/my_fonts/04/char_0426.png
yan_zhenqing_07,yan_zhenqing,鐍,Fonts/my_fonts/07/char_1351.png
zhao_mengfu_04,zhao_mengfu,爾,Fonts/my_fonts/04/char_0456.png
zhao_mengfu_04,zhao_mengfu,爾,Fonts/my_fonts/04/char_0460.png
yu_shinan_06,yu_shinan,爾,Fonts/my_fonts/06/char_0249.png
yan_zhenqing_07,yan_zhenqing,爾,Fonts/my_fonts/07/char_0258.png
yan_zhenqing_07,yan_zhenqing,爾,Fonts/my_fonts/07/char_1229.png
yan_zhenqing_07,yan_zhenqing,爾,Fonts/my_fonts/07/char_1445.png
shen_yinmo_08,shen_yinmo,爾,Fonts/my_fonts/08/char_0504.png
shen_yinmo_10,shen_yinmo,爾,Fonts/my_fonts/10/char_0120.png
shen_yinmo_10,shen_yinmo,爾,Fonts/my_fonts/10/char_0513.png
zhao_mengfu_04,zhao_mengfu,提,Fonts/my_fonts/04/char_0487.png
shen_yinmo_09,shen_yinmo,提,Fonts/my_fonts/09/char_0149.png
shen_yinmo_09,shen_yinmo,提,Fonts/my_fonts/09/char_0203.png
shen_yinmo_09,shen_yinmo,提,Fonts/my_fonts/09/char_0265.png
yu_shinan_06,yu_shinan,乘,Fonts/my_fonts/06/char_0008.png
yan_zhenqing_07,yan_zhenqing,乘,Fonts/my_fonts/07/char_1383.png
yan_zhenqing_07,yan_zhenqing,乘,Fonts/my_fonts/07/char_1519.png
yan_zhenqing_07,yan_zhenqing,乘,Fonts/my_fonts/07/char_1765.png
yu_shinan_06,yu_shinan,贊,Fonts/my_fonts/06/char_0047.png
yan_zhenqing_07,yan_zhenqing,贊,Fonts/my_fonts/07/char_1346.png
yu_shinan_06,yu_shinan,憑,Fonts/my_fonts/06/char_0070.png
yan_zhenqing_07,yan_zhenqing,憑,Fonts/my_fonts/07/char_0500.png
yan_zhenqing_07,yan_zhenqing,憑,Fonts/my_fonts/07/char_0501.png
yu_shinan_06,yu_shinan,符,Fonts/my_fonts/06/char_0081.png
yan_zhenqing_07,yan_zhenqing,符,Fonts/my_fonts/07/char_0670.png
yan_zhenqing_07,yan_zhenqing,符,Fonts/my_fonts/07/char_1172.png
yu_shinan_06,yu_shinan,教,Fonts/my_fonts/06/char_0088.png
yan_zhenqing_07,yan_zhenqing,教,Fonts/my_fonts/07/char_1480.png
yan_zhenqing_07,yan_zhenqing,教,Fonts/my_fonts/07/char_1520.png
yan_zhenqing_07,yan_zhenqing,教,Fonts/my_fonts/07/char_1873.png
shen_yinmo_08,shen_yinmo,教,Fonts/my_fonts/08/char_0521.png
shen_yinmo_10,shen_yinmo,教,Fonts/my_fonts/10/char_0528.png
yu_shinan_06,yu_shinan,探,Fonts/my_fonts/06/char_0139.png
yan_zhenqing_07,yan_zhenqing,探,Fonts/my_fonts/07/char_0194.png
yu_shinan_06,yu_shinan,遍,Fonts/my_fonts/06/char_0149.png
yan_zhenqing_07,yan_zhenqing,遍,Fonts/my_fonts/07/char_0290.png
yu_shinan_06,yu_shinan,煙,Fonts/my_fonts/06/char_0170.png
yu_shinan_06,yu_shinan,煙,Fonts/my_fonts/06/char_0258.png
yan_zhenqing_07,yan_zhenqing,煙,Fonts/my_fonts/07/char_0890.png
yu_shinan_06,yu_shinan,夢,Fonts/my_fonts/06/char_0171.png
yan_zhenqing_07,yan_zhenqing,夢,Fonts/my_fonts/07/char_0121.png
yan_zhenqing_07,yan_zhenqing,夢,Fonts/my_fonts/07/char_0576.png
yan_zhenqing_07,yan_zhenqing,夢,Fonts/my_fonts/07/char_0595.png
yan_zhenqing_07,yan_zhenqing,夢,Fonts/my_fonts/07/char_0605.png
yan_zhenqing_07,yan_zhenqing,夢,Fonts/my_fonts/07/char_1795.png
shen_yinmo_09,shen_yinmo,夢,Fonts/my_fonts/09/char_0176.png
yu_shinan_06,yu_shinan,罕,Fonts/my_fonts/06/char_0239.png
yan_zhenqing_07,yan_zhenqing,罕,Fonts/my_fonts/07/char_1449.png
yu_shinan_06,yu_shinan,觸,Fonts/my_fonts/06/char_0242.png
shen_yinmo_09,shen_yinmo,觸,Fonts/my_fonts/09/char_0104.png
yu_shinan_06,yu_shinan,函,Fonts/my_fonts/06/char_0320.png
yan_zhenqing_07,yan_zhenqing,函,Fonts/my_fonts/07/char_1031.png
yan_zhenqing_07,yan_zhenqing,佛,Fonts/my_fonts/07/char_0010.png
yan_zhenqing_07,yan_zhenqing,佛,Fonts/my_fonts/07/char_0062.png
yan_zhenqing_07,yan_zhenqing,佛,Fonts/my_fonts/07/char_0069.png
yan_zhenqing_07,yan_zhenqing,佛,Fonts/my_fonts/07/char_0123.png
yan_zhenqing_07,yan_zhenqing,佛,Fonts/my_fonts/07/char_0571.png
yan_zhenqing_07,yan_zhenqing,佛,Fonts/my_fonts/07/char_0644.png
yan_zhenqing_07,yan_zhenqing,佛,Fonts/my_fonts/07/char_0803.png
yan_zhenqing_07,yan_zhenqing,佛,Fonts/my_fonts/07/char_1391.png
yan_zhenqing_07,yan_zhenqing,佛,Fonts/my_fonts/07/char_1510.png
yan_zhenqing_07,yan_zhenqing,佛,Fonts/my_fonts/07/char_1561.png
yan_zhenqing_07,yan_zhenqing,佛,Fonts/my_fonts/07/char_1736.png
yan_zhenqing_07,yan_zhenqing,佛,Fonts/my_fonts/07/char_1890.png
shen_yinmo_09,shen_yinmo,佛,Fonts/my_fonts/09/char_0185.png
yan_zhenqing_07,yan_zhenqing,程,Fonts/my_fonts/07/char_0097.png
shen_yinmo_08,shen_yinmo,程,Fonts/my_fonts/08/char_0337.png
shen_yinmo_10,shen_yinmo,程,Fonts/my_fonts/10/char_0348.png
yan_zhenqing_07,yan_zhenqing,總,Fonts/my_fonts/07/char_0208.png
yan_zhenqing_07,yan_zhenqing,總,Fonts/my_fonts/07/char_0721.png
yan_zhenqing_07,yan_zhenqing,總,Fonts/my_fonts/07/char_1522.png
shen_yinmo_08,shen_yinmo,總,Fonts/my_fonts/08/char_0281.png
shen_yinmo_10,shen_yinmo,總,Fonts/my_fonts/10/char_0292.png
yan_zhenqing_07,yan_zhenqing,僧,Fonts/my_fonts/07/char_0227.png
yan_zhenqing_07,yan_zhenqing,僧,Fonts/my_fonts/07/char_0722.png
yan_zhenqing_07,yan_zhenqing,僧,Fonts/my_fonts/07/char_0776.png
yan_zhenqing_07,yan_zhenqing,僧,Fonts/my_fonts/07/char_0876.png
yan_zhenqing_07,yan_zhenqing,僧,Fonts/my_fonts/07/char_1218.png
yan_zhenqing_07,yan_zhenqing,僧,Fonts/my_fonts/07/char_1809.png
yan_zhenqing_07,yan_zhenqing,僧,Fonts/my_fonts/07/char_2005.png
shen_yinmo_09,shen_yinmo,僧,Fonts/my_fonts/09/char_0261.png
yan_zhenqing_07,yan_zhenqing,界,Fonts/my_fonts/07/char_0293.png
yan_zhenqing_07,yan_zhenqing,界,Fonts/my_fonts/07/char_1496.png
yan_zhenqing_07,yan_zhenqing,界,Fonts/my_fonts/07/char_1555.png
yan_zhenqing_07,yan_zhenqing,界,Fonts/my_fonts/07/char_1755.png
shen_yinmo_09,shen_yinmo,界,Fonts/my_fonts/09/char_0108.png
shen_yinmo_09,shen_yinmo,界,Fonts/my_fonts/09/char_0114.png
yan_zhenqing_07,yan_zhenqing,淨,Fonts/my_fonts/07/char_0299.png
yan_zhenqing_07,yan_zhenqing,淨,Fonts/my_fonts/07/char_0423.png
yan_zhenqing_07,yan_zhenqing,淨,Fonts/my_fonts/07/char_1664.png
yan_zhenqing_07,yan_zhenqing,淨,Fonts/my_fonts/07/char_1749.png
yan_zhenqing_07,yan_zhenqing,淨,Fonts/my_fonts/07/char_1806.png
shen_yinmo_09,shen_yinmo,淨,Fonts/my_fonts/09/char_0076.png
yan_zhenqing_07,yan_zhenqing,香,Fonts/my_fonts/07/char_0508.png
yan_zhenqing_07,yan_zhenqing,香,Fonts/my_fonts/07/char_0545.png
yan_zhenqing_07,yan_zhenqing,香,Fonts/my_fonts/07/char_0889.png
yan_zhenqing_07,yan_zhenqing,香,Fonts/my_fonts/07/char_1123.png
yan_zhenqing_07,yan_zhenqing,香,Fonts/my_fonts/07/char_1926.png
shen_yinmo_09,shen_yinmo,香,Fonts/my_fonts/09/char_0102.png
yan_zhenqing_07,yan_zhenqing,喜,Fonts/my_fonts/07/char_0546.png
shen_yinmo_08,shen_yinmo,喜,Fonts/my_fonts/08/char_0441.png
shen_yinmo_10,shen_yinmo,喜,Fonts/my_fonts/10/char_0451.png
yan_zhenqing_07,yan_zhenqing,菩,Fonts/my_fonts/07/char_0842.png
yan_zhenqing_07,yan_zhenqing,菩,Fonts/my_fonts/07/char_1009.png
shen_yinmo_09,shen_yinmo,菩,Fonts/my_fonts/09/char_0012.png
shen_yinmo_09,shen_yinmo,菩,Fonts/my_fonts/09/char_0148.png
shen_yinmo_09,shen_yinmo,菩,Fonts/my_fonts/09/char_0202.png
shen_yinmo_09,shen_yinmo,菩,Fonts/my_fonts/09/char_0264.png
yan_zhenqing_07,yan_zhenqing,薩,Fonts/my_fonts/07/char_0843.png
yan_zhenqing_07,yan_zhenqing,薩,Fonts/my_fonts/07/char_1010.png
shen_yinmo_09,shen_yinmo,薩,Fonts/my_fonts/09/char_0013.png
shen_yinmo_09,shen_yinmo,薩,Fonts/my_fonts/09/char_0150.png
yan_zhenqing_07,yan_zhenqing,斷,Fonts/my_fonts/07/char_0892.png
yan_zhenqing_07,yan_zhenqing,斷,Fonts/my_fonts/07/char_1913.png
shen_yinmo_10,shen_yinmo,斷,Fonts/my_fonts/10/char_0279.png
yan_zhenqing_07,yan_zhenqing,預,Fonts/my_fonts/07/char_0956.png
shen_yinmo_08,shen_yinmo,預,Fonts/my_fonts/08/char_0048.png
shen_yinmo_10,shen_yinmo,預,Fonts/my_fonts/10/char_0070.png
yan_zhenqing_07,yan_zhenqing,鋒,Fonts/my_fonts/07/char_0972.png
shen_yinmo_08,shen_yinmo,鋒,Fonts/my_fonts/08/char_0139.png
shen_yinmo_10,shen_yinmo,鋒,Fonts/my_fonts/10/char_0167.png
yan_zhenqing_07,yan_zhenqing,算,Fonts/my_fonts/07/char_1061.png
shen_yinmo_08,shen_yinmo,算,Fonts/my_fonts/08/char_0080.png
shen_yinmo_10,shen_yinmo,算,Fonts/my_fonts/10/char_0101.png
yan_zhenqing_07,yan_zhenqing,狀,Fonts/my_fonts/07/char_1232.png
yan_zhenqing_07,yan_zhenqing,狀,Fonts/my_fonts/07/char_1422.png
shen_yinmo_08,shen_yinmo,狀,Fonts/my_fonts/08/char_0078.png
shen_yinmo_08,shen_yinmo,狀,Fonts/my_fonts/08/char_0247.png
shen_yinmo_10,shen_yinmo,狀,Fonts/my_fonts/10/char_0099.png
shen_yinmo_10,shen_yinmo,狀,Fonts/my_fonts/10/char_0271.png
yan_zhenqing_07,yan_zhenqing,蛇,Fonts/my_fonts/07/char_1318.png
shen_yinmo_08,shen_yinmo,蛇,Fonts/my_fonts/08/char_0250.png
shen_yinmo_10,shen_yinmo,蛇,Fonts/my_fonts/10/char_0274.png
yan_zhenqing_07,yan_zhenqing,岳,Fonts/my_fonts/07/char_1429.png
shen_yinmo_08,shen_yinmo,岳,Fonts/my_fonts/08/char_0475.png
yan_zhenqing_07,yan_zhenqing,已,Fonts/my_fonts/07/char_1514.png
yan_zhenqing_07,yan_zhenqing,已,Fonts/my_fonts/07/char_1610.png
yan_zhenqing_07,yan_zhenqing,已,Fonts/my_fonts/07/char_1786.png
shen_yinmo_08,shen_yinmo,已,Fonts/my_fonts/08/char_0351.png
shen_yinmo_08,shen_yinmo,已,Fonts/my_fonts/08/char_0385.png
shen_yinmo_10,shen_yinmo,已,Fonts/my_fonts/10/char_0362.png
shen_yinmo_10,shen_yinmo,已,Fonts/my_fonts/10/char_0397.png
yan_zhenqing_07,yan_zhenqing,峰,Fonts/my_fonts/07/char_1551.png
shen_yinmo_10,shen_yinmo,峰,Fonts/my_fonts/10/char_0198.png
yan_zhenqing_07,yan_zhenqing,昏,Fonts/my_fonts/07/char_1841.png
shen_yinmo_10,shen_yinmo,昏,Fonts/my_fonts/10/char_0329.png
yan_zhenqing_07,yan_zhenqing,乙,Fonts/my_fonts/07/char_1972.png
shen_yinmo_09,shen_yinmo,乙,Fonts/my_fonts/09/char_0269.png
